epoch,loss,seconds
1,1.01833437,2.1
2,0.96140854,3.9
3,0.86845893,5.7
4,0.71110367,7.6
5,0.54989490,9.4
6,0.48828307,11.2
7,0.45631912,13.1
8,0.43893355,14.9
9,0.42834505,16.7
10,0.43346998,18.5
11,0.42789795,20.4
12,0.41140588,22.1
13,0.40313148,24.0
14,0.40343965,25.8
15,0.39854125,27.6
16,0.40326082,29.6
17,0.39048808,31.4
18,0.40492790,33.3
19,0.39946780,35.2
20,0.37993879,37.0
21,0.36708724,38.8
22,0.34745719,40.7
23,0.39557848,42.5
24,0.36858413,44.3
25,0.35253088,46.2
26,0.36502370,48.0
27,0.39601741,49.8
28,0.32589671,51.6
29,0.34558637,53.5
30,0.33806236,55.3
31,0.31499233,57.1
32,0.29924049,58.9
33,0.29434845,60.7
34,0.31389796,62.5
35,0.27622805,64.4
36,0.27845503,66.2
37,0.25029233,68.0
38,0.24806195,69.8
39,0.23928450,71.6
40,0.22422887,73.4
41,0.23374143,75.2
42,0.22548667,77.0
43,0.23031547,78.8
44,0.23022686,80.6
45,0.20624379,82.4
46,0.19121784,84.1
47,0.21566632,85.9
48,0.18921162,87.7
49,0.17843890,89.5
50,0.18454357,91.3
51,0.18418971,93.1
52,0.18771162,94.9
53,0.17576627,96.7
54,0.17231054,98.5
55,0.16035494,100.3
56,0.15888270,102.1
57,0.16588289,103.9
58,0.16787578,105.7
59,0.14699656,107.4
60,0.15766386,109.3
61,0.14517568,111.0
62,0.13735197,112.8
63,0.13859521,114.6
64,0.13855009,116.4
65,0.13925973,118.2
66,0.14036711,120.0
67,0.13190579,121.8
68,0.13281676,123.6
69,0.12940484,125.3
70,0.13596274,127.1
71,0.12761217,128.9
72,0.12870213,130.7
73,0.12651125,132.5
74,0.12435233,134.3
75,0.12231751,136.1
76,0.12236073,137.9
77,0.12059635,139.7
78,0.12194566,141.5
79,0.11698305,143.3
80,0.11925912,145.1
81,0.11677759,146.9
82,0.11637027,148.8
83,0.12218726,150.6
84,0.11597215,152.4
85,0.12282173,154.1
86,0.11776261,155.9
87,0.11639729,157.7
88,0.11880268,159.5
89,0.11111967,161.3
90,0.11966420,163.1
91,0.11313297,164.9
92,0.11634776,166.7
93,0.11131758,168.5
94,0.11488134,170.2
95,0.11585094,172.1
96,0.11152631,173.8
97,0.11034289,175.6
98,0.11518874,177.4
99,0.10688394,179.2
100,0.11348442,181.0
101,0.10725425,182.8
102,0.10800632,184.6
103,0.10840717,186.4
104,0.10699289,188.1
105,0.10663403,189.9
106,0.10547846,191.7
107,0.10438077,193.5
108,0.10725947,195.3
109,0.10736930,197.1
110,0.10587698,198.9
111,0.10640759,200.6
112,0.10463614,202.4
113,0.10490459,204.2
114,0.10429307,206.0
115,0.10386615,207.8
116,0.10521601,209.6
117,0.10403767,211.5
118,0.10546792,213.3
119,0.10541057,215.1
120,0.10314429,216.9
121,0.10150225,218.8
122,0.10382736,220.7
123,0.10394988,222.5
124,0.10469740,224.3
125,0.10163202,226.2
126,0.10184698,227.9
127,0.10172799,229.7
128,0.10082632,231.5
129,0.10203403,233.4
130,0.10120117,235.2
131,0.10175759,237.0
132,0.10055487,238.8
133,0.10088463,240.7
134,0.09890043,242.5
135,0.09840570,244.3
136,0.10000183,246.1
137,0.10050704,247.9
138,0.10147766,249.8
139,0.09945203,251.6
140,0.09839011,253.4
141,0.09868588,255.2
142,0.10290767,257.0
143,0.09838360,258.7
144,0.09807862,260.5
145,0.09810545,262.3
146,0.10034626,264.1
147,0.09842134,265.9
148,0.09798687,267.7
149,0.09989597,269.5
150,0.09828172,271.2
151,0.09820911,273.0
152,0.09625059,274.8
153,0.09823202,276.6
154,0.09685124,278.4
155,0.09670184,280.2
156,0.09841598,282.0
157,0.09894290,283.8
158,0.09594977,285.6
159,0.09621448,287.5
160,0.09517873,289.3
161,0.09643766,291.1
162,0.09624491,292.9
163,0.09597425,294.8
164,0.09643597,296.6
165,0.09562969,298.4
166,0.09406196,300.2
167,0.09544281,302.0
168,0.09375429,303.8
169,0.09636801,305.6
170,0.09326390,307.4
171,0.09340595,309.2
172,0.09370820,310.9
173,0.09399247,312.7
174,0.09395636,314.5
175,0.09333119,316.3
176,0.09209624,318.1
177,0.09376735,319.9
178,0.09243268,321.6
179,0.09356216,323.4
180,0.09303433,325.2
181,0.09141585,327.0
182,0.09286133,328.8
183,0.09236665,330.6
184,0.09248408,332.5
185,0.09282202,334.3
186,0.09142929,336.1
187,0.09105819,337.9
188,0.09143705,339.8
189,0.09056777,341.6
190,0.09001177,343.5
191,0.09179358,345.3
192,0.09100446,347.2
193,0.08868172,349.0
194,0.08864099,350.9
195,0.08916445,352.7
196,0.08902416,354.6
197,0.08800221,356.4
198,0.08815272,358.2
199,0.08793859,360.1
200,0.08729967,361.9
201,0.08826506,363.7
202,0.08964569,365.5
203,0.08717701,367.3
204,0.08907930,369.1
205,0.08773633,370.8
206,0.08835562,372.6
207,0.08713245,374.4
208,0.08532999,376.2
209,0.08665740,378.0
210,0.08618228,379.8
211,0.08629460,381.6
212,0.08735866,383.4
213,0.08498211,385.2
214,0.08442345,387.0
215,0.08395803,388.9
216,0.08535036,390.7
217,0.08369146,392.6
218,0.08362114,394.6
219,0.08501892,396.4
220,0.08215531,398.2
221,0.08258112,400.0
222,0.08350990,401.9
223,0.08302974,403.7
224,0.08226608,405.5
225,0.08483043,407.3
226,0.08101514,409.2
227,0.08121386,411.0
228,0.08217685,412.8
229,0.08136303,414.6
230,0.08087395,416.5
231,0.08111822,418.3
232,0.08067210,420.1
233,0.07989160,422.0
234,0.07997835,423.9
235,0.08056282,425.7
236,0.07885321,427.5
237,0.07924586,429.4
238,0.07792512,431.3
239,0.07712885,433.0
240,0.07697239,434.8
241,0.07775400,436.6
242,0.07797540,438.4
243,0.07700682,440.2
244,0.07688970,442.0
245,0.07573781,443.8
246,0.07739815,445.6
247,0.07576173,447.3
248,0.07491050,449.1
249,0.07390601,450.9
250,0.07453977,452.7
251,0.07359056,454.5
252,0.07391864,456.3
253,0.07415068,458.1
254,0.07324541,459.9
255,0.07249956,461.7
256,0.07300318,463.5
257,0.07226398,465.3
258,0.07135713,467.1
259,0.07230850,468.9
260,0.07152791,470.6
261,0.07146158,472.4
262,0.07071033,474.2
263,0.06968579,476.0
264,0.06920331,477.8
265,0.06998274,479.6
266,0.07092833,481.4
267,0.06786674,483.2
268,0.06886674,485.0
269,0.06884033,486.9
270,0.06684234,488.7
271,0.06697634,490.5
272,0.06690972,492.4
273,0.06578975,494.2
274,0.06586864,496.0
275,0.06499903,497.9
276,0.06469613,499.8
277,0.06333955,501.6
278,0.06308177,503.4
279,0.06374860,505.3
280,0.06174044,507.0
281,0.06284905,508.9
282,0.06218646,510.7
283,0.06158869,512.5
284,0.06121545,514.3
285,0.06242019,516.1
286,0.05938304,517.9
287,0.05851800,519.7
288,0.05705263,521.5
289,0.05785184,523.3
290,0.05677062,525.0
291,0.05664278,526.9
292,0.05769087,528.7
293,0.05638631,530.5
294,0.05459484,532.4
295,0.05507940,534.2
296,0.05407460,535.9
297,0.05269573,537.7
298,0.05439431,539.5
299,0.05279085,541.3
300,0.05354240,543.2
301,0.05230192,545.0
302,0.05213012,546.8
303,0.04955240,548.6
304,0.04981365,550.4
305,0.04895520,552.2
306,0.04718474,554.0
307,0.04751634,555.8
308,0.04665173,557.5
309,0.04493627,559.4
310,0.04368883,561.2
311,0.04364224,563.0
312,0.04341897,564.8
313,0.04176798,566.6
314,0.03999972,568.4
315,0.04319876,570.3
316,0.04074674,572.1
317,0.04181859,573.9
318,0.04198464,575.7
319,0.04098002,577.5
320,0.03938137,579.4
321,0.03930574,581.3
322,0.03680656,583.1
323,0.03702385,584.8
324,0.03555645,586.6
325,0.03511127,588.4
326,0.03748752,590.2
327,0.03582745,592.0
328,0.03822039,593.8
329,0.03683160,595.6
330,0.03517424,597.3
331,0.03297188,599.1
332,0.03260126,600.9
333,0.03433492,602.7
334,0.03291140,604.5
335,0.03509467,606.3
336,0.03156682,608.1
337,0.03233512,609.9
338,0.03259760,611.6
339,0.03249654,613.4
340,0.03172239,615.2
341,0.03008765,617.0
342,0.03170856,618.8
343,0.03303946,620.6
344,0.02991895,622.4
345,0.02847583,624.2
346,0.03026538,626.0
347,0.02780531,627.8
348,0.02924664,629.5
349,0.02890961,631.3
350,0.02812184,633.1
351,0.03181932,634.9
352,0.02827868,636.7
353,0.02906401,638.5
354,0.03100689,640.2
355,0.02832486,642.0
356,0.02696923,643.8
357,0.02716176,645.7
358,0.02744082,647.5
359,0.02834683,649.2
360,0.02496586,651.0
361,0.02578050,652.8
362,0.02777322,654.6
363,0.02521946,656.4
364,0.02568200,658.2
365,0.02749219,660.0
366,0.02965272,661.8
367,0.02799139,663.5
368,0.02678176,665.3
369,0.02611321,667.1
370,0.02454355,668.9
371,0.02581910,670.7
372,0.02516578,672.5
373,0.02445137,674.3
374,0.02475926,676.1
375,0.02476588,677.9
376,0.02792965,679.6
377,0.02542993,681.4
378,0.02532781,683.2
379,0.02375646,685.0
380,0.02322942,686.9
381,0.02247258,688.7
382,0.02361023,690.6
383,0.02279069,692.4
384,0.02240326,694.2
385,0.02275632,696.2
386,0.02317828,698.0
387,0.02207705,699.8
388,0.02273221,701.6
389,0.02233402,703.4
390,0.02393310,705.2
391,0.02332665,707.0
392,0.02204957,708.8
393,0.02373296,710.6
394,0.02368209,712.4
395,0.02335924,714.2
396,0.02091423,716.1
397,0.02066768,717.9
398,0.02244016,719.7
399,0.02293773,721.6
400,0.02062931,723.3
401,0.02084267,725.1
402,0.02152548,726.9
403,0.02071363,728.7
404,0.02103488,730.5
405,0.02111083,732.3
406,0.02040222,734.1
407,0.01892587,735.9
408,0.01922538,737.7
409,0.01979776,739.5
410,0.01999436,741.3
411,0.02038890,743.0
412,0.02076923,744.8
413,0.01975686,746.7
414,0.01933293,748.5
415,0.01853983,750.3
416,0.01929579,752.2
417,0.01863647,754.0
418,0.01915290,755.8
419,0.01990442,757.6
420,0.01894494,759.5
421,0.01894561,761.3
422,0.01721281,763.1
423,0.01888198,765.0
424,0.01761913,766.8
425,0.01809156,768.7
426,0.01764009,770.5
427,0.01765541,772.3
428,0.01873774,774.1
429,0.01842860,775.8
430,0.01740848,777.6
431,0.01721430,779.4
432,0.01691156,781.2
433,0.01697613,783.0
434,0.01655381,784.8
435,0.01820701,786.6
436,0.01842189,788.4
437,0.01696042,790.2
438,0.01675425,792.0
439,0.01763966,793.8
440,0.01648054,795.6
441,0.01826591,797.4
442,0.01702934,799.2
443,0.01655046,801.1
444,0.01556576,802.9
445,0.01615369,804.7
446,0.01722804,806.6
447,0.01597203,808.4
448,0.01572244,810.2
449,0.01556771,812.1
450,0.01464782,813.9
451,0.01556129,815.7
452,0.01476428,817.5
453,0.01549913,819.4
454,0.01517400,821.2
455,0.01416007,823.0
456,0.01537459,824.9
457,0.01671390,826.6
458,0.01554338,828.4
459,0.01461849,830.2
460,0.01566009,832.0
461,0.01411519,833.8
462,0.01544069,835.6
463,0.01310110,837.5
464,0.01473564,839.3
465,0.01277884,841.2
466,0.01440540,843.1
467,0.01409046,844.9
468,0.01373932,846.7
469,0.01316912,848.6
470,0.01478111,850.4
471,0.01434003,852.2
472,0.01274997,854.0
473,0.01260864,855.9
474,0.01291019,857.7
475,0.01372815,859.5
476,0.01294202,861.3
477,0.01365291,863.2
478,0.01316792,865.0
479,0.01295317,866.8
480,0.01267293,868.6
481,0.01344330,870.5
482,0.01278668,872.3
483,0.01234984,874.1
484,0.01383879,876.0
485,0.01334217,877.9
486,0.01225145,879.7
487,0.01326356,881.6
488,0.01256436,883.4
489,0.01138631,885.3
490,0.01302427,887.1
491,0.01249317,888.9
492,0.01189648,890.7
493,0.01403368,892.6
494,0.01166655,894.4
495,0.01158670,896.2
496,0.01244368,898.0
497,0.01246318,899.9
498,0.01154609,901.7
499,0.01145666,903.5
500,0.01162153,905.3
501,0.01123935,907.2
502,0.01166831,909.0
503,0.01139611,910.8
504,0.01132355,912.6
505,0.01080322,914.4
506,0.01106593,916.2
507,0.01090793,918.0
508,0.01143699,919.9
509,0.01138900,921.7
510,0.01085980,923.5
511,0.01089533,925.2
512,0.01299170,927.0
513,0.01075440,928.8
514,0.01036329,930.7
515,0.01053069,932.4
516,0.00997657,934.2
517,0.01213060,936.1
518,0.01161789,937.9
519,0.01095846,939.7
520,0.01214463,941.5
521,0.01085447,943.3
522,0.00943068,945.1
523,0.01036226,946.8
524,0.00998200,948.6
525,0.01016533,950.4
526,0.00986266,952.2
527,0.00964325,954.0
528,0.01046194,955.8
529,0.01082327,957.6
530,0.00968283,959.3
531,0.00955139,961.1
532,0.01070261,962.9
533,0.00945932,964.7
534,0.00975397,966.5
535,0.00944462,968.3
536,0.01029665,970.1
537,0.00953391,971.9
538,0.01023814,973.7
539,0.01069084,975.4
540,0.00932298,977.2
541,0.00910426,979.0
542,0.00981761,980.8
543,0.00884055,982.6
544,0.00869097,984.4
545,0.00935004,986.2
546,0.00892807,988.0
547,0.00975185,989.8
548,0.00886347,991.5
549,0.00882234,993.4
550,0.00881076,995.1
551,0.00902166,996.9
552,0.00982936,998.7
553,0.00872973,1000.5
554,0.00906202,1002.3
555,0.00853089,1004.1
556,0.00855196,1005.9
557,0.00945791,1007.7
558,0.00878047,1009.4
559,0.00918793,1011.2
560,0.00891261,1013.0
561,0.00966089,1014.9
562,0.00801456,1016.7
563,0.00901039,1018.5
564,0.00837168,1020.3
565,0.00866432,1022.2
566,0.00816604,1024.0
567,0.00823611,1025.8
568,0.00845182,1027.5
569,0.00790446,1029.3
570,0.00898843,1031.1
571,0.00807084,1032.9
572,0.00852283,1034.7
573,0.00813698,1036.5
574,0.00970513,1038.2
575,0.00869536,1040.0
576,0.00922242,1041.8
577,0.00809969,1043.6
578,0.00779453,1045.4
579,0.00830792,1047.2
580,0.00790692,1049.0
581,0.00699776,1050.9
582,0.00797726,1052.8
583,0.00763787,1054.6
584,0.00754473,1056.4
585,0.00741643,1058.3
586,0.00799980,1060.1
587,0.00804097,1061.9
588,0.00777484,1063.7
589,0.00833720,1065.6
590,0.00963470,1067.4
591,0.00772300,1069.2
592,0.00743222,1071.0
593,0.00827342,1072.8
594,0.00708091,1074.6
595,0.00755611,1076.4
596,0.00806486,1078.2
597,0.00875955,1080.0
598,0.00745060,1081.7
599,0.00695683,1083.5
600,0.00686373,1085.3
601,0.00668111,1087.1
602,0.00706208,1088.9
603,0.00794371,1090.7
604,0.00779700,1092.5
605,0.00768740,1094.3
606,0.00694990,1096.1
607,0.00760992,1098.0
608,0.00706422,1099.8
609,0.00958163,1101.6
610,0.00733797,1103.4
611,0.00763924,1105.3
612,0.00714779,1107.1
613,0.00722167,1108.9
614,0.00732887,1110.7
615,0.00924334,1112.5
616,0.00761636,1114.4
617,0.00696070,1116.2
618,0.00681155,1118.0
619,0.00692448,1119.9
620,0.00710805,1121.7
621,0.00654840,1123.5
622,0.00667860,1125.3
623,0.00643491,1127.0
624,0.00743114,1128.9
625,0.00721687,1130.7
626,0.00695809,1132.5
627,0.00697683,1134.4
628,0.00674154,1136.2
629,0.00713041,1137.9
630,0.00688051,1139.7
631,0.00731220,1141.5
632,0.00685364,1143.3
633,0.00669311,1145.1
634,0.00647248,1146.8
635,0.00651868,1148.6
636,0.00663904,1150.4
637,0.00704238,1152.2
638,0.00636073,1154.0
639,0.00657933,1155.8
640,0.00718904,1157.6
641,0.00668327,1159.4
642,0.00717036,1161.2
643,0.00645538,1163.0
644,0.00648296,1164.7
645,0.00667273,1166.6
646,0.00664474,1168.4
647,0.00644303,1170.2
648,0.00608582,1172.0
649,0.00670692,1173.8
650,0.00676426,1175.6
651,0.00737800,1177.4
652,0.00730166,1179.3
653,0.00719484,1181.1
654,0.00672943,1182.9
655,0.00681857,1184.7
656,0.00677808,1186.6
657,0.00624746,1188.4
658,0.00607472,1190.2
659,0.00578168,1192.1
660,0.00610421,1193.9
661,0.00711670,1195.7
662,0.00638096,1197.5
663,0.00576385,1199.4
664,0.00687946,1201.2
665,0.00625835,1203.0
666,0.00633441,1204.8
667,0.00681722,1206.7
668,0.00684993,1208.5
669,0.00618195,1210.3
670,0.00559086,1212.1
671,0.00574567,1214.0
672,0.00650306,1215.8
673,0.00606691,1217.6
674,0.00631575,1219.4
675,0.00566511,1221.2
676,0.00582186,1223.0
677,0.00622084,1224.8
678,0.00656268,1226.6
679,0.00649449,1228.4
680,0.00688626,1230.2
681,0.00612282,1231.9
682,0.00599039,1233.7
683,0.00575849,1235.5
684,0.00588763,1237.3
685,0.00561454,1239.1
686,0.00585978,1240.9
687,0.00728143,1242.7
688,0.00590609,1244.4
689,0.00583576,1246.2
690,0.00649238,1248.0
691,0.00553315,1249.8
692,0.00541874,1251.6
693,0.00595736,1253.4
694,0.00596793,1255.2
695,0.00548355,1256.9
696,0.00606776,1258.7
697,0.00569066,1260.5
698,0.00568158,1262.3
699,0.00596361,1264.1
700,0.00595670,1266.0
701,0.00582593,1267.8
702,0.00549927,1269.6
703,0.00548844,1271.5
704,0.00564680,1273.3
705,0.00569600,1275.0
706,0.00573698,1276.8
707,0.00580345,1278.6
708,0.00520316,1280.4
709,0.00596437,1282.2
710,0.00564743,1284.0
711,0.00652402,1285.7
712,0.00591667,1287.5
713,0.00507434,1289.3
714,0.00546216,1291.1
715,0.00554682,1292.9
716,0.00578009,1294.7
717,0.00619169,1296.5
718,0.00557878,1298.3
719,0.00663684,1300.0
720,0.00567932,1301.8
721,0.00503309,1303.6
722,0.00469541,1305.4
723,0.00541683,1307.3
724,0.00561782,1309.0
725,0.00510973,1310.8
726,0.00534100,1312.6
727,0.00570527,1314.4
728,0.00537667,1316.2
729,0.00538756,1317.9
730,0.00575833,1319.7
731,0.00506015,1321.5
732,0.00504697,1323.3
733,0.00580439,1325.1
734,0.00563278,1326.9
735,0.00554926,1328.6
736,0.00568060,1330.4
737,0.00530569,1332.2
738,0.00529039,1334.0
739,0.00554838,1335.8
740,0.00482767,1337.6
741,0.00508308,1339.4
742,0.00512695,1341.2
743,0.00529776,1343.0
744,0.00521548,1344.8
745,0.00516169,1346.6
746,0.00660641,1348.4
747,0.00495741,1350.2
748,0.00488849,1352.0
749,0.00532032,1353.7
750,0.00570215,1355.5
751,0.00526549,1357.4
752,0.00514227,1359.2
753,0.00482572,1361.0
754,0.00473291,1362.8
755,0.00495957,1364.7
756,0.00545006,1366.5
757,0.00460495,1368.3
758,0.00497712,1370.1
759,0.00605383,1372.0
760,0.00490524,1373.8
761,0.00517983,1375.7
762,0.00474772,1377.5
763,0.00486309,1379.3
764,0.00528485,1381.1
765,0.00510154,1382.9
766,0.00478992,1384.7
767,0.00478772,1386.5
768,0.00533675,1388.3
769,0.00456538,1390.1
770,0.00498242,1392.0
771,0.00639285,1393.8
772,0.00557966,1395.6
773,0.00481769,1397.4
774,0.00457869,1399.2
775,0.00472948,1401.0
776,0.00427046,1402.8
777,0.00511651,1404.6
778,0.00524652,1406.4
779,0.00449800,1408.2
780,0.00446151,1410.0
781,0.00435442,1411.7
782,0.00441354,1413.5
783,0.00454528,1415.3
784,0.00473018,1417.1
785,0.00587519,1419.0
786,0.00501980,1420.8
787,0.00507775,1422.6
788,0.00446830,1424.4
789,0.00421169,1426.2
790,0.00428408,1428.0
791,0.00490924,1429.7
792,0.00398983,1431.5
793,0.00527349,1433.3
794,0.00485113,1435.1
795,0.00432923,1436.9
796,0.00478026,1438.7
797,0.00527699,1440.4
798,0.00485999,1442.3
799,0.00439986,1444.1
800,0.00420532,1445.9
801,0.00468685,1447.7
802,0.00419926,1449.5
803,0.00455167,1451.2
804,0.00451857,1453.0
805,0.00541484,1454.8
806,0.00461915,1456.6
807,0.00436101,1458.4
808,0.00438150,1460.2
809,0.00428272,1461.9
810,0.00428670,1463.7
811,0.00468340,1465.6
812,0.00457429,1467.4
813,0.00454979,1469.1
814,0.00506566,1470.9
815,0.00433254,1472.7
816,0.00489151,1474.5
817,0.00442583,1476.3
818,0.00408881,1478.0
819,0.00426064,1479.8
820,0.00420442,1481.6
821,0.00495633,1483.4
822,0.00434638,1485.2
823,0.00410013,1487.0
824,0.00445270,1488.8
825,0.00396680,1490.5
826,0.00414499,1492.3
827,0.00421377,1494.1
828,0.00387723,1495.9
829,0.00396567,1497.7
830,0.00377800,1499.5
831,0.00438193,1501.3
832,0.00429002,1503.1
833,0.00489781,1504.9
834,0.00409361,1506.7
835,0.00408059,1508.5
836,0.00467824,1510.3
837,0.00502549,1512.0
838,0.00434804,1513.8
839,0.00466079,1515.6
840,0.00452340,1517.4
841,0.00403300,1519.2
842,0.00416138,1520.9
843,0.00388531,1522.7
844,0.00380980,1524.5
845,0.00375495,1526.3
846,0.00381968,1528.1
847,0.00396478,1529.9
848,0.00363535,1531.7
849,0.00408545,1533.5
850,0.00425096,1535.3
851,0.00372212,1537.1
852,0.00424496,1538.9
853,0.00419452,1540.7
854,0.00407124,1542.5
855,0.00407382,1544.3
856,0.00396463,1546.2
857,0.00385189,1548.0
858,0.00402407,1549.8
859,0.00430906,1551.5
860,0.00380662,1553.3
861,0.00364034,1555.1
862,0.00405189,1556.9
863,0.00440099,1558.7
864,0.00350773,1560.5
865,0.00402080,1562.2
866,0.00440578,1564.0
867,0.00416701,1565.9
868,0.00357170,1567.7
869,0.00393466,1569.6
870,0.00383799,1571.4
871,0.00384783,1573.2
872,0.00386983,1575.1
873,0.00495429,1576.9
874,0.00367885,1578.7
875,0.00384841,1580.5
876,0.00345802,1582.4
877,0.00380055,1584.2
878,0.00372699,1586.0
879,0.00353179,1587.9
880,0.00364202,1589.7
881,0.00379104,1591.5
882,0.00344121,1593.3
883,0.00357583,1595.2
884,0.00416925,1597.0
885,0.00402706,1598.8
886,0.00378016,1600.6
887,0.00404059,1602.5
888,0.00406688,1604.3
889,0.00382055,1606.1
890,0.00352503,1607.9
891,0.00444121,1609.7
892,0.00360342,1611.5
893,0.00403967,1613.3
894,0.00384528,1615.1
895,0.00326597,1617.0
896,0.00346474,1618.7
897,0.00349214,1620.5
898,0.00405417,1622.3
899,0.00414552,1624.1
900,0.00348859,1625.9
901,0.00407759,1627.7
902,0.00367605,1629.4
903,0.00350815,1631.2
904,0.00333416,1633.0
905,0.00387070,1634.8
906,0.00350269,1636.6
907,0.00354234,1638.4
908,0.00353173,1640.2
909,0.00372587,1642.0
910,0.00367054,1643.8
911,0.00336763,1645.7
912,0.00344161,1647.5
913,0.00308911,1649.3
914,0.00355615,1651.1
915,0.00347095,1652.9
916,0.00294505,1654.7
917,0.00413263,1656.5
918,0.00383216,1658.3
919,0.00395756,1660.2
920,0.00332598,1662.0
921,0.00366701,1663.8
922,0.00314294,1665.7
923,0.00324276,1667.5
924,0.00400631,1669.3
925,0.00391416,1671.2
926,0.00367439,1673.0
927,0.00390633,1674.8
928,0.00361812,1676.6
929,0.00321078,1678.5
930,0.00392914,1680.3
931,0.00317219,1682.1
932,0.00321301,1683.9
933,0.00315036,1685.6
934,0.00342992,1687.4
935,0.00320006,1689.2
936,0.00359706,1691.0
937,0.00359775,1692.8
938,0.00366525,1694.6
939,0.00360041,1696.4
940,0.00397667,1698.2
941,0.00298795,1700.1
942,0.00296675,1701.9
943,0.00297851,1703.7
944,0.00312956,1705.5
945,0.00323803,1707.4
946,0.00324991,1709.2
947,0.00334467,1711.0
948,0.00301213,1712.8
949,0.00386553,1714.6
950,0.00377276,1716.3
951,0.00319162,1718.1
952,0.00296414,1719.9
953,0.00322237,1721.7
954,0.00292033,1723.5
955,0.00289725,1725.3
956,0.00287610,1727.2
957,0.00404158,1729.0
958,0.00326364,1730.8
959,0.00320930,1732.7
960,0.00304441,1734.5
961,0.00316520,1736.3
962,0.00280810,1738.2
963,0.00290984,1740.0
964,0.00323811,1741.8
965,0.00283376,1743.7
966,0.00325335,1745.5
967,0.00367533,1747.3
968,0.00305567,1749.1
969,0.00370477,1750.9
970,0.00291818,1752.9
971,0.00314806,1754.7
972,0.00334975,1756.5
973,0.00363479,1758.3
974,0.00351736,1760.1
975,0.00279990,1762.0
976,0.00293773,1763.8
977,0.00276618,1765.6
978,0.00302356,1767.5
979,0.00334682,1769.4
980,0.00328797,1771.2
981,0.00278891,1773.0
982,0.00312769,1774.8
983,0.00298642,1776.7
984,0.00273100,1778.5
985,0.00315560,1780.3
986,0.00253842,1782.1
987,0.00290862,1784.1
988,0.00299670,1785.9
989,0.00294614,1787.7
990,0.00350532,1789.5
991,0.00328799,1791.4
992,0.00265023,1793.3
993,0.00259919,1795.1
994,0.00269234,1796.9
995,0.00286125,1798.7
996,0.00311191,1800.4
997,0.00361563,1802.2
998,0.00296291,1804.0
999,0.00274709,1805.8
1000,0.00284393,1807.6
1001,0.00354729,1809.4
1002,0.00306722,1811.2
1003,0.00279957,1813.1
1004,0.00316986,1814.9
1005,0.00332005,1816.7
1006,0.00289869,1818.5
1007,0.00280564,1820.4
1008,0.00281480,1822.2
1009,0.00314343,1824.0
1010,0.00288254,1825.8
1011,0.00258668,1827.6
1012,0.00254876,1829.4
1013,0.00266252,1831.2
1014,0.00306579,1833.0
1015,0.00322264,1834.8
1016,0.00264473,1836.6
1017,0.00286263,1838.3
1018,0.00240164,1840.1
1019,0.00306052,1841.9
1020,0.00293371,1843.7
1021,0.00298043,1845.5
1022,0.00270438,1847.3
1023,0.00263453,1849.0
1024,0.00262738,1850.8
1025,0.00283687,1852.6
1026,0.00326619,1854.4
1027,0.00275491,1856.2
1028,0.00250716,1858.0
1029,0.00273245,1859.8
1030,0.00311209,1861.6
1031,0.00341452,1863.3
1032,0.00244532,1865.1
1033,0.00288463,1866.9
1034,0.00273341,1868.8
1035,0.00267946,1870.6
1036,0.00281287,1872.4
1037,0.00260926,1874.2
1038,0.00271465,1876.1
1039,0.00291937,1877.9
1040,0.00256319,1879.7
1041,0.00255191,1881.5
1042,0.00222749,1883.3
1043,0.00389305,1885.2
1044,0.00292714,1887.0
1045,0.00284547,1888.8
1046,0.00245813,1890.6
1047,0.00269955,1892.4
1048,0.00247798,1894.3
1049,0.00257415,1896.1
1050,0.00249024,1897.9
1051,0.00290617,1899.6
1052,0.00276997,1901.4
1053,0.00321209,1903.2
1054,0.00257445,1905.0
1055,0.00287224,1906.8
1056,0.00276876,1908.5
1057,0.00222989,1910.3
1058,0.00300300,1912.1
1059,0.00312216,1913.9
1060,0.00240090,1915.7
1061,0.00245172,1917.5
1062,0.00233179,1919.3
1063,0.00261222,1921.1
1064,0.00282092,1922.8
1065,0.00308733,1924.6
1066,0.00251893,1926.4
1067,0.00259183,1928.2
1068,0.00227697,1930.0
1069,0.00331577,1931.7
1070,0.00223883,1933.5
1071,0.00245203,1935.3
1072,0.00272621,1937.1
1073,0.00217264,1938.9
1074,0.00216724,1940.7
1075,0.00247031,1942.5
1076,0.00233621,1944.2
1077,0.00241515,1946.0
1078,0.00247210,1947.8
1079,0.00244641,1949.6
1080,0.00296423,1951.4
1081,0.00233299,1953.2
1082,0.00259949,1955.0
1083,0.00215263,1956.8
1084,0.00274967,1958.6
1085,0.00247099,1960.4
1086,0.00253716,1962.2
1087,0.00258740,1964.0
1088,0.00263376,1965.8
1089,0.00392316,1967.5
1090,0.00237819,1969.3
1091,0.00248058,1971.1
1092,0.00235308,1972.9
1093,0.00230905,1974.7
1094,0.00223055,1976.5
1095,0.00210518,1978.3
1096,0.00265172,1980.1
1097,0.00342178,1981.9
1098,0.00245256,1983.7
1099,0.00235138,1985.5
1100,0.00218522,1987.3
1101,0.00226054,1989.1
1102,0.00303286,1990.9
1103,0.00287796,1992.7
1104,0.00247086,1994.6
1105,0.00264902,1996.4
1106,0.00242992,1998.2
1107,0.00261590,2000.0
1108,0.00242133,2001.8
1109,0.00241803,2003.7
1110,0.00270880,2005.5
1111,0.00219348,2007.4
1112,0.00212604,2009.2
1113,0.00249581,2011.0
1114,0.00268326,2012.9
1115,0.00235007,2014.7
1116,0.00244363,2016.5
1117,0.00196196,2018.3
1118,0.00259753,2020.2
1119,0.00239892,2022.0
1120,0.00239750,2023.8
1121,0.00209820,2025.6
1122,0.00235497,2027.5
1123,0.00184704,2029.3
1124,0.00280074,2031.1
1125,0.00222170,2032.9
1126,0.00232121,2034.8
1127,0.00248336,2036.6
1128,0.00204948,2038.4
1129,0.00209649,2040.2
1130,0.00237424,2042.0
1131,0.00237600,2043.8
1132,0.00194938,2045.6
1133,0.00211145,2047.5
1134,0.00211623,2049.3
1135,0.00188682,2051.2
1136,0.00211921,2053.0
1137,0.00235249,2054.8
1138,0.00212100,2056.6
1139,0.00202061,2058.4
1140,0.00236607,2060.2
1141,0.00222520,2062.0
1142,0.00235139,2063.8
1143,0.00233098,2065.5
1144,0.00203876,2067.3
1145,0.00207608,2069.1
1146,0.00214085,2070.9
1147,0.00220685,2072.7
1148,0.00253933,2074.5
1149,0.00230182,2076.3
1150,0.00246979,2078.1
1151,0.00208933,2079.9
1152,0.00233858,2081.7
1153,0.00240140,2083.6
1154,0.00251026,2085.4
1155,0.00291092,2087.2
1156,0.00201793,2089.0
1157,0.00254893,2090.8
1158,0.00232304,2092.6
1159,0.00247460,2094.4
1160,0.00251306,2096.2
1161,0.00210324,2098.1
1162,0.00179842,2099.9
1163,0.00216035,2101.7
1164,0.00206280,2103.5
1165,0.00210406,2105.3
1166,0.00211009,2107.2
1167,0.00180484,2109.0
1168,0.00214717,2110.8
1169,0.00302300,2112.6
1170,0.00241099,2114.5
1171,0.00198746,2116.3
1172,0.00224015,2118.1
1173,0.00230097,2119.9
1174,0.00213198,2121.7
1175,0.00237108,2123.5
1176,0.00233440,2125.3
1177,0.00186412,2127.1
1178,0.00179435,2128.8
1179,0.00178103,2130.6
1180,0.00198640,2132.5
1181,0.00190282,2134.3
1182,0.00234843,2136.1
1183,0.00224194,2137.9
1184,0.00225029,2139.8
1185,0.00201571,2141.6
1186,0.00233460,2143.4
1187,0.00209235,2145.2
1188,0.00242101,2146.9
1189,0.00201444,2148.7
1190,0.00211672,2150.5
1191,0.00197232,2152.3
1192,0.00205349,2154.1
1193,0.00245052,2155.8
1194,0.00247681,2157.6
1195,0.00199098,2159.4
1196,0.00239034,2161.2
1197,0.00198354,2163.0
1198,0.00243864,2164.8
1199,0.00184481,2166.6
1200,0.00174427,2168.3
1201,0.00187618,2170.1
1202,0.00251845,2171.9
1203,0.00276573,2173.7
1204,0.00203157,2175.6
1205,0.00216261,2177.4
1206,0.00209007,2179.1
1207,0.00246777,2181.0
1208,0.00189535,2182.8
1209,0.00195309,2184.6
1210,0.00196052,2186.5
1211,0.00213304,2188.3
1212,0.00184580,2190.1
1213,0.00204461,2191.9
1214,0.00273541,2193.8
1215,0.00229469,2195.6
1216,0.00180632,2197.4
1217,0.00177896,2199.3
1218,0.00210820,2201.1
1219,0.00198566,2202.8
1220,0.00230103,2204.7
1221,0.00193350,2206.5
1222,0.00194659,2208.3
1223,0.00199093,2210.1
1224,0.00192061,2211.9
1225,0.00198190,2213.8
1226,0.00208806,2215.6
1227,0.00191843,2217.4
1228,0.00207208,2219.3
1229,0.00186359,2221.1
1230,0.00199117,2223.0
1231,0.00221170,2224.8
1232,0.00186504,2226.6
1233,0.00220128,2228.4
1234,0.00259752,2230.3
1235,0.00189294,2232.1
1236,0.00189732,2233.9
1237,0.00218800,2235.7
1238,0.00190013,2237.5
1239,0.00193477,2239.3
1240,0.00200361,2241.0
1241,0.00194880,2242.8
1242,0.00193938,2244.6
1243,0.00188702,2246.4
1244,0.00164960,2248.2
1245,0.00206199,2249.9
1246,0.00185100,2251.7
1247,0.00236682,2253.5
1248,0.00239415,2255.3
1249,0.00217817,2257.1
1250,0.00208849,2258.9
1251,0.00165535,2260.7
1252,0.00241047,2262.5
1253,0.00228048,2264.3
1254,0.00201255,2266.1
1255,0.00174591,2267.8
1256,0.00229564,2269.6
1257,0.00201608,2271.4
1258,0.00196987,2273.2
1259,0.00205238,2275.0
1260,0.00217470,2276.8
1261,0.00200849,2278.6
1262,0.00175402,2280.4
1263,0.00216100,2282.2
1264,0.00227201,2284.0
1265,0.00157816,2285.8
1266,0.00173007,2287.6
1267,0.00218929,2289.4
1268,0.00207824,2291.2
1269,0.00153981,2293.0
1270,0.00205401,2294.8
1271,0.00187422,2296.7
1272,0.00169242,2298.5
1273,0.00172792,2300.3
1274,0.00178798,2302.1
1275,0.00174908,2303.9
1276,0.00182680,2305.7
1277,0.00190563,2307.5
1278,0.00216670,2309.3
1279,0.00211249,2311.0
1280,0.00200645,2312.8
1281,0.00176808,2314.6
1282,0.00164671,2316.4
1283,0.00190689,2318.2
1284,0.00176936,2319.9
1285,0.00198270,2321.7
1286,0.00172556,2323.5
1287,0.00175415,2325.3
1288,0.00186391,2327.1
1289,0.00169211,2328.9
1290,0.00222767,2330.6
1291,0.00204242,2332.4
1292,0.00165715,2334.2
1293,0.00201500,2336.0
1294,0.00201892,2337.8
1295,0.00191199,2339.5
1296,0.00213600,2341.3
1297,0.00166511,2343.1
1298,0.00153691,2344.9
1299,0.00189007,2346.7
1300,0.00159885,2348.5
1301,0.00219445,2350.2
1302,0.00169641,2352.0
1303,0.00170181,2353.8
1304,0.00189429,2355.6
1305,0.00171233,2357.3
1306,0.00166433,2359.1
1307,0.00220416,2360.9
1308,0.00154055,2362.7
1309,0.00163275,2364.5
1310,0.00188646,2366.2
1311,0.00221004,2368.0
1312,0.00155149,2369.8
1313,0.00160716,2371.6
1314,0.00163781,2373.4
1315,0.00166718,2375.2
1316,0.00158426,2376.9
1317,0.00188973,2378.7
1318,0.00158102,2380.5
1319,0.00194485,2382.5
1320,0.00156073,2385.0
1321,0.00171531,2386.8
1322,0.00159217,2388.6
1323,0.00157119,2390.4
1324,0.00174063,2392.2
1325,0.00165434,2394.0
1326,0.00149081,2395.8
1327,0.00175160,2397.5
1328,0.00139292,2399.3
1329,0.00185415,2401.2
1330,0.00147434,2402.9
1331,0.00210299,2404.7
1332,0.00160372,2406.5
1333,0.00161410,2408.3
1334,0.00180894,2410.1
1335,0.00172927,2411.8
1336,0.00158301,2413.6
1337,0.00173352,2415.4
1338,0.00163809,2417.2
1339,0.00193816,2418.9
1340,0.00181246,2420.8
1341,0.00155050,2422.5
1342,0.00150155,2424.3
1343,0.00190115,2426.2
1344,0.00181913,2428.0
1345,0.00197486,2429.8
1346,0.00185517,2431.6
1347,0.00168527,2433.4
1348,0.00145290,2435.2
1349,0.00156766,2437.0
1350,0.00166566,2438.8
1351,0.00154431,2440.6
1352,0.00168021,2442.4
1353,0.00149639,2444.2
1354,0.00150854,2446.0
1355,0.00208427,2447.8
1356,0.00169964,2449.5
1357,0.00147573,2451.3
1358,0.00169703,2453.2
1359,0.00151648,2455.0
1360,0.00167697,2456.8
1361,0.00171805,2458.6
1362,0.00157164,2460.5
1363,0.00146640,2462.3
1364,0.00190966,2464.1
1365,0.00176476,2466.0
1366,0.00171944,2467.8
1367,0.00142043,2469.6
1368,0.00129698,2471.4
1369,0.00185825,2473.3
1370,0.00185886,2475.1
1371,0.00176162,2476.9
1372,0.00131213,2478.7
1373,0.00150842,2480.6
1374,0.00181541,2482.4
1375,0.00216327,2484.2
1376,0.00144105,2486.0
1377,0.00160429,2487.8
1378,0.00167589,2489.7
1379,0.00138726,2491.5
1380,0.00207258,2493.3
1381,0.00166118,2495.1
1382,0.00156215,2497.0
1383,0.00160304,2498.8
1384,0.00163689,2500.6
1385,0.00167641,2502.4
1386,0.00147095,2504.3
1387,0.00173156,2506.1
1388,0.00160700,2507.9
1389,0.00183709,2509.7
1390,0.00145023,2511.6
1391,0.00165096,2513.4
1392,0.00126184,2515.2
1393,0.00155247,2517.0
1394,0.00177132,2518.8
1395,0.00186167,2520.6
1396,0.00169827,2522.4
1397,0.00176176,2524.2
1398,0.00182424,2526.0
1399,0.00147319,2527.8
1400,0.00200411,2529.6
1401,0.00145314,2531.4
1402,0.00189045,2533.2
1403,0.00139139,2534.9
1404,0.00153882,2536.7
1405,0.00147446,2538.5
1406,0.00146313,2540.3
1407,0.00153184,2542.1
1408,0.00188735,2543.9
1409,0.00138952,2545.7
1410,0.00159456,2547.5
1411,0.00196445,2549.2
1412,0.00135281,2551.0
1413,0.00161835,2552.8
1414,0.00165984,2554.6
1415,0.00145457,2556.4
1416,0.00137541,2558.2
1417,0.00132689,2559.9
1418,0.00208437,2561.7
1419,0.00149370,2563.5
1420,0.00133707,2565.3
1421,0.00131577,2567.1
1422,0.00151271,2568.9
1423,0.00203802,2570.7
1424,0.00128723,2572.5
1425,0.00143517,2574.2
1426,0.00136919,2576.0
1427,0.00150066,2577.8
1428,0.00158700,2579.6
1429,0.00148887,2581.4
1430,0.00152549,2583.3
1431,0.00136657,2585.1
1432,0.00121890,2586.9
1433,0.00157924,2588.7
1434,0.00146491,2590.5
1435,0.00155826,2592.4
1436,0.00127719,2594.2
1437,0.00146157,2596.0
1438,0.00147247,2597.9
1439,0.00214231,2599.6
1440,0.00165873,2601.4
1441,0.00146198,2603.3
1442,0.00157157,2605.0
1443,0.00179593,2606.8
1444,0.00142084,2608.6
1445,0.00140721,2610.4
1446,0.00146984,2612.2
1447,0.00150669,2614.0
1448,0.00123600,2615.8
1449,0.00129808,2617.6
1450,0.00120504,2619.4
1451,0.00138471,2621.2
1452,0.00170794,2623.0
1453,0.00139961,2624.9
1454,0.00140680,2626.7
1455,0.00144285,2628.5
1456,0.00148593,2630.3
1457,0.00151499,2632.2
1458,0.00119458,2634.0
1459,0.00163069,2635.8
1460,0.00134190,2637.7
1461,0.00157146,2639.5
1462,0.00134479,2641.3
1463,0.00186280,2643.2
1464,0.00123777,2645.0
1465,0.00143697,2646.8
1466,0.00137607,2648.6
1467,0.00160108,2650.5
1468,0.00137950,2652.3
1469,0.00128581,2654.1
1470,0.00127971,2656.0
1471,0.00128120,2657.8
1472,0.00136935,2659.6
1473,0.00144911,2661.5
1474,0.00162447,2663.3
1475,0.00131081,2665.1
1476,0.00140309,2666.9
1477,0.00115107,2668.8
1478,0.00162451,2670.6
1479,0.00146914,2672.4
1480,0.00131181,2674.2
1481,0.00166772,2676.1
1482,0.00178306,2677.9
1483,0.00151024,2679.7
1484,0.00133452,2681.5
1485,0.00156280,2683.4
1486,0.00133673,2685.2
1487,0.00179527,2687.0
1488,0.00145305,2688.8
1489,0.00137326,2690.6
1490,0.00155892,2692.4
1491,0.00170212,2694.2
1492,0.00138922,2696.1
1493,0.00167317,2697.9
1494,0.00131185,2699.7
1495,0.00157195,2701.6
1496,0.00191484,2703.4
1497,0.00141017,2705.2
1498,0.00114870,2707.0
1499,0.00154525,2708.9
1500,0.00180451,2710.7
1501,0.00173819,2712.6
1502,0.00158483,2714.4
1503,0.00142220,2716.2
1504,0.00146882,2718.1
1505,0.00108055,2719.9
1506,0.00156484,2721.7
1507,0.00160720,2723.6
1508,0.00167786,2725.4
1509,0.00199912,2727.2
1510,0.00152637,2729.0
1511,0.00123118,2730.9
1512,0.00134782,2732.7
1513,0.00141025,2734.5
1514,0.00157038,2736.3
1515,0.00134675,2738.2
1516,0.00123170,2740.0
1517,0.00130925,2741.8
1518,0.00136950,2743.7
1519,0.00165165,2745.5
1520,0.00155268,2747.4
1521,0.00134780,2749.2
1522,0.00157013,2751.0
1523,0.00143802,2752.8
1524,0.00190517,2754.7
1525,0.00160285,2756.5
1526,0.00114897,2758.3
1527,0.00125545,2760.1
1528,0.00147932,2761.9
1529,0.00119665,2763.8
1530,0.00130011,2765.6
1531,0.00119249,2767.4
1532,0.00124693,2769.2
1533,0.00174061,2771.0
1534,0.00123890,2772.8
1535,0.00110686,2774.6
1536,0.00132823,2776.4
1537,0.00115669,2778.2
1538,0.00133961,2780.1
1539,0.00131932,2781.9
1540,0.00160047,2783.7
1541,0.00125052,2785.5
1542,0.00148826,2787.4
1543,0.00127033,2789.2
1544,0.00133900,2791.0
1545,0.00112743,2792.8
1546,0.00153601,2794.7
1547,0.00123007,2796.5
1548,0.00126110,2798.3
1549,0.00127913,2800.2
1550,0.00131518,2802.0
1551,0.00113031,2803.8
1552,0.00128761,2805.6
1553,0.00139180,2807.4
1554,0.00121841,2809.1
1555,0.00169648,2810.9
1556,0.00132888,2812.7
1557,0.00141809,2814.5
1558,0.00116651,2816.3
1559,0.00152459,2818.1
1560,0.00138720,2819.9
1561,0.00122623,2821.6
1562,0.00113089,2823.4
1563,0.00144508,2825.2
1564,0.00116505,2827.0
1565,0.00122418,2828.8
1566,0.00140543,2830.6
1567,0.00122887,2832.4
1568,0.00141577,2834.2
1569,0.00164507,2836.0
1570,0.00113068,2837.8
1571,0.00144174,2839.6
1572,0.00134330,2841.4
1573,0.00146095,2843.2
1574,0.00130601,2845.0
1575,0.00117042,2846.8
1576,0.00111680,2848.6
1577,0.00131073,2850.5
1578,0.00114716,2852.3
1579,0.00116106,2854.1
1580,0.00133721,2855.9
1581,0.00134408,2857.8
1582,0.00131004,2859.6
1583,0.00158857,2861.4
1584,0.00119919,2863.2
1585,0.00122579,2865.0
1586,0.00126929,2866.9
1587,0.00107814,2868.7
1588,0.00113962,2870.5
1589,0.00165460,2872.4
1590,0.00128393,2874.2
1591,0.00117060,2876.0
1592,0.00133722,2877.8
1593,0.00134406,2879.7
1594,0.00158200,2881.5
1595,0.00121196,2883.4
1596,0.00125429,2885.2
1597,0.00132517,2887.0
1598,0.00150975,2888.9
1599,0.00119413,2890.7
1600,0.00158057,2892.5
1601,0.00131339,2894.3
1602,0.00118330,2896.2
1603,0.00118423,2898.0
1604,0.00118373,2899.8
1605,0.00117531,2901.5
1606,0.00120233,2903.3
1607,0.00130004,2905.1
1608,0.00152802,2906.9
1609,0.00136966,2908.7
1610,0.00109595,2910.5
1611,0.00124772,2912.3
1612,0.00139444,2914.1
1613,0.00135863,2915.9
1614,0.00121691,2917.7
1615,0.00107139,2919.5
1616,0.00110814,2921.3
1617,0.00121607,2923.1
1618,0.00138869,2924.9
1619,0.00141153,2926.7
1620,0.00156761,2928.5
1621,0.00119990,2930.2
1622,0.00151309,2932.0
1623,0.00114718,2933.8
1624,0.00116119,2935.6
1625,0.00142625,2937.4
1626,0.00141752,2939.2
1627,0.00123922,2941.0
1628,0.00120360,2942.8
1629,0.00116376,2944.6
1630,0.00115739,2946.4
1631,0.00113793,2948.2
1632,0.00133735,2949.9
1633,0.00123814,2951.7
1634,0.00149896,2953.5
1635,0.00146823,2955.3
1636,0.00137726,2957.1
1637,0.00129116,2959.0
1638,0.00118303,2960.8
1639,0.00146242,2962.6
1640,0.00144523,2964.5
1641,0.00120274,2966.3
1642,0.00145837,2968.2
1643,0.00127244,2970.0
1644,0.00125121,2971.8
1645,0.00149133,2973.6
1646,0.00116830,2975.5
1647,0.00102939,2977.3
1648,0.00107652,2979.1
1649,0.00148852,2980.9
1650,0.00117512,2982.8
1651,0.00143422,2984.5
1652,0.00154202,2986.3
1653,0.00146128,2988.1
1654,0.00092307,2989.9
1655,0.00125831,2991.8
1656,0.00114206,2993.7
1657,0.00128905,2995.5
1658,0.00118056,2997.3
1659,0.00108744,2999.1
1660,0.00112032,3000.8
1661,0.00109835,3002.7
1662,0.00097769,3004.5
1663,0.00122542,3006.3
1664,0.00107761,3008.1
1665,0.00098773,3009.9
1666,0.00115496,3011.7
1667,0.00099693,3013.5
1668,0.00126692,3015.2
1669,0.00118892,3017.1
1670,0.00155802,3018.9
1671,0.00125816,3020.7
1672,0.00116853,3022.5
1673,0.00106020,3024.3
1674,0.00101346,3026.1
1675,0.00114403,3027.9
1676,0.00181217,3029.7
1677,0.00123946,3031.5
1678,0.00146758,3033.3
1679,0.00101891,3035.1
1680,0.00121777,3036.8
1681,0.00154941,3038.6
1682,0.00113128,3040.4
1683,0.00104454,3042.3
1684,0.00200628,3044.1
1685,0.00110722,3045.9
1686,0.00110074,3047.7
1687,0.00097213,3049.5
1688,0.00116809,3051.2
1689,0.00135196,3053.0
1690,0.00116441,3054.8
1691,0.00131285,3056.6
1692,0.00109810,3058.4
1693,0.00111109,3060.2
1694,0.00118674,3062.0
1695,0.00120291,3063.8
1696,0.00119826,3065.5
1697,0.00126865,3067.3
1698,0.00110691,3069.1
1699,0.00127504,3070.9
1700,0.00182079,3072.7
1701,0.00132406,3074.5
1702,0.00111722,3076.3
1703,0.00116600,3078.0
1704,0.00100921,3079.8
1705,0.00118421,3081.6
1706,0.00141358,3083.4
1707,0.00112358,3085.2
1708,0.00098177,3087.0
1709,0.00102900,3088.7
1710,0.00097891,3090.5
1711,0.00133167,3092.3
1712,0.00092071,3094.1
1713,0.00105606,3095.9
1714,0.00128349,3097.7
1715,0.00111439,3099.5
1716,0.00147472,3101.2
1717,0.00102826,3103.0
1718,0.00108287,3104.9
1719,0.00137895,3106.8
1720,0.00103495,3108.6
1721,0.00113836,3110.4
1722,0.00095483,3112.3
1723,0.00129300,3114.1
1724,0.00115281,3115.9
1725,0.00095944,3117.7
1726,0.00096134,3119.5
1727,0.00099313,3121.3
1728,0.00107261,3123.1
1729,0.00106116,3124.9
1730,0.00137365,3126.7
1731,0.00146911,3128.5
1732,0.00128957,3130.2
1733,0.00115778,3132.0
1734,0.00122875,3133.8
1735,0.00099487,3135.6
1736,0.00174939,3137.4
1737,0.00087296,3139.2
1738,0.00092792,3141.0
1739,0.00107430,3142.8
1740,0.00127804,3144.5
1741,0.00106100,3146.3
1742,0.00098623,3148.1
1743,0.00136079,3149.9
1744,0.00122147,3151.7
1745,0.00133617,3153.5
1746,0.00109930,3155.3
1747,0.00088781,3157.1
1748,0.00103622,3158.9
1749,0.00104381,3160.8
1750,0.00116554,3162.6
1751,0.00143421,3164.5
1752,0.00101038,3166.3
1753,0.00094611,3168.1
1754,0.00171521,3169.9
1755,0.00101639,3171.8
1756,0.00102150,3173.6
1757,0.00094434,3175.4
1758,0.00125280,3177.2
1759,0.00107421,3179.1
1760,0.00081071,3180.9
1761,0.00100112,3182.7
1762,0.00093691,3184.6
1763,0.00093018,3186.4
1764,0.00103087,3188.2
1765,0.00104146,3190.0
1766,0.00121852,3191.8
1767,0.00108957,3193.6
1768,0.00084478,3195.4
1769,0.00116245,3197.3
1770,0.00089076,3199.0
1771,0.00113275,3200.8
1772,0.00108949,3202.6
1773,0.00134069,3204.4
1774,0.00096118,3206.2
1775,0.00124941,3207.9
1776,0.00103601,3209.7
1777,0.00126456,3211.5
1778,0.00104263,3213.3
1779,0.00081522,3215.1
1780,0.00116530,3216.9
1781,0.00101932,3218.7
1782,0.00128224,3220.5
1783,0.00123600,3222.3
1784,0.00100543,3224.0
1785,0.00094137,3225.8
1786,0.00101267,3227.6
1787,0.00100719,3229.4
1788,0.00105957,3231.2
1789,0.00152226,3233.0
1790,0.00099392,3234.9
1791,0.00084180,3236.7
1792,0.00109446,3238.5
1793,0.00099350,3240.3
1794,0.00108633,3242.1
1795,0.00107899,3243.9
1796,0.00118835,3245.7
1797,0.00123996,3247.5
1798,0.00145277,3249.3
1799,0.00095818,3251.1
1800,0.00106556,3252.9
1801,0.00110028,3254.7
1802,0.00127288,3256.5
1803,0.00098333,3258.2
1804,0.00077817,3260.1
1805,0.00084465,3261.9
1806,0.00121431,3263.7
1807,0.00118879,3265.6
1808,0.00140377,3267.4
1809,0.00082467,3269.2
1810,0.00112571,3271.0
1811,0.00089651,3272.9
1812,0.00096003,3274.6
1813,0.00102753,3276.4
1814,0.00102897,3278.2
1815,0.00102052,3280.0
1816,0.00092068,3281.8
1817,0.00136759,3283.6
1818,0.00087964,3285.4
1819,0.00090498,3287.1
1820,0.00124281,3288.9
1821,0.00124221,3290.7
1822,0.00117034,3292.5
1823,0.00107025,3294.3
1824,0.00087063,3296.0
1825,0.00081741,3297.8
1826,0.00105809,3299.6
1827,0.00090429,3301.4
1828,0.00098186,3303.2
1829,0.00090856,3305.0
1830,0.00122953,3306.8
1831,0.00121072,3308.6
1832,0.00106350,3310.4
1833,0.00090596,3312.1
1834,0.00099750,3314.0
1835,0.00107453,3315.8
1836,0.00106337,3317.6
1837,0.00123901,3319.4
1838,0.00079884,3321.3
1839,0.00088391,3323.1
1840,0.00090348,3324.9
1841,0.00102840,3326.8
1842,0.00105012,3328.6
1843,0.00098065,3330.4
1844,0.00117348,3332.2
1845,0.00098649,3334.0
1846,0.00100639,3335.9
1847,0.00185579,3337.7
1848,0.00087403,3339.5
1849,0.00140661,3341.4
1850,0.00110942,3343.2
1851,0.00109934,3345.0
1852,0.00094079,3346.9
1853,0.00112605,3348.7
1854,0.00099639,3350.5
1855,0.00140542,3352.3
1856,0.00101953,3354.2
1857,0.00093334,3356.0
1858,0.00078341,3357.8
1859,0.00145694,3359.6
1860,0.00089774,3361.4
1861,0.00119731,3363.2
1862,0.00113205,3365.0
1863,0.00114313,3366.8
1864,0.00099831,3368.7
1865,0.00100991,3370.5
1866,0.00095564,3372.3
1867,0.00084525,3374.2
1868,0.00108845,3376.0
1869,0.00083661,3377.8
1870,0.00107436,3379.6
1871,0.00073922,3381.5
1872,0.00091340,3383.3
1873,0.00083347,3385.1
1874,0.00102361,3387.0
1875,0.00086538,3388.8
1876,0.00102914,3390.6
1877,0.00122022,3392.4
1878,0.00099606,3394.2
1879,0.00093407,3396.0
1880,0.00100992,3397.8
1881,0.00116726,3399.6
1882,0.00096481,3401.4
1883,0.00109687,3403.2
1884,0.00075875,3405.1
1885,0.00101136,3406.9
1886,0.00100746,3408.7
1887,0.00087791,3410.5
1888,0.00091215,3412.4
1889,0.00125536,3414.2
1890,0.00084102,3416.0
1891,0.00122730,3417.8
1892,0.00164337,3419.7
1893,0.00082344,3421.5
1894,0.00094454,3423.3
1895,0.00085785,3425.1
1896,0.00102762,3427.0
1897,0.00085856,3428.8
1898,0.00108967,3430.6
1899,0.00089494,3432.4
1900,0.00078554,3434.2
1901,0.00103129,3435.9
1902,0.00101771,3437.7
1903,0.00097520,3439.5
1904,0.00104334,3441.4
1905,0.00108549,3443.2
1906,0.00085255,3445.1
1907,0.00092410,3446.9
1908,0.00089113,3448.7
1909,0.00085258,3450.5
1910,0.00107986,3452.3
1911,0.00129305,3454.2
1912,0.00091944,3456.0
1913,0.00100244,3457.8
1914,0.00124780,3459.7
1915,0.00108116,3461.5
1916,0.00089447,3463.3
1917,0.00103023,3465.2
1918,0.00079424,3467.0
1919,0.00072525,3468.8
1920,0.00124438,3470.6
1921,0.00068580,3472.4
1922,0.00100047,3474.2
1923,0.00094238,3476.0
1924,0.00098533,3477.8
1925,0.00082879,3479.6
1926,0.00091521,3481.3
1927,0.00110404,3483.1
1928,0.00081699,3484.9
1929,0.00116495,3486.7
1930,0.00101059,3488.5
1931,0.00070945,3490.4
1932,0.00106913,3492.2
1933,0.00104267,3494.0
1934,0.00105031,3495.9
1935,0.00129801,3497.7
1936,0.00081670,3499.5
1937,0.00077808,3501.4
1938,0.00111244,3503.2
1939,0.00084621,3505.0
1940,0.00082534,3506.9
1941,0.00102342,3508.7
1942,0.00077945,3510.5
1943,0.00083136,3512.3
1944,0.00085932,3514.1
1945,0.00096189,3515.8
1946,0.00091485,3517.7
1947,0.00114817,3519.5
1948,0.00124068,3521.3
1949,0.00084448,3523.2
1950,0.00097714,3525.0
1951,0.00094805,3526.8
1952,0.00096025,3528.7
1953,0.00104474,3530.5
1954,0.00087821,3532.3
1955,0.00082246,3534.1
1956,0.00092743,3535.9
1957,0.00111557,3537.7
1958,0.00107614,3539.4
1959,0.00107623,3541.2
1960,0.00125223,3543.0
1961,0.00075332,3544.8
1962,0.00104212,3546.6
1963,0.00111721,3548.4
1964,0.00072058,3550.2
1965,0.00092774,3552.1
1966,0.00117029,3553.9
1967,0.00104936,3555.7
1968,0.00076608,3557.5
1969,0.00080000,3559.3
1970,0.00098049,3561.1
1971,0.00119381,3563.0
1972,0.00099396,3564.8
1973,0.00077160,3566.5
1974,0.00086831,3568.3
1975,0.00109626,3570.1
1976,0.00076574,3571.9
1977,0.00081850,3573.7
1978,0.00090862,3575.5
1979,0.00085878,3577.4
1980,0.00102945,3579.2
1981,0.00099547,3581.0
1982,0.00091735,3582.8
1983,0.00131365,3584.5
1984,0.00079255,3586.3
1985,0.00104194,3588.1
1986,0.00088870,3589.9
1987,0.00108679,3591.7
1988,0.00082423,3593.5
1989,0.00103975,3595.3
1990,0.00123874,3597.1
1991,0.00097091,3598.9
1992,0.00079350,3600.7
1993,0.00090072,3602.4
1994,0.00076603,3604.2
1995,0.00109850,3606.0
1996,0.00097557,3607.8
1997,0.00089864,3609.7
1998,0.00084317,3611.5
1999,0.00086220,3613.3
2000,0.00101691,3615.2
2001,0.00087353,3617.0
2002,0.00077219,3618.9
2003,0.00087047,3620.7
2004,0.00107475,3622.5
2005,0.00090692,3624.3
2006,0.00108795,3626.2
2007,0.00102992,3628.0
2008,0.00080865,3629.8
2009,0.00086392,3631.6
2010,0.00093390,3633.5
2011,0.00105552,3635.3
2012,0.00074857,3637.1
2013,0.00086907,3638.9
2014,0.00091031,3640.8
2015,0.00078584,3642.6
2016,0.00089956,3644.4
2017,0.00089558,3646.2
2018,0.00071092,3648.0
2019,0.00079658,3649.8
2020,0.00103821,3651.7
2021,0.00093562,3653.5
2022,0.00088246,3655.2
2023,0.00118405,3657.0
2024,0.00109971,3658.8
2025,0.00094424,3660.6
2026,0.00094790,3662.4
2027,0.00090970,3664.2
2028,0.00087029,3666.0
2029,0.00089630,3667.8
2030,0.00117011,3669.5
2031,0.00124227,3671.4
2032,0.00077492,3673.2
2033,0.00074054,3674.9
2034,0.00070925,3676.7
2035,0.00088055,3678.5
2036,0.00113857,3680.4
2037,0.00095482,3682.2
2038,0.00076054,3684.0
2039,0.00092642,3685.7
2040,0.00103634,3687.6
2041,0.00090267,3689.4
2042,0.00077020,3691.2
2043,0.00082853,3692.9
2044,0.00100014,3694.7
2045,0.00100240,3696.6
2046,0.00072616,3698.4
2047,0.00072964,3700.2
2048,0.00088395,3702.0
2049,0.00097285,3703.9
2050,0.00102910,3705.7
2051,0.00086834,3707.5
2052,0.00081020,3709.3
2053,0.00074544,3711.1
2054,0.00109210,3713.0
2055,0.00085303,3714.8
2056,0.00083530,3716.6
2057,0.00109095,3718.3
2058,0.00104806,3720.1
2059,0.00069850,3721.9
2060,0.00074357,3723.7
2061,0.00110519,3725.5
2062,0.00104228,3727.3
2063,0.00074153,3729.1
2064,0.00074858,3730.8
2065,0.00096612,3732.6
2066,0.00070701,3734.4
2067,0.00083782,3736.2
2068,0.00101433,3738.0
2069,0.00092119,3739.8
2070,0.00074132,3741.5
2071,0.00091595,3743.3
2072,0.00108805,3745.1
2073,0.00079186,3746.9
2074,0.00079853,3748.8
2075,0.00074183,3750.5
2076,0.00057873,3752.3
2077,0.00082912,3754.1
2078,0.00086423,3755.9
2079,0.00099321,3757.7
2080,0.00079269,3759.5
2081,0.00093773,3761.2
2082,0.00096251,3763.0
2083,0.00098540,3764.8
2084,0.00078693,3766.6
2085,0.00086511,3768.4
2086,0.00062653,3770.2
2087,0.00083830,3772.0
2088,0.00078778,3773.7
2089,0.00091763,3775.6
2090,0.00063064,3777.4
2091,0.00105570,3779.2
2092,0.00071535,3781.0
2093,0.00090881,3782.8
2094,0.00086736,3784.5
2095,0.00096192,3786.3
2096,0.00078225,3788.1
2097,0.00066221,3789.9
2098,0.00082271,3791.7
2099,0.00109476,3793.5
2100,0.00088023,3795.3
2101,0.00078083,3797.0
2102,0.00083016,3798.9
2103,0.00099616,3800.7
2104,0.00116625,3802.5
2105,0.00073053,3804.3
2106,0.00090588,3806.1
2107,0.00069857,3808.0
2108,0.00097453,3809.8
2109,0.00077515,3811.6
2110,0.00080619,3813.5
2111,0.00066844,3815.2
2112,0.00072516,3817.0
2113,0.00094580,3818.8
2114,0.00113733,3820.6
2115,0.00075584,3822.4
2116,0.00074151,3824.2
2117,0.00113804,3825.9
2118,0.00070808,3827.7
2119,0.00110794,3829.5
2120,0.00068276,3831.3
2121,0.00072949,3833.1
2122,0.00078701,3834.9
2123,0.00089684,3836.8
2124,0.00079320,3838.6
2125,0.00102617,3840.4
2126,0.00059757,3842.2
2127,0.00085476,3844.0
2128,0.00092887,3845.8
2129,0.00093639,3847.6
2130,0.00078271,3849.4
2131,0.00088482,3851.1
2132,0.00077474,3852.9
2133,0.00092802,3854.7
2134,0.00073572,3856.5
2135,0.00099680,3858.4
2136,0.00071741,3860.2
2137,0.00117657,3862.0
2138,0.00110437,3863.8
2139,0.00080679,3865.7
2140,0.00079478,3867.5
2141,0.00062963,3869.2
2142,0.00072459,3871.1
2143,0.00083502,3872.9
2144,0.00094335,3874.8
2145,0.00081765,3876.6
2146,0.00097745,3878.4
2147,0.00082222,3880.2
2148,0.00070426,3882.1
2149,0.00075213,3883.9
2150,0.00095213,3885.7
2151,0.00068055,3887.6
2152,0.00074565,3889.4
2153,0.00075472,3891.2
2154,0.00097967,3893.0
2155,0.00063531,3894.9
2156,0.00085812,3896.7
2157,0.00080364,3898.5
2158,0.00066913,3900.4
2159,0.00080523,3902.2
2160,0.00061714,3904.0
2161,0.00085981,3905.9
2162,0.00072484,3907.7
2163,0.00119637,3909.5
2164,0.00087811,3911.3
2165,0.00095055,3913.2
2166,0.00092255,3915.0
2167,0.00070952,3916.9
2168,0.00063541,3918.7
2169,0.00075954,3920.5
2170,0.00064655,3922.4
2171,0.00060525,3924.2
2172,0.00083929,3926.0
2173,0.00093681,3927.8
2174,0.00083341,3929.7
2175,0.00092861,3931.5
2176,0.00075775,3933.3
2177,0.00091504,3935.1
2178,0.00061756,3937.0
2179,0.00071871,3938.7
2180,0.00094452,3940.5
2181,0.00109806,3942.3
2182,0.00065499,3944.2
2183,0.00085729,3946.0
2184,0.00064735,3947.8
2185,0.00066179,3949.7
2186,0.00063462,3951.5
2187,0.00079132,3953.3
2188,0.00119415,3955.1
2189,0.00080350,3957.0
2190,0.00082542,3958.8
2191,0.00093673,3960.6
2192,0.00083972,3962.4
2193,0.00088301,3964.3
2194,0.00064623,3966.1
2195,0.00088958,3967.9
2196,0.00086634,3969.8
2197,0.00081012,3971.6
2198,0.00079460,3973.4
2199,0.00086990,3975.2
2200,0.00093906,3977.0
2201,0.00090827,3978.8
2202,0.00078835,3980.6
2203,0.00068446,3982.4
2204,0.00062312,3984.2
2205,0.00081252,3985.9
2206,0.00084678,3987.7
2207,0.00072026,3989.5
2208,0.00081734,3991.3
2209,0.00067045,3993.1
2210,0.00099216,3994.9
2211,0.00069262,3996.6
2212,0.00086099,3998.4
2213,0.00069620,4000.2
2214,0.00077142,4002.0
2215,0.00078245,4003.8
2216,0.00061343,4005.6
2217,0.00099687,4007.4
2218,0.00076198,4009.3
2219,0.00073445,4011.1
2220,0.00061367,4012.9
2221,0.00081888,4014.7
2222,0.00088786,4016.5
2223,0.00113182,4018.2
2224,0.00079422,4020.1
2225,0.00052207,4021.9
2226,0.00083038,4023.6
2227,0.00068910,4025.4
2228,0.00075998,4027.2
2229,0.00075620,4029.0
2230,0.00077262,4030.8
2231,0.00073837,4032.6
2232,0.00061691,4034.4
2233,0.00083477,4036.2
2234,0.00086652,4038.0
2235,0.00090889,4039.7
2236,0.00085490,4041.5
2237,0.00085942,4043.3
2238,0.00093265,4045.1
2239,0.00064154,4046.9
2240,0.00078559,4048.7
2241,0.00081310,4050.4
2242,0.00057855,4052.2
2243,0.00066144,4054.0
2244,0.00064176,4055.8
2245,0.00072260,4057.6
2246,0.00079286,4059.4
2247,0.00058305,4061.2
2248,0.00084855,4063.0
2249,0.00067381,4064.7
2250,0.00070609,4066.6
2251,0.00074687,4068.4
2252,0.00087818,4070.2
2253,0.00085520,4072.1
2254,0.00077011,4073.8
2255,0.00065408,4075.6
2256,0.00095745,4077.4
2257,0.00097581,4079.2
2258,0.00080779,4081.0
2259,0.00050105,4082.8
2260,0.00071710,4084.6
2261,0.00067037,4086.4
2262,0.00079515,4088.2
2263,0.00071932,4090.0
2264,0.00069092,4091.8
2265,0.00075119,4093.7
2266,0.00086992,4095.5
2267,0.00071983,4097.3
2268,0.00064821,4099.2
2269,0.00070960,4101.0
2270,0.00070654,4102.8
2271,0.00073811,4104.6
2272,0.00086104,4106.4
2273,0.00074408,4108.2
2274,0.00074812,4110.0
2275,0.00092613,4111.9
2276,0.00067557,4113.7
2277,0.00059709,4115.5
2278,0.00082367,4117.3
2279,0.00062363,4119.1
2280,0.00073319,4120.9
2281,0.00083431,4122.7
2282,0.00062232,4124.5
2283,0.00066860,4126.3
2284,0.00073962,4128.1
2285,0.00073159,4130.0
2286,0.00088185,4131.7
2287,0.00065468,4133.5
2288,0.00068328,4135.3
2289,0.00070056,4137.1
2290,0.00080899,4138.9
2291,0.00063183,4140.7
2292,0.00098337,4142.5
2293,0.00082321,4144.3
2294,0.00062186,4146.0
2295,0.00071886,4147.8
2296,0.00069028,4149.6
2297,0.00082423,4151.4
2298,0.00077685,4153.2
2299,0.00075772,4155.0
2300,0.00077836,4156.9
2301,0.00082909,4158.7
2302,0.00069819,4160.5
2303,0.00050298,4162.4
2304,0.00063200,4164.1
2305,0.00069468,4165.9
2306,0.00068988,4167.7
2307,0.00054516,4169.5
2308,0.00059455,4171.3
2309,0.00069045,4173.1
2310,0.00096315,4174.9
2311,0.00065158,4176.7
2312,0.00095987,4178.5
2313,0.00058438,4180.3
2314,0.00081158,4182.1
2315,0.00088692,4183.9
2316,0.00072844,4185.7
2317,0.00065419,4187.5
2318,0.00052333,4189.3
2319,0.00106779,4191.1
2320,0.00086880,4193.0
2321,0.00073159,4194.8
2322,0.00077803,4196.6
2323,0.00077442,4198.5
2324,0.00062940,4200.3
2325,0.00070634,4202.1
2326,0.00076574,4203.9
2327,0.00070670,4205.8
2328,0.00060411,4207.6
2329,0.00065138,4209.5
2330,0.00054872,4211.3
2331,0.00067374,4213.1
2332,0.00075207,4214.9
2333,0.00075550,4216.7
2334,0.00081623,4218.5
2335,0.00105642,4220.3
2336,0.00069542,4222.2
2337,0.00044320,4224.0
2338,0.00071632,4225.8
2339,0.00056620,4227.6
2340,0.00051318,4229.4
2341,0.00074721,4231.2
2342,0.00070794,4232.9
2343,0.00074190,4234.7
2344,0.00109116,4236.5
2345,0.00055830,4238.3
2346,0.00062407,4240.1
2347,0.00069355,4241.9
2348,0.00082585,4243.7
2349,0.00075986,4245.5
2350,0.00084748,4247.3
2351,0.00059059,4249.1
2352,0.00107804,4250.8
2353,0.00058932,4252.6
2354,0.00080973,4254.4
2355,0.00058544,4256.2
2356,0.00056468,4258.0
2357,0.00056216,4259.8
2358,0.00087531,4261.6
2359,0.00059239,4263.4
2360,0.00079953,4265.2
2361,0.00071665,4267.0
2362,0.00043936,4268.8
2363,0.00076775,4270.5
2364,0.00078719,4272.3
2365,0.00133226,4274.1
2366,0.00094061,4275.9
2367,0.00055276,4277.7
2368,0.00074156,4279.5
2369,0.00063577,4281.3
2370,0.00096985,4283.1
2371,0.00061129,4284.9
2372,0.00063482,4286.7
2373,0.00063700,4288.5
2374,0.00075230,4290.3
2375,0.00071542,4292.1
2376,0.00073728,4293.8
2377,0.00084470,4295.6
2378,0.00080852,4297.4
2379,0.00083776,4299.2
2380,0.00053280,4301.0
2381,0.00067401,4302.8
2382,0.00061116,4304.6
2383,0.00063004,4306.4
2384,0.00064846,4308.2
2385,0.00069702,4309.9
2386,0.00068708,4311.7
2387,0.00059352,4313.6
2388,0.00093545,4315.4
2389,0.00063995,4317.3
2390,0.00067658,4319.1
2391,0.00061055,4320.9
2392,0.00102395,4322.7
2393,0.00060189,4324.5
2394,0.00055716,4326.3
2395,0.00138398,4328.1
2396,0.00045864,4330.0
2397,0.00075567,4331.8
2398,0.00061636,4333.6
2399,0.00140330,4335.3
2400,0.00073637,4337.1
2401,0.00061242,4338.9
2402,0.00059683,4340.7
2403,0.00065415,4342.5
2404,0.00068010,4344.3
2405,0.00059967,4346.1
2406,0.00060878,4347.9
2407,0.00071736,4349.6
2408,0.00068347,4351.4
2409,0.00077814,4353.2
2410,0.00067026,4355.0
2411,0.00056478,4356.8
2412,0.00079682,4358.6
2413,0.00059118,4360.4
2414,0.00079429,4362.2
2415,0.00092523,4364.0
2416,0.00063804,4365.8
2417,0.00069102,4367.6
2418,0.00063650,4369.4
2419,0.00062387,4371.1
2420,0.00070897,4372.9
2421,0.00078470,4374.7
2422,0.00055443,4376.5
2423,0.00070269,4378.3
2424,0.00056612,4380.1
2425,0.00062166,4381.9
2426,0.00058085,4383.7
2427,0.00070069,4385.5
2428,0.00046334,4387.2
2429,0.00055762,4389.0
2430,0.00067805,4390.8
2431,0.00113971,4392.6
2432,0.00067819,4394.4
2433,0.00058242,4396.2
2434,0.00070598,4398.0
2435,0.00059305,4399.8
2436,0.00109589,4401.5
2437,0.00053871,4403.3
2438,0.00072602,4405.1
2439,0.00060090,4406.9
2440,0.00067996,4408.7
2441,0.00060438,4410.5
2442,0.00091085,4412.3
2443,0.00094191,4414.1
2444,0.00077638,4415.9
2445,0.00064483,4417.7
2446,0.00055958,4419.4
2447,0.00060448,4421.2
2448,0.00064774,4423.0
2449,0.00054248,4424.8
2450,0.00076084,4426.6
2451,0.00058025,4428.4
2452,0.00064338,4430.1
2453,0.00068050,4431.9
2454,0.00069041,4433.7
2455,0.00080516,4435.5
2456,0.00092817,4437.3
2457,0.00063147,4439.1
2458,0.00064833,4440.9
2459,0.00057643,4442.7
2460,0.00067503,4444.5
2461,0.00085658,4446.3
2462,0.00073555,4448.1
2463,0.00092944,4450.0
2464,0.00065030,4451.8
2465,0.00058299,4453.6
2466,0.00077968,4455.4
2467,0.00059907,4457.2
2468,0.00057726,4459.0
2469,0.00057129,4460.8
2470,0.00077013,4462.6
2471,0.00052526,4464.4
2472,0.00078333,4466.2
2473,0.00064019,4468.0
2474,0.00058440,4469.8
2475,0.00069720,4471.7
2476,0.00064763,4473.5
2477,0.00048376,4475.3
2478,0.00090415,4477.1
2479,0.00056488,4478.9
2480,0.00054405,4480.7
2481,0.00062826,4482.6
2482,0.00054608,4484.4
2483,0.00055610,4486.3
2484,0.00060968,4488.1
2485,0.00058685,4489.9
2486,0.00089227,4491.7
2487,0.00065389,4493.6
2488,0.00075260,4495.4
2489,0.00042280,4497.2
2490,0.00048099,4499.1
2491,0.00052672,4500.9
2492,0.00065603,4502.7
2493,0.00072350,4504.5
2494,0.00082841,4506.4
2495,0.00090599,4508.2
2496,0.00042266,4510.0
2497,0.00058050,4511.9
2498,0.00057577,4513.7
2499,0.00081623,4515.5
2500,0.00050938,4517.4
2501,0.00047993,4519.2
2502,0.00055161,4521.0
2503,0.00065402,4522.8
2504,0.00075605,4524.6
2505,0.00051245,4526.3
2506,0.00052659,4528.1
2507,0.00083389,4529.9
2508,0.00052857,4531.7
2509,0.00063143,4533.5
2510,0.00049204,4535.3
2511,0.00048512,4537.1
2512,0.00051899,4538.9
2513,0.00050741,4540.6
2514,0.00089349,4542.4
2515,0.00049743,4544.2
2516,0.00070008,4546.0
2517,0.00065254,4547.8
2518,0.00065646,4549.6
2519,0.00061805,4551.4
2520,0.00047335,4553.2
2521,0.00057879,4555.0
2522,0.00048747,4556.7
2523,0.00058744,4558.5
2524,0.00078370,4560.3
2525,0.00052692,4562.1
2526,0.00054613,4563.9
2527,0.00049058,4565.7
2528,0.00055777,4567.5
2529,0.00071221,4569.3
2530,0.00059111,4571.0
2531,0.00052863,4572.8
2532,0.00051363,4574.6
2533,0.00063797,4576.4
2534,0.00083206,4578.2
2535,0.00057908,4580.0
2536,0.00095822,4581.8
2537,0.00083699,4583.6
2538,0.00071707,4585.4
2539,0.00076948,4587.1
2540,0.00045978,4588.9
2541,0.00081460,4590.7
2542,0.00062818,4592.5
2543,0.00082823,4594.3
2544,0.00051107,4596.1
2545,0.00056101,4597.9
2546,0.00069687,4599.7
2547,0.00041642,4601.4
2548,0.00050458,4603.2
2549,0.00053307,4605.0
2550,0.00091790,4606.8
2551,0.00096225,4608.6
2552,0.00059794,4610.4
2553,0.00051976,4612.2
2554,0.00052655,4614.0
2555,0.00091754,4615.7
2556,0.00075467,4617.5
2557,0.00062639,4619.4
2558,0.00050692,4621.2
2559,0.00059940,4623.0
2560,0.00059178,4624.8
2561,0.00044200,4626.6
2562,0.00045419,4628.4
2563,0.00058726,4630.2
2564,0.00069184,4632.0
2565,0.00080890,4633.8
2566,0.00061458,4635.7
2567,0.00061484,4637.5
2568,0.00066446,4639.3
2569,0.00056774,4641.1
2570,0.00056406,4642.9
2571,0.00057300,4644.7
2572,0.00045911,4646.6
2573,0.00059465,4648.4
2574,0.00063326,4650.2
2575,0.00073964,4652.0
2576,0.00046662,4653.8
2577,0.00065394,4655.6
2578,0.00055586,4657.4
2579,0.00083392,4659.3
2580,0.00055312,4661.1
2581,0.00065803,4662.9
2582,0.00055256,4664.8
2583,0.00071148,4666.6
2584,0.00048577,4668.4
2585,0.00047038,4670.2
2586,0.00065341,4672.0
2587,0.00053550,4673.8
2588,0.00079240,4675.5
2589,0.00084195,4677.3
2590,0.00062263,4679.1
2591,0.00053621,4680.9
2592,0.00056393,4682.7
2593,0.00062500,4684.5
2594,0.00051032,4686.3
2595,0.00060248,4688.1
2596,0.00069580,4689.9
2597,0.00063230,4691.7
2598,0.00055133,4693.5
2599,0.00053540,4695.3
2600,0.00055080,4697.0
2601,0.00068743,4698.8
2602,0.00078898,4700.7
2603,0.00088473,4702.5
2604,0.00063083,4704.3
2605,0.00048256,4706.1
2606,0.00071646,4708.0
2607,0.00085669,4709.8
2608,0.00060025,4711.6
2609,0.00072942,4713.5
2610,0.00062250,4715.3
2611,0.00060795,4717.1
2612,0.00061557,4719.0
2613,0.00084470,4720.8
2614,0.00065329,4722.6
2615,0.00073031,4724.5
2616,0.00079905,4726.3
2617,0.00050562,4728.1
2618,0.00045758,4730.0
2619,0.00065589,4731.8
2620,0.00053500,4733.6
2621,0.00092374,4735.5
2622,0.00052879,4737.3
2623,0.00039450,4739.1
2624,0.00048817,4741.0
2625,0.00049487,4742.8
2626,0.00052905,4744.6
2627,0.00061892,4746.4
2628,0.00048068,4748.2
2629,0.00048013,4750.0
2630,0.00052051,4751.8
2631,0.00048704,4753.6
2632,0.00066322,4755.4
2633,0.00041944,4757.2
2634,0.00050222,4759.0
2635,0.00066459,4760.7
2636,0.00071984,4762.5
2637,0.00041426,4764.3
2638,0.00132659,4766.1
2639,0.00050812,4767.9
2640,0.00048871,4769.7
2641,0.00058295,4771.5
2642,0.00054955,4773.3
2643,0.00040942,4775.1
2644,0.00087420,4776.9
2645,0.00062381,4778.6
2646,0.00045334,4780.4
2647,0.00054893,4782.2
2648,0.00061569,4784.0
2649,0.00050819,4785.8
2650,0.00067597,4787.6
2651,0.00050470,4789.4
2652,0.00048744,4791.2
2653,0.00084938,4793.0
2654,0.00041897,4794.7
2655,0.00056110,4796.5
2656,0.00054353,4798.3
2657,0.00064506,4800.1
2658,0.00051347,4801.9
2659,0.00049864,4803.7
2660,0.00051060,4805.5
2661,0.00076494,4807.2
2662,0.00046701,4809.0
2663,0.00100265,4810.8
2664,0.00050730,4812.6
2665,0.00042284,4814.4
2666,0.00088476,4816.2
2667,0.00065734,4818.0
2668,0.00053992,4819.8
2669,0.00046403,4821.6
2670,0.00058703,4823.3
2671,0.00054042,4825.1
2672,0.00115517,4826.9
2673,0.00065648,4828.7
2674,0.00049715,4830.5
2675,0.00054848,4832.3
2676,0.00046164,4834.0
2677,0.00030568,4835.8
2678,0.00046947,4837.6
2679,0.00105580,4839.4
2680,0.00069983,4841.2
2681,0.00049272,4843.0
2682,0.00047819,4844.8
2683,0.00064660,4846.6
2684,0.00056195,4848.4
2685,0.00049898,4850.2
2686,0.00078025,4852.0
2687,0.00056759,4853.8
2688,0.00057422,4855.6
2689,0.00054324,4857.3
2690,0.00083975,4859.1
2691,0.00036668,4860.9
2692,0.00055211,4862.7
2693,0.00070056,4864.5
2694,0.00068850,4866.3
2695,0.00058292,4868.1
2696,0.00040998,4869.9
2697,0.00095899,4871.6
2698,0.00057631,4873.4
2699,0.00046939,4875.2
2700,0.00065862,4877.0
2701,0.00057707,4878.8
2702,0.00076235,4880.6
2703,0.00085494,4882.4
2704,0.00049965,4884.2
2705,0.00100293,4886.0
2706,0.00043746,4887.9
2707,0.00080171,4889.7
2708,0.00063523,4891.5
2709,0.00056488,4893.3
2710,0.00055959,4895.1
2711,0.00058087,4897.0
2712,0.00057015,4898.7
2713,0.00061182,4900.5
2714,0.00043136,4902.3
2715,0.00046290,4904.1
2716,0.00043748,4905.9
2717,0.00084279,4907.7
2718,0.00068757,4909.6
2719,0.00045717,4911.4
2720,0.00150630,4913.2
2721,0.00056846,4915.0
2722,0.00058314,4916.8
2723,0.00056877,4918.6
2724,0.00060046,4920.4
2725,0.00073695,4922.2
2726,0.00055016,4923.9
2727,0.00049012,4925.8
2728,0.00043975,4927.6
2729,0.00048834,4929.4
2730,0.00071692,4931.2
2731,0.00043789,4933.0
2732,0.00045125,4934.9
2733,0.00040200,4936.7
2734,0.00110337,4938.5
2735,0.00088279,4940.3
2736,0.00063701,4942.1
2737,0.00057260,4943.9
2738,0.00050146,4945.7
2739,0.00058099,4947.5
2740,0.00056353,4949.2
2741,0.00060626,4951.0
2742,0.00069202,4952.8
2743,0.00059327,4954.6
2744,0.00062378,4956.4
2745,0.00060091,4958.2
2746,0.00058110,4960.0
2747,0.00042321,4961.7
2748,0.00062851,4963.5
2749,0.00054722,4965.3
2750,0.00045510,4967.1
2751,0.00054522,4968.9
2752,0.00054372,4970.7
2753,0.00047318,4972.5
2754,0.00049910,4974.3
2755,0.00067997,4976.1
2756,0.00053497,4977.9
2757,0.00052431,4979.7
2758,0.00045800,4981.4
2759,0.00063660,4983.2
2760,0.00067221,4985.0
2761,0.00056796,4986.8
2762,0.00044106,4988.6
2763,0.00043760,4990.3
2764,0.00078496,4992.1
2765,0.00050999,4993.9
2766,0.00039848,4995.7
2767,0.00053977,4997.5
2768,0.00054062,4999.3
2769,0.00060667,5001.0
2770,0.00053808,5002.8
2771,0.00056357,5004.7
2772,0.00047993,5006.5
2773,0.00046128,5008.3
2774,0.00054786,5010.1
2775,0.00053725,5012.0
2776,0.00058188,5013.8
2777,0.00041451,5015.6
2778,0.00041698,5017.4
2779,0.00073730,5019.2
2780,0.00056314,5021.1
2781,0.00068439,5022.8
2782,0.00077446,5024.6
2783,0.00054062,5026.4
2784,0.00057852,5028.2
2785,0.00078136,5030.0
2786,0.00058790,5031.7
2787,0.00046854,5033.5
2788,0.00052227,5035.3
2789,0.00048035,5037.1
2790,0.00052464,5038.9
2791,0.00053197,5040.7
2792,0.00053439,5042.4
2793,0.00080856,5044.2
2794,0.00037985,5046.0
2795,0.00052450,5047.8
2796,0.00089258,5049.6
2797,0.00036458,5051.4
2798,0.00070824,5053.2
2799,0.00049958,5055.0
2800,0.00045236,5056.8
2801,0.00058883,5058.6
2802,0.00057658,5060.4
2803,0.00065998,5062.2
2804,0.00065147,5064.0
2805,0.00066923,5065.7
2806,0.00080236,5067.5
2807,0.00032619,5069.3
2808,0.00065922,5071.1
2809,0.00048711,5072.9
2810,0.00044053,5074.7
2811,0.00083448,5076.5
2812,0.00052559,5078.3
2813,0.00043213,5080.0
2814,0.00043320,5081.8
2815,0.00056158,5083.6
2816,0.00048715,5085.4
2817,0.00058614,5087.2
2818,0.00057659,5089.0
2819,0.00044232,5090.8
2820,0.00081527,5092.5
2821,0.00058278,5094.3
2822,0.00042122,5096.1
2823,0.00078600,5098.0
2824,0.00045477,5099.8
2825,0.00062383,5101.6
2826,0.00040393,5103.4
2827,0.00037823,5105.1
2828,0.00056771,5106.9
2829,0.00064713,5108.7
2830,0.00076762,5110.6
2831,0.00047185,5112.4
2832,0.00039215,5114.2
2833,0.00037053,5116.0
2834,0.00069014,5117.9
2835,0.00058446,5119.7
2836,0.00048435,5121.6
2837,0.00058814,5123.4
2838,0.00052600,5125.2
2839,0.00061983,5127.1
2840,0.00044171,5128.9
2841,0.00053516,5130.7
2842,0.00052381,5132.5
2843,0.00071387,5134.4
2844,0.00044552,5136.2
2845,0.00042886,5138.0
2846,0.00042447,5139.8
2847,0.00069037,5141.7
2848,0.00065888,5143.5
2849,0.00044833,5145.3
2850,0.00039076,5147.2
2851,0.00051978,5149.0
2852,0.00066630,5150.8
2853,0.00047720,5152.6
2854,0.00053825,5154.4
2855,0.00048475,5156.2
2856,0.00057499,5158.0
2857,0.00045682,5159.8
2858,0.00060889,5161.7
2859,0.00056705,5163.5
2860,0.00046818,5165.3
2861,0.00061701,5167.1
2862,0.00057847,5168.9
2863,0.00054283,5170.7
2864,0.00131134,5172.5
2865,0.00057172,5174.3
2866,0.00058152,5176.0
2867,0.00044306,5177.8
2868,0.00035111,5179.6
2869,0.00058591,5181.4
2870,0.00064040,5183.2
2871,0.00049789,5184.9
2872,0.00029331,5186.7
2873,0.00089173,5188.5
2874,0.00048856,5190.3
2875,0.00046528,5192.1
2876,0.00073117,5193.9
2877,0.00048327,5195.7
2878,0.00064480,5197.5
2879,0.00048179,5199.3
2880,0.00042756,5201.1
2881,0.00049422,5203.0
2882,0.00045814,5204.8
2883,0.00081203,5206.6
2884,0.00057118,5208.4
2885,0.00036354,5210.3
2886,0.00069598,5212.1
2887,0.00051480,5213.9
2888,0.00078128,5215.7
2889,0.00033086,5217.5
2890,0.00040976,5219.4
2891,0.00050531,5221.2
2892,0.00078418,5223.0
2893,0.00053940,5224.9
2894,0.00037406,5226.7
2895,0.00048672,5228.5
2896,0.00030918,5230.3
2897,0.00054181,5232.2
2898,0.00074733,5234.0
2899,0.00041011,5235.8
2900,0.00052989,5237.6
2901,0.00049249,5239.4
2902,0.00047811,5241.2
2903,0.00071872,5243.0
2904,0.00063731,5244.7
2905,0.00048320,5246.5
2906,0.00037756,5248.3
2907,0.00053005,5250.1
2908,0.00069806,5251.9
2909,0.00048995,5253.7
2910,0.00129382,5255.4
2911,0.00047187,5257.2
2912,0.00040643,5259.0
2913,0.00041218,5260.8
2914,0.00034478,5262.6
2915,0.00054688,5264.4
2916,0.00056425,5266.1
2917,0.00033136,5267.9
2918,0.00056222,5269.7
2919,0.00041687,5271.5
2920,0.00054292,5273.3
2921,0.00067896,5275.1
2922,0.00054107,5276.9
2923,0.00039679,5278.6
2924,0.00040983,5280.4
2925,0.00040630,5282.2
2926,0.00050075,5284.0
2927,0.00064764,5285.8
2928,0.00069272,5287.6
2929,0.00040413,5289.4
2930,0.00056148,5291.1
2931,0.00045993,5292.9
2932,0.00038175,5294.7
2933,0.00062777,5296.5
2934,0.00046259,5298.3
2935,0.00042317,5300.1
2936,0.00071866,5301.8
2937,0.00062074,5303.6
2938,0.00046084,5305.4
2939,0.00056887,5307.2
2940,0.00057083,5309.0
2941,0.00042428,5310.8
2942,0.00058571,5312.5
2943,0.00067616,5314.3
2944,0.00042760,5316.1
2945,0.00048100,5317.9
2946,0.00056107,5319.7
2947,0.00034374,5321.5
2948,0.00069063,5323.3
2949,0.00048516,5325.0
2950,0.00044790,5326.8
2951,0.00052385,5328.6
2952,0.00055691,5330.4
2953,0.00050616,5332.2
2954,0.00045118,5333.9
2955,0.00043607,5335.7
2956,0.00055676,5337.5
2957,0.00052527,5339.3
2958,0.00077337,5341.1
2959,0.00045264,5342.9
2960,0.00079396,5344.7
2961,0.00063429,5346.4
2962,0.00049849,5348.2
2963,0.00045765,5350.0
2964,0.00048175,5351.8
2965,0.00030810,5353.6
2966,0.00057256,5355.4
2967,0.00039156,5357.1
2968,0.00045054,5358.9
2969,0.00045131,5360.7
2970,0.00065134,5362.5
2971,0.00048193,5364.3
2972,0.00037043,5366.1
2973,0.00050733,5367.9
2974,0.00029873,5369.6
2975,0.00064446,5371.4
2976,0.00044754,5373.2
2977,0.00050095,5375.0
2978,0.00061481,5376.8
2979,0.00050374,5378.6
2980,0.00046892,5380.4
2981,0.00047480,5382.1
2982,0.00043420,5383.9
2983,0.00047373,5385.8
2984,0.00045053,5387.6
2985,0.00039206,5389.4
2986,0.00046061,5391.2
2987,0.00037758,5393.0
2988,0.00067701,5394.8
2989,0.00063720,5396.6
2990,0.00044766,5398.4
2991,0.00040741,5400.1
2992,0.00056009,5401.9
2993,0.00035010,5403.7
2994,0.00043162,5405.5
2995,0.00092365,5407.3
2996,0.00043093,5409.0
2997,0.00044365,5410.8
2998,0.00091689,5412.6
2999,0.00049663,5414.4
3000,0.00038771,5416.2
3001,0.00044033,5418.0
3002,0.00046304,5419.8
3003,0.00036893,5421.6
3004,0.00082634,5423.4
3005,0.00043572,5425.2
3006,0.00041697,5427.0
3007,0.00042380,5428.8
3008,0.00059202,5430.6
3009,0.00040446,5432.4
3010,0.00044554,5434.1
3011,0.00054880,5435.9
3012,0.00053362,5437.7
3013,0.00072563,5439.5
3014,0.00045967,5441.3
3015,0.00032244,5443.1
3016,0.00065095,5444.9
3017,0.00050598,5446.7
3018,0.00038465,5448.4
3019,0.00058261,5450.2
3020,0.00036778,5452.0
3021,0.00044932,5453.8
3022,0.00057661,5455.6
3023,0.00059714,5457.3
3024,0.00075894,5459.1
3025,0.00063183,5460.9
3026,0.00052359,5462.7
3027,0.00054885,5464.5
3028,0.00047117,5466.3
3029,0.00047517,5468.1
3030,0.00034052,5469.9
3031,0.00043218,5471.7
3032,0.00042526,5473.4
3033,0.00026495,5475.2
3034,0.00042600,5477.0
3035,0.00052949,5478.8
3036,0.00050288,5480.6
3037,0.00050713,5482.4
3038,0.00058664,5484.2
3039,0.00053800,5486.0
3040,0.00037280,5487.8
3041,0.00061845,5489.6
3042,0.00049518,5491.5
3043,0.00039113,5493.3
3044,0.00039833,5495.1
3045,0.00044919,5496.9
3046,0.00058936,5498.8
3047,0.00062708,5500.6
3048,0.00044585,5502.4
3049,0.00038730,5504.2
3050,0.00064000,5506.0
3051,0.00054777,5507.8
3052,0.00049453,5509.6
3053,0.00047698,5511.4
3054,0.00062308,5513.2
3055,0.00078963,5515.0
3056,0.00050854,5516.7
3057,0.00052089,5518.5
3058,0.00037642,5520.3
3059,0.00105291,5522.1
3060,0.00038577,5523.9
3061,0.00044884,5525.7
3062,0.00049462,5527.4
3063,0.00039060,5529.2
3064,0.00035255,5531.0
3065,0.00055877,5532.8
3066,0.00052904,5534.6
3067,0.00047101,5536.3
3068,0.00042467,5538.1
3069,0.00086369,5539.9
3070,0.00060271,5541.7
3071,0.00060367,5543.6
3072,0.00078618,5545.4
3073,0.00043368,5547.2
3074,0.00057883,5549.0
3075,0.00043549,5550.8
3076,0.00043875,5552.6
3077,0.00053995,5554.4
3078,0.00041303,5556.1
3079,0.00032614,5557.9
3080,0.00042746,5559.7
3081,0.00049615,5561.5
3082,0.00045613,5563.3
3083,0.00055800,5565.1
3084,0.00053136,5566.9
3085,0.00038056,5568.6
3086,0.00037504,5570.4
3087,0.00055290,5572.2
3088,0.00046913,5574.0
3089,0.00046959,5575.8
3090,0.00050033,5577.7
3091,0.00058567,5579.5
3092,0.00062560,5581.3
3093,0.00053117,5583.1
3094,0.00034710,5585.0
3095,0.00047889,5586.8
3096,0.00043144,5588.6
3097,0.00042591,5590.4
3098,0.00030407,5592.3
3099,0.00055233,5594.1
3100,0.00081408,5595.9
3101,0.00040084,5597.7
3102,0.00036290,5599.6
3103,0.00066788,5601.4
3104,0.00046184,5603.2
3105,0.00047304,5605.1
3106,0.00030775,5606.9
3107,0.00054922,5608.7
3108,0.00069232,5610.6
3109,0.00041728,5612.4
3110,0.00045812,5614.2
3111,0.00030847,5616.0
3112,0.00038960,5617.9
3113,0.00053638,5619.7
3114,0.00080905,5621.5
3115,0.00043789,5623.4
3116,0.00033517,5625.2
3117,0.00030992,5627.0
3118,0.00065183,5628.8
3119,0.00054541,5630.7
3120,0.00024119,5632.5
3121,0.00035465,5634.3
3122,0.00039234,5636.1
3123,0.00053691,5637.9
3124,0.00028437,5639.7
3125,0.00052061,5641.5
3126,0.00070039,5643.2
3127,0.00046258,5645.1
3128,0.00046561,5646.9
3129,0.00040089,5648.7
3130,0.00060367,5650.6
3131,0.00046224,5652.4
3132,0.00038674,5654.2
3133,0.00031849,5656.1
3134,0.00055024,5657.9
3135,0.00048761,5659.7
3136,0.00067479,5661.5
3137,0.00041802,5663.3
3138,0.00042884,5665.2
3139,0.00040738,5667.0
3140,0.00046339,5668.7
3141,0.00038845,5670.5
3142,0.00060714,5672.3
3143,0.00038132,5674.1
3144,0.00067431,5675.9
3145,0.00041168,5677.7
3146,0.00034305,5679.5
3147,0.00044336,5681.3
3148,0.00051138,5683.1
3149,0.00054807,5684.9
3150,0.00052983,5686.7
3151,0.00049341,5688.5
3152,0.00030813,5690.3
3153,0.00045774,5692.1
3154,0.00036635,5694.0
3155,0.00055984,5695.8
3156,0.00042120,5697.6
3157,0.00036120,5699.5
3158,0.00062588,5701.3
3159,0.00042110,5703.1
3160,0.00054464,5705.0
3161,0.00073980,5706.7
3162,0.00054602,5708.5
3163,0.00043806,5710.3
3164,0.00036028,5712.1
3165,0.00074202,5713.9
3166,0.00049825,5715.7
3167,0.00038960,5717.4
3168,0.00062181,5719.2
3169,0.00060666,5721.0
3170,0.00037980,5722.8
3171,0.00045943,5724.6
3172,0.00072208,5726.4
3173,0.00045764,5728.2
3174,0.00035624,5730.0
3175,0.00037743,5731.7
3176,0.00056363,5733.5
3177,0.00037008,5735.3
3178,0.00061900,5737.1
3179,0.00036816,5738.9
3180,0.00038161,5740.7
3181,0.00035079,5742.5
3182,0.00062498,5744.2
3183,0.00041827,5746.0
3184,0.00054874,5747.8
3185,0.00063272,5749.6
3186,0.00054609,5751.4
3187,0.00029715,5753.2
3188,0.00033763,5755.0
3189,0.00028351,5756.8
3190,0.00042113,5758.6
3191,0.00057906,5760.4
3192,0.00047015,5762.1
3193,0.00050360,5763.9
3194,0.00037867,5765.7
3195,0.00036152,5767.5
3196,0.00040344,5769.3
3197,0.00039247,5771.1
3198,0.00035737,5772.9
3199,0.00032377,5774.7
3200,0.00039180,5776.5
3201,0.00038723,5778.2
3202,0.00050936,5780.0
3203,0.00047527,5781.8
3204,0.00049158,5783.6
3205,0.00043189,5785.4
3206,0.00037948,5787.2
3207,0.00038878,5789.0
3208,0.00041187,5790.7
3209,0.00060181,5792.5
3210,0.00039827,5794.3
3211,0.00040761,5796.1
3212,0.00068144,5797.9
3213,0.00028264,5799.7
3214,0.00043580,5801.5
3215,0.00070292,5803.2
3216,0.00051411,5805.0
3217,0.00045653,5806.8
3218,0.00046573,5808.6
3219,0.00062245,5810.4
3220,0.00065243,5812.2
3221,0.00034039,5814.0
3222,0.00036716,5815.8
3223,0.00050594,5817.5
3224,0.00039436,5819.3
3225,0.00060865,5821.1
3226,0.00044617,5822.9
3227,0.00087195,5824.7
3228,0.00038521,5826.5
3229,0.00032515,5828.3
3230,0.00042648,5830.1
3231,0.00042468,5831.9
3232,0.00043560,5833.6
3233,0.00043093,5835.4
3234,0.00046047,5837.2
3235,0.00055776,5839.0
3236,0.00072277,5840.8
3237,0.00091199,5842.6
3238,0.00031149,5844.4
3239,0.00051520,5846.2
3240,0.00038302,5848.0
3241,0.00036567,5849.7
3242,0.00055856,5851.5
3243,0.00048132,5853.3
3244,0.00082384,5855.1
3245,0.00046319,5856.9
3246,0.00042400,5858.7
3247,0.00041793,5860.5
3248,0.00045957,5862.2
3249,0.00039145,5864.0
3250,0.00035446,5865.8
3251,0.00046459,5867.6
3252,0.00040936,5869.4
3253,0.00052320,5871.2
3254,0.00044317,5873.0
3255,0.00049818,5874.8
3256,0.00034183,5876.5
3257,0.00029417,5878.3
3258,0.00039393,5880.1
3259,0.00051654,5881.9
3260,0.00074046,5883.7
3261,0.00061027,5885.5
3262,0.00043974,5887.3
3263,0.00049239,5889.1
3264,0.00033128,5890.9
3265,0.00058749,5892.7
3266,0.00039192,5894.4
3267,0.00032304,5896.2
3268,0.00034612,5898.0
3269,0.00046007,5899.8
3270,0.00041469,5901.6
3271,0.00037916,5903.4
3272,0.00055608,5905.2
3273,0.00055779,5907.0
3274,0.00053607,5908.8
3275,0.00047460,5910.6
3276,0.00043661,5912.3
3277,0.00041068,5914.1
3278,0.00040928,5915.9
3279,0.00068329,5917.7
3280,0.00035793,5919.5
3281,0.00049773,5921.3
3282,0.00044913,5923.2
3283,0.00028163,5925.0
3284,0.00046446,5926.8
3285,0.00035819,5928.5
3286,0.00043297,5930.3
3287,0.00039945,5932.1
3288,0.00044483,5933.9
3289,0.00037631,5935.7
3290,0.00049082,5937.5
3291,0.00074719,5939.3
3292,0.00032264,5941.0
3293,0.00039975,5942.8
3294,0.00032280,5944.6
3295,0.00063092,5946.4
3296,0.00030314,5948.2
3297,0.00057951,5950.0
3298,0.00039635,5951.8
3299,0.00060355,5953.5
3300,0.00028489,5955.3
3301,0.00031884,5957.1
3302,0.00040330,5958.9
3303,0.00053822,5960.7
3304,0.00036030,5962.5
3305,0.00060467,5964.3
3306,0.00050029,5966.1
3307,0.00039669,5967.8
3308,0.00055218,5969.6
3309,0.00066418,5971.4
3310,0.00041472,5973.2
3311,0.00037274,5975.0
3312,0.00055324,5976.8
3313,0.00040054,5978.6
3314,0.00041599,5980.4
3315,0.00028420,5982.2
3316,0.00024556,5984.0
3317,0.00043397,5985.8
3318,0.00060775,5987.5
3319,0.00025283,5989.3
3320,0.00069241,5991.1
3321,0.00048838,5992.9
3322,0.00039525,5994.7
3323,0.00024516,5996.5
3324,0.00043894,5998.3
3325,0.00043658,6000.0
3326,0.00043930,6001.8
3327,0.00038542,6003.6
3328,0.00044663,6005.4
3329,0.00044889,6007.2
3330,0.00038719,6009.0
3331,0.00033031,6010.8
3332,0.00040112,6012.6
3333,0.00027398,6014.4
3334,0.00039782,6016.1
3335,0.00036339,6017.9
3336,0.00034697,6019.7
3337,0.00037646,6021.5
3338,0.00039891,6023.3
3339,0.00075735,6025.1
3340,0.00059178,6026.9
3341,0.00037857,6028.7
3342,0.00038129,6030.5
3343,0.00025996,6032.3
3344,0.00031143,6034.0
3345,0.00038746,6035.8
3346,0.00051567,6037.6
3347,0.00043686,6039.4
3348,0.00038671,6041.2
3349,0.00078372,6043.0
3350,0.00035420,6044.8
3351,0.00038922,6046.6
3352,0.00103457,6048.4
3353,0.00044267,6050.1
3354,0.00045349,6051.9
3355,0.00035894,6053.7
3356,0.00047482,6055.5
3357,0.00051953,6057.3
3358,0.00023379,6059.1
3359,0.00039573,6060.9
3360,0.00050687,6062.7
3361,0.00041228,6064.5
3362,0.00056458,6066.3
3363,0.00033996,6068.0
3364,0.00039831,6069.8
3365,0.00036418,6071.6
3366,0.00035666,6073.4
3367,0.00031317,6075.2
3368,0.00046125,6077.0
3369,0.00034595,6078.8
3370,0.00049858,6080.6
3371,0.00043088,6082.3
3372,0.00028289,6084.1
3373,0.00033341,6085.9
3374,0.00042052,6087.7
3375,0.00059271,6089.5
3376,0.00053288,6091.3
3377,0.00035045,6093.1
3378,0.00042206,6094.9
3379,0.00033200,6096.8
3380,0.00045632,6098.6
3381,0.00033615,6100.4
3382,0.00054982,6102.3
3383,0.00041179,6104.1
3384,0.00067883,6105.9
3385,0.00029731,6107.7
3386,0.00042488,6109.5
3387,0.00048645,6111.3
3388,0.00052972,6113.0
3389,0.00052242,6114.8
3390,0.00043086,6116.6
3391,0.00034317,6118.4
3392,0.00049816,6120.2
3393,0.00039464,6122.0
3394,0.00032636,6123.8
3395,0.00061730,6125.5
3396,0.00043466,6127.3
3397,0.00036192,6129.2
3398,0.00031691,6131.0
3399,0.00038335,6132.7
3400,0.00050258,6134.5
3401,0.00028043,6136.3
3402,0.00033383,6138.1
3403,0.00035901,6139.9
3404,0.00026286,6141.7
3405,0.00054207,6143.6
3406,0.00035558,6145.3
3407,0.00047235,6147.1
3408,0.00048995,6148.9
3409,0.00041271,6150.7
3410,0.00032877,6152.5
3411,0.00054618,6154.3
3412,0.00043283,6156.1
3413,0.00064791,6157.8
3414,0.00055388,6159.6
3415,0.00031218,6161.4
3416,0.00031548,6163.2
3417,0.00038362,6165.0
3418,0.00030361,6166.8
3419,0.00062983,6168.6
3420,0.00026532,6170.4
3421,0.00043785,6172.2
3422,0.00036565,6174.0
3423,0.00046857,6175.7
3424,0.00036332,6177.5
3425,0.00051254,6179.3
3426,0.00026036,6181.1
3427,0.00041650,6182.9
3428,0.00040852,6184.7
3429,0.00038895,6186.4
3430,0.00024379,6188.2
3431,0.00040444,6190.0
3432,0.00051817,6191.8
3433,0.00047313,6193.6
3434,0.00053409,6195.4
3435,0.00022632,6197.2
3436,0.00049948,6199.0
3437,0.00040498,6200.7
3438,0.00038903,6202.5
3439,0.00051874,6204.3
3440,0.00039702,6206.1
3441,0.00030318,6207.9
3442,0.00030844,6209.7
3443,0.00049493,6211.5
3444,0.00057268,6213.2
3445,0.00029551,6215.1
3446,0.00045794,6216.9
3447,0.00034713,6218.7
3448,0.00057325,6220.5
3449,0.00048556,6222.3
3450,0.00038791,6224.1
3451,0.00050495,6225.9
3452,0.00037710,6227.7
3453,0.00024843,6229.5
3454,0.00042926,6231.3
3455,0.00049736,6233.1
3456,0.00035569,6234.8
3457,0.00030450,6236.6
3458,0.00038014,6238.4
3459,0.00067504,6240.2
3460,0.00027527,6242.1
3461,0.00031923,6243.9
3462,0.00037929,6245.7
3463,0.00034060,6247.4
3464,0.00041026,6249.2
3465,0.00041091,6251.0
3466,0.00063544,6252.8
3467,0.00026818,6254.6
3468,0.00057226,6256.4
3469,0.00041993,6258.3
3470,0.00038180,6260.1
3471,0.00031841,6261.9
3472,0.00034236,6263.8
3473,0.00038965,6265.6
3474,0.00042339,6267.4
3475,0.00031198,6269.2
3476,0.00037388,6271.0
3477,0.00042514,6272.8
3478,0.00039158,6274.6
3479,0.00031738,6276.5
3480,0.00075495,6278.3
3481,0.00031756,6280.1
3482,0.00059566,6281.9
3483,0.00039624,6283.8
3484,0.00037697,6285.6
3485,0.00043697,6287.4
3486,0.00030938,6289.2
3487,0.00036259,6291.1
3488,0.00039699,6292.9
3489,0.00051177,6294.7
3490,0.00051102,6296.5
3491,0.00034506,6298.3
3492,0.00037200,6300.1
3493,0.00034815,6301.9
3494,0.00025672,6303.7
3495,0.00036304,6305.4
3496,0.00034078,6307.2
3497,0.00032124,6309.0
3498,0.00041432,6310.8
3499,0.00067159,6312.6
3500,0.00034373,6314.4
3501,0.00036582,6316.2
3502,0.00054643,6318.0
3503,0.00033747,6319.8
3504,0.00037132,6321.6
3505,0.00028366,6323.4
3506,0.00040392,6325.2
3507,0.00030080,6327.0
3508,0.00027724,6328.8
3509,0.00031875,6330.5
3510,0.00038126,6332.3
3511,0.00054799,6334.1
3512,0.00034619,6335.9
3513,0.00020681,6337.7
3514,0.00037904,6339.5
3515,0.00035304,6341.3
3516,0.00051082,6343.0
3517,0.00038980,6344.8
3518,0.00030304,6346.6
3519,0.00042953,6348.4
3520,0.00036666,6350.2
3521,0.00036149,6352.0
3522,0.00030468,6353.8
3523,0.00038715,6355.5
3524,0.00038011,6357.3
3525,0.00037245,6359.1
3526,0.00078388,6360.9
3527,0.00035192,6362.7
3528,0.00027864,6364.5
3529,0.00038562,6366.3
3530,0.00024444,6368.0
3531,0.00025169,6369.8
3532,0.00040362,6371.6
3533,0.00036873,6373.4
3534,0.00040952,6375.2
3535,0.00032905,6377.0
3536,0.00030430,6378.8
3537,0.00031422,6380.6
3538,0.00025500,6382.3
3539,0.00032082,6384.1
3540,0.00030891,6385.9
3541,0.00056582,6387.7
3542,0.00029256,6389.5
3543,0.00080795,6391.3
3544,0.00057357,6393.1
3545,0.00023825,6394.9
3546,0.00026344,6396.6
3547,0.00028878,6398.4
3548,0.00035316,6400.2
3549,0.00026761,6402.0
3550,0.00071002,6403.8
3551,0.00032030,6405.5
3552,0.00058677,6407.3
3553,0.00027598,6409.1
3554,0.00038909,6410.9
3555,0.00054660,6412.7
3556,0.00068114,6414.5
3557,0.00040760,6416.3
3558,0.00041052,6418.0
3559,0.00040419,6419.8
3560,0.00035146,6421.6
3561,0.00030360,6423.4
3562,0.00064748,6425.2
3563,0.00029723,6427.0
3564,0.00056391,6428.8
3565,0.00024757,6430.5
3566,0.00028480,6432.3
3567,0.00040306,6434.1
3568,0.00036776,6435.9
3569,0.00034442,6437.7
3570,0.00030666,6439.5
3571,0.00037883,6441.3
3572,0.00026662,6443.1
3573,0.00030462,6444.8
3574,0.00031086,6446.6
3575,0.00032680,6448.4
3576,0.00042109,6450.2
3577,0.00063593,6452.0
3578,0.00040402,6453.8
3579,0.00039437,6455.6
3580,0.00057473,6457.4
3581,0.00027689,6459.1
3582,0.00035391,6460.9
3583,0.00026439,6462.7
3584,0.00029058,6464.5
3585,0.00035856,6466.3
3586,0.00043051,6468.1
3587,0.00093433,6469.8
3588,0.00044155,6471.6
3589,0.00043264,6473.4
3590,0.00050036,6475.2
3591,0.00031544,6477.0
3592,0.00035794,6478.8
3593,0.00020909,6480.6
3594,0.00037219,6482.4
3595,0.00048511,6484.2
3596,0.00039768,6485.9
3597,0.00026855,6487.7
3598,0.00035306,6489.5
3599,0.00055422,6491.3
3600,0.00049336,6493.1
3601,0.00042233,6494.9
3602,0.00059757,6496.6
3603,0.00030336,6498.5
3604,0.00044952,6500.3
3605,0.00024890,6502.1
3606,0.00054217,6504.0
3607,0.00031898,6505.8
3608,0.00027075,6507.6
3609,0.00028585,6509.4
3610,0.00050557,6511.3
3611,0.00045172,6513.1
3612,0.00036111,6514.9
3613,0.00034574,6516.8
3614,0.00033957,6518.6
3615,0.00037971,6520.4
3616,0.00035239,6522.3
3617,0.00035125,6524.1
3618,0.00028057,6525.9
3619,0.00028316,6527.7
3620,0.00034497,6529.6
3621,0.00054687,6531.4
3622,0.00058868,6533.2
3623,0.00047333,6535.1
3624,0.00051887,6536.9
3625,0.00035075,6538.7
3626,0.00017116,6540.5
3627,0.00028760,6542.2
3628,0.00031837,6544.0
3629,0.00034100,6545.8
3630,0.00018646,6547.6
3631,0.00020241,6549.4
3632,0.00088696,6551.2
3633,0.00028172,6552.9
3634,0.00028275,6554.7
3635,0.00038165,6556.5
3636,0.00030499,6558.3
3637,0.00036707,6560.1
3638,0.00024573,6561.8
3639,0.00051996,6563.6
3640,0.00031629,6565.4
3641,0.00046175,6567.2
3642,0.00034684,6569.0
3643,0.00028703,6570.8
3644,0.00025215,6572.5
3645,0.00037497,6574.3
3646,0.00038299,6576.1
3647,0.00025523,6577.9
3648,0.00034333,6579.7
3649,0.00046980,6581.5
3650,0.00035611,6583.3
3651,0.00023656,6585.1
3652,0.00026490,6586.9
3653,0.00055043,6588.7
3654,0.00031167,6590.4
3655,0.00034022,6592.2
3656,0.00028630,6594.1
3657,0.00034649,6595.9
3658,0.00035603,6597.7
3659,0.00041125,6599.5
3660,0.00029780,6601.3
3661,0.00026573,6603.1
3662,0.00030738,6604.9
3663,0.00042733,6606.7
3664,0.00040527,6608.4
3665,0.00032598,6610.2
3666,0.00028020,6612.0
3667,0.00028682,6613.8
3668,0.00042217,6615.7
3669,0.00042864,6617.5
3670,0.00043624,6619.3
3671,0.00045017,6621.2
3672,0.00025971,6623.0
3673,0.00034661,6624.8
3674,0.00054721,6626.6
3675,0.00043127,6628.5
3676,0.00023481,6630.3
3677,0.00031990,6632.1
3678,0.00070479,6633.9
3679,0.00027846,6635.8
3680,0.00033222,6637.6
3681,0.00039952,6639.4
3682,0.00025362,6641.1
3683,0.00042202,6642.9
3684,0.00043189,6644.7
3685,0.00032149,6646.5
3686,0.00035240,6648.4
3687,0.00036586,6650.2
3688,0.00040953,6652.0
3689,0.00028920,6653.8
3690,0.00043586,6655.6
3691,0.00021272,6657.4
3692,0.00052279,6659.1
3693,0.00024677,6661.0
3694,0.00056958,6662.8
3695,0.00050096,6664.6
3696,0.00026936,6666.4
3697,0.00020451,6668.2
3698,0.00037307,6670.0
3699,0.00054737,6671.8
3700,0.00031411,6673.6
3701,0.00032665,6675.4
3702,0.00023519,6677.3
3703,0.00040191,6679.1
3704,0.00055591,6680.9
3705,0.00031510,6682.7
3706,0.00034169,6684.5
3707,0.00038723,6686.4
3708,0.00037899,6688.2
3709,0.00027241,6690.0
3710,0.00048671,6691.8
3711,0.00034599,6693.6
3712,0.00027192,6695.3
3713,0.00026775,6697.1
3714,0.00076374,6698.9
3715,0.00020520,6700.7
3716,0.00026886,6702.5
3717,0.00045790,6704.3
3718,0.00039104,6706.1
3719,0.00036545,6708.0
3720,0.00020926,6709.8
3721,0.00039162,6711.6
3722,0.00034605,6713.4
3723,0.00036970,6715.2
3724,0.00036686,6717.0
3725,0.00041058,6718.9
3726,0.00026823,6720.7
3727,0.00038640,6722.5
3728,0.00042437,6724.3
3729,0.00037438,6726.1
3730,0.00020667,6727.9
3731,0.00029758,6729.7
3732,0.00043135,6731.5
3733,0.00023497,6733.3
3734,0.00027339,6735.2
3735,0.00036111,6737.0
3736,0.00019542,6738.8
3737,0.00028242,6740.6
3738,0.00036536,6742.5
3739,0.00036160,6744.3
3740,0.00032955,6746.1
3741,0.00025279,6747.9
3742,0.00045907,6749.7
3743,0.00027940,6751.6
3744,0.00026980,6753.4
3745,0.00040795,6755.2
3746,0.00033413,6757.0
3747,0.00037112,6758.8
3748,0.00026578,6760.6
3749,0.00041118,6762.4
3750,0.00068118,6764.2
3751,0.00033107,6766.0
3752,0.00056487,6767.8
3753,0.00044525,6769.7
3754,0.00032422,6771.5
3755,0.00022864,6773.3
3756,0.00039147,6775.1
3757,0.00032778,6777.0
3758,0.00028453,6778.8
3759,0.00039896,6780.6
3760,0.00052007,6782.4
3761,0.00042250,6784.2
3762,0.00042915,6786.0
3763,0.00056873,6787.9
3764,0.00022076,6789.7
3765,0.00029516,6791.5
3766,0.00047413,6793.3
3767,0.00038279,6795.1
3768,0.00065335,6796.9
3769,0.00028279,6798.7
3770,0.00045640,6800.5
3771,0.00035298,6802.4
3772,0.00039683,6804.2
3773,0.00028186,6806.0
3774,0.00032724,6807.9
3775,0.00042516,6809.7
3776,0.00027739,6811.4
3777,0.00031058,6813.2
3778,0.00041988,6815.0
3779,0.00023397,6816.8
3780,0.00028454,6818.6
3781,0.00026659,6820.4
3782,0.00019200,6822.1
3783,0.00039138,6823.9
3784,0.00027290,6825.7
3785,0.00046036,6827.5
3786,0.00049330,6829.3
3787,0.00027877,6831.1
3788,0.00034249,6832.8
3789,0.00047593,6834.6
3790,0.00027591,6836.4
3791,0.00037909,6838.2
3792,0.00042519,6840.0
3793,0.00024010,6841.8
3794,0.00033876,6843.5
3795,0.00024599,6845.3
3796,0.00032664,6847.1
3797,0.00032011,6848.9
3798,0.00036425,6850.7
3799,0.00037531,6852.5
3800,0.00039413,6854.3
3801,0.00032325,6856.0
3802,0.00038259,6857.8
3803,0.00035970,6859.6
3804,0.00027534,6861.4
3805,0.00031124,6863.2
3806,0.00059335,6865.1
3807,0.00049333,6866.9
3808,0.00036112,6868.7
3809,0.00040103,6870.5
3810,0.00046629,6872.2
3811,0.00032989,6874.0
3812,0.00027674,6875.8
3813,0.00031464,6877.6
3814,0.00033581,6879.3
3815,0.00035715,6881.1
3816,0.00024591,6882.9
3817,0.00058720,6884.7
3818,0.00022770,6886.5
3819,0.00020229,6888.3
3820,0.00045190,6890.1
3821,0.00030626,6891.9
3822,0.00033060,6893.7
3823,0.00052883,6895.6
3824,0.00038424,6897.4
3825,0.00030239,6899.2
3826,0.00037146,6900.9
3827,0.00033920,6902.7
3828,0.00033729,6904.5
3829,0.00026449,6906.3
3830,0.00053558,6908.1
3831,0.00057552,6909.9
3832,0.00036066,6911.6
3833,0.00023350,6913.4
3834,0.00041466,6915.2
3835,0.00041343,6917.0
3836,0.00018462,6918.8
3837,0.00027791,6920.6
3838,0.00053545,6922.3
3839,0.00059419,6924.1
3840,0.00034860,6925.9
3841,0.00018429,6927.7
3842,0.00037122,6929.5
3843,0.00039742,6931.3
3844,0.00021665,6933.0
3845,0.00031585,6934.8
3846,0.00030193,6936.6
3847,0.00022901,6938.4
3848,0.00032985,6940.2
3849,0.00042975,6942.1
3850,0.00018583,6943.9
3851,0.00042743,6945.7
3852,0.00040779,6947.5
3853,0.00041157,6949.4
3854,0.00024310,6951.2
3855,0.00039988,6953.0
3856,0.00033711,6954.8
3857,0.00016025,6956.7
3858,0.00030575,6958.5
3859,0.00056030,6960.3
3860,0.00060165,6962.2
3861,0.00035746,6964.0
3862,0.00044063,6965.8
3863,0.00037872,6967.7
3864,0.00019217,6969.5
3865,0.00024973,6971.3
3866,0.00046229,6973.1
3867,0.00037758,6975.0
3868,0.00031328,6976.8
3869,0.00038779,6978.6
3870,0.00024201,6980.4
3871,0.00033194,6982.3
3872,0.00046425,6984.1
3873,0.00031212,6986.0
3874,0.00023803,6987.8
3875,0.00031578,6989.6
3876,0.00022838,6991.4
3877,0.00033268,6993.2
3878,0.00029213,6994.9
3879,0.00051778,6996.7
3880,0.00044703,6998.5
3881,0.00050080,7000.3
3882,0.00032226,7002.1
3883,0.00046298,7003.9
3884,0.00028980,7005.7
3885,0.00041030,7007.4
3886,0.00040890,7009.2
3887,0.00019675,7011.0
3888,0.00034251,7012.8
3889,0.00028508,7014.6
3890,0.00024039,7016.4
3891,0.00018341,7018.2
3892,0.00029604,7020.0
3893,0.00055796,7021.8
3894,0.00026429,7023.6
3895,0.00035555,7025.4
3896,0.00027812,7027.2
3897,0.00048021,7029.0
3898,0.00043635,7030.8
3899,0.00032810,7032.7
3900,0.00048102,7034.5
3901,0.00022420,7036.3
3902,0.00022136,7038.1
3903,0.00042250,7040.0
3904,0.00030665,7041.8
3905,0.00053448,7043.6
3906,0.00020300,7045.4
3907,0.00039739,7047.2
3908,0.00026216,7049.1
3909,0.00052896,7050.9
3910,0.00026368,7052.7
3911,0.00040006,7054.5
3912,0.00040195,7056.4
3913,0.00035154,7058.2
3914,0.00026080,7060.0
3915,0.00021176,7061.8
3916,0.00045864,7063.7
3917,0.00024098,7065.5
3918,0.00029415,7067.3
3919,0.00039388,7069.1
3920,0.00018983,7070.9
3921,0.00036541,7072.7
3922,0.00021693,7074.6
3923,0.00057049,7076.4
3924,0.00033558,7078.2
3925,0.00035617,7080.1
3926,0.00022600,7081.9
3927,0.00022988,7083.7
3928,0.00020660,7085.5
3929,0.00030237,7087.4
3930,0.00077926,7089.2
3931,0.00030973,7091.0
3932,0.00016624,7092.8
3933,0.00038035,7094.6
3934,0.00036461,7096.3
3935,0.00049488,7098.1
3936,0.00020444,7099.9
3937,0.00030142,7101.7
3938,0.00025579,7103.5
3939,0.00025699,7105.3
3940,0.00028661,7107.0
3941,0.00036499,7108.8
3942,0.00038412,7110.6
3943,0.00047432,7112.4
3944,0.00028597,7114.2
3945,0.00056679,7116.0
3946,0.00032032,7117.8
3947,0.00021612,7119.5
3948,0.00026400,7121.3
3949,0.00029235,7123.1
3950,0.00041618,7124.9
3951,0.00039418,7126.7
3952,0.00055450,7128.5
3953,0.00023465,7130.2
3954,0.00025715,7132.0
3955,0.00030592,7133.8
3956,0.00025420,7135.6
3957,0.00024093,7137.4
3958,0.00037845,7139.2
3959,0.00034311,7141.1
3960,0.00033319,7142.9
3961,0.00031842,7144.7
3962,0.00035826,7146.5
3963,0.00046069,7148.3
3964,0.00031767,7150.1
3965,0.00027845,7151.8
3966,0.00029452,7153.6
3967,0.00022455,7155.4
3968,0.00026370,7157.2
3969,0.00049675,7159.0
3970,0.00021843,7160.8
3971,0.00029947,7162.6
3972,0.00027267,7164.4
3973,0.00027314,7166.2
3974,0.00058090,7168.1
3975,0.00040976,7169.9
3976,0.00037830,7171.7
3977,0.00020806,7173.5
3978,0.00023251,7175.3
3979,0.00032843,7177.1
3980,0.00039926,7178.9
3981,0.00024369,7180.7
3982,0.00021071,7182.4
3983,0.00037880,7184.2
3984,0.00048036,7186.0
3985,0.00028229,7187.8
3986,0.00027533,7189.6
3987,0.00042311,7191.4
3988,0.00021029,7193.1
3989,0.00074461,7194.9
3990,0.00020044,7196.7
3991,0.00068449,7198.5
3992,0.00029222,7200.2
3993,0.00036121,7202.0
3994,0.00029593,7203.8
3995,0.00039597,7205.6
3996,0.00021626,7207.4
3997,0.00020914,7209.2
3998,0.00042740,7211.0
3999,0.00022420,7212.8
4000,0.00025425,7214.6
4001,0.00039607,7216.4
4002,0.00044217,7218.2
4003,0.00025228,7220.0
4004,0.00056944,7221.8
4005,0.00038221,7223.6
4006,0.00033155,7225.4
4007,0.00032667,7227.1
4008,0.00029368,7229.0
4009,0.00025428,7230.8
4010,0.00045937,7232.5
4011,0.00026307,7234.3
4012,0.00034910,7236.1
4013,0.00019327,7237.9
4014,0.00029405,7239.7
4015,0.00040747,7241.4
4016,0.00063278,7243.2
4017,0.00032058,7245.0
4018,0.00032877,7246.8
4019,0.00020190,7248.6
4020,0.00035545,7250.4
4021,0.00043741,7252.2
4022,0.00031714,7254.0
4023,0.00019203,7255.8
4024,0.00021271,7257.6
4025,0.00018900,7259.4
4026,0.00056167,7261.2
4027,0.00039942,7263.0
4028,0.00036269,7264.8
4029,0.00027189,7266.6
4030,0.00034207,7268.4
4031,0.00021913,7270.3
4032,0.00016849,7272.1
4033,0.00029405,7273.8
4034,0.00058758,7275.7
4035,0.00025877,7277.4
4036,0.00034576,7279.2
4037,0.00038194,7281.0
4038,0.00039055,7282.8
4039,0.00032054,7284.7
4040,0.00036879,7286.5
4041,0.00027122,7288.3
4042,0.00031323,7290.2
4043,0.00017523,7292.0
4044,0.00033840,7293.8
4045,0.00024102,7295.6
4046,0.00028125,7297.5
4047,0.00033064,7299.3
4048,0.00025693,7301.1
4049,0.00041901,7302.9
4050,0.00037067,7304.6
4051,0.00033156,7306.5
4052,0.00034068,7308.3
4053,0.00022847,7310.1
4054,0.00028674,7311.9
4055,0.00040066,7313.7
4056,0.00020928,7315.5
4057,0.00043785,7317.2
4058,0.00039898,7319.0
4059,0.00025634,7320.8
4060,0.00038561,7322.6
4061,0.00029444,7324.4
4062,0.00025839,7326.3
4063,0.00025678,7328.1
4064,0.00020409,7329.9
4065,0.00024248,7331.6
4066,0.00045088,7333.4
4067,0.00028834,7335.2
4068,0.00028381,7337.0
4069,0.00030276,7338.8
4070,0.00020002,7340.6
4071,0.00031672,7342.3
4072,0.00040233,7344.1
4073,0.00028363,7345.9
4074,0.00065481,7347.7
4075,0.00034599,7349.5
4076,0.00022974,7351.3
4077,0.00020302,7353.0
4078,0.00018630,7354.8
4079,0.00036959,7356.6
4080,0.00042957,7358.4
4081,0.00035999,7360.3
4082,0.00017688,7362.1
4083,0.00034844,7363.9
4084,0.00030207,7365.7
4085,0.00035304,7367.5
4086,0.00030633,7369.2
4087,0.00043324,7371.0
4088,0.00026610,7372.9
4089,0.00020500,7374.7
4090,0.00027350,7376.5
4091,0.00022724,7378.3
4092,0.00022309,7380.2
4093,0.00033311,7382.0
4094,0.00034190,7383.8
4095,0.00037050,7385.6
4096,0.00033339,7387.4
4097,0.00030023,7389.3
4098,0.00044915,7391.1
4099,0.00029242,7392.9
4100,0.00017653,7394.7
4101,0.00027879,7396.6
4102,0.00033796,7398.4
4103,0.00030708,7400.2
4104,0.00014803,7402.0
4105,0.00033651,7403.9
4106,0.00033320,7405.7
4107,0.00023785,7407.5
4108,0.00032182,7409.3
4109,0.00039340,7411.2
4110,0.00022826,7413.0
4111,0.00032558,7414.8
4112,0.00020421,7416.7
4113,0.00023263,7418.5
4114,0.00038659,7420.3
4115,0.00031055,7422.1
4116,0.00027330,7424.0
4117,0.00024722,7425.8
4118,0.00028409,7427.6
4119,0.00031287,7429.4
4120,0.00025747,7431.3
4121,0.00025708,7433.1
4122,0.00027805,7434.9
4123,0.00037114,7436.6
4124,0.00032193,7438.4
4125,0.00015470,7440.2
4126,0.00024208,7442.0
4127,0.00034457,7443.8
4128,0.00016527,7445.5
4129,0.00046876,7447.3
4130,0.00030220,7449.1
4131,0.00027687,7450.9
4132,0.00041530,7452.7
4133,0.00020161,7454.4
4134,0.00019929,7456.3
4135,0.00021391,7458.1
4136,0.00053385,7459.9
4137,0.00027415,7461.7
4138,0.00025434,7463.5
4139,0.00035295,7465.3
4140,0.00038237,7467.1
4141,0.00041705,7468.9
4142,0.00020194,7470.6
4143,0.00019946,7472.4
4144,0.00041462,7474.2
4145,0.00026643,7476.0
4146,0.00030988,7477.9
4147,0.00030865,7479.7
4148,0.00030096,7481.5
4149,0.00026484,7483.3
4150,0.00056223,7485.2
4151,0.00049714,7487.0
4152,0.00024764,7488.8
4153,0.00012896,7490.6
4154,0.00024364,7492.4
4155,0.00031663,7494.2
4156,0.00058988,7495.9
4157,0.00043316,7497.7
4158,0.00025946,7499.5
4159,0.00026592,7501.3
4160,0.00035608,7503.1
4161,0.00039755,7504.9
4162,0.00057873,7506.6
4163,0.00040996,7508.4
4164,0.00018943,7510.2
4165,0.00029101,7512.0
4166,0.00019429,7513.8
4167,0.00028271,7515.6
4168,0.00031183,7517.3
4169,0.00028475,7519.1
4170,0.00022123,7520.9
4171,0.00035950,7522.7
4172,0.00026860,7524.5
4173,0.00045786,7526.3
4174,0.00026523,7528.1
4175,0.00024215,7529.9
4176,0.00015435,7531.6
4177,0.00043619,7533.4
4178,0.00018603,7535.2
4179,0.00044488,7537.0
4180,0.00031360,7538.8
4181,0.00020995,7540.6
4182,0.00038164,7542.3
4183,0.00013854,7544.1
4184,0.00019239,7545.9
4185,0.00019400,7547.7
4186,0.00060576,7549.5
4187,0.00029048,7551.2
4188,0.00036898,7553.0
4189,0.00038362,7554.8
4190,0.00031385,7556.6
4191,0.00024498,7558.4
4192,0.00042602,7560.2
4193,0.00035646,7561.9
4194,0.00021665,7563.8
4195,0.00034629,7565.6
4196,0.00019489,7567.4
4197,0.00025738,7569.2
4198,0.00028751,7571.1
4199,0.00031959,7572.9
4200,0.00018616,7574.7
4201,0.00027477,7576.5
4202,0.00034231,7578.3
4203,0.00031173,7580.2
4204,0.00023080,7582.0
4205,0.00029987,7583.8
4206,0.00021496,7585.6
4207,0.00021762,7587.3
4208,0.00026496,7589.1
4209,0.00033092,7590.9
4210,0.00037534,7592.7
4211,0.00028545,7594.5
4212,0.00059726,7596.3
4213,0.00028331,7598.0
4214,0.00038539,7599.8
4215,0.00038098,7601.6
4216,0.00025469,7603.4
4217,0.00038391,7605.2
4218,0.00027574,7607.0
4219,0.00014718,7608.8
4220,0.00016108,7610.6
4221,0.00019240,7612.4
4222,0.00041697,7614.1
4223,0.00027175,7615.9
4224,0.00028840,7617.7
4225,0.00015722,7619.5
4226,0.00025357,7621.3
4227,0.00056009,7623.1
4228,0.00026681,7624.9
4229,0.00029930,7626.6
4230,0.00029837,7628.4
4231,0.00047322,7630.2
4232,0.00023117,7632.0
4233,0.00030577,7633.8
4234,0.00017974,7635.5
4235,0.00060463,7637.3
4236,0.00031842,7639.1
4237,0.00030081,7640.9
4238,0.00019455,7642.7
4239,0.00100280,7644.4
4240,0.00018424,7646.2
4241,0.00033573,7648.0
4242,0.00014187,7649.8
4243,0.00038306,7651.6
4244,0.00024356,7653.4
4245,0.00042358,7655.2
4246,0.00026151,7657.0
4247,0.00044431,7658.8
4248,0.00044734,7660.6
4249,0.00015932,7662.3
4250,0.00016889,7664.1
4251,0.00020521,7665.9
4252,0.00048499,7667.7
4253,0.00026705,7669.5
4254,0.00021664,7671.2
4255,0.00033373,7673.0
4256,0.00040141,7674.9
4257,0.00019318,7676.7
4258,0.00031521,7678.5
4259,0.00031497,7680.3
4260,0.00025567,7682.1
4261,0.00028558,7683.9
4262,0.00036185,7685.7
4263,0.00034733,7687.5
4264,0.00030082,7689.3
4265,0.00034766,7691.0
4266,0.00033682,7692.8
4267,0.00039954,7694.7
4268,0.00034682,7696.5
4269,0.00021248,7698.3
4270,0.00021368,7700.0
4271,0.00015625,7701.8
4272,0.00018049,7703.6
4273,0.00014894,7705.4
4274,0.00032762,7707.2
4275,0.00028913,7709.0
4276,0.00027502,7710.8
4277,0.00017800,7712.7
4278,0.00052583,7714.5
4279,0.00046791,7716.3
4280,0.00017607,7718.2
4281,0.00032233,7720.0
4282,0.00045642,7721.8
4283,0.00020459,7723.7
4284,0.00031008,7725.5
4285,0.00030216,7727.2
4286,0.00022242,7729.0
4287,0.00020809,7730.8
4288,0.00039623,7732.6
4289,0.00031855,7734.4
4290,0.00035989,7736.2
4291,0.00014450,7738.0
4292,0.00015261,7739.8
4293,0.00037209,7741.6
4294,0.00047957,7743.4
4295,0.00021661,7745.3
4296,0.00029478,7747.1
4297,0.00028876,7748.9
4298,0.00023046,7750.6
4299,0.00029002,7752.4
4300,0.00013061,7754.2
4301,0.00024541,7756.1
4302,0.00067812,7757.9
4303,0.00023172,7759.7
4304,0.00019228,7761.6
4305,0.00016379,7763.4
4306,0.00016084,7765.1
4307,0.00035253,7766.9
4308,0.00023432,7768.7
4309,0.00042583,7770.5
4310,0.00038044,7772.3
4311,0.00019629,7774.0
4312,0.00040069,7775.8
4313,0.00018925,7777.6
4314,0.00017864,7779.4
4315,0.00023772,7781.3
4316,0.00026061,7783.1
4317,0.00053566,7784.9
4318,0.00022620,7786.7
4319,0.00021510,7788.6
4320,0.00019794,7790.4
4321,0.00036514,7792.2
4322,0.00023274,7794.0
4323,0.00034409,7795.7
4324,0.00033193,7797.5
4325,0.00025183,7799.3
4326,0.00030830,7801.1
4327,0.00059764,7802.9
4328,0.00028986,7804.7
4329,0.00018543,7806.5
4330,0.00023334,7808.3
4331,0.00029073,7810.1
4332,0.00020647,7812.0
4333,0.00017898,7813.8
4334,0.00026476,7815.6
4335,0.00028292,7817.4
4336,0.00038936,7819.3
4337,0.00034968,7821.1
4338,0.00034547,7822.9
4339,0.00021786,7824.7
4340,0.00027236,7826.5
4341,0.00032979,7828.4
4342,0.00022972,7830.2
4343,0.00027848,7832.0
4344,0.00021403,7833.8
4345,0.00011591,7835.6
4346,0.00019187,7837.4
4347,0.00037315,7839.1
4348,0.00018631,7840.9
4349,0.00031091,7842.7
4350,0.00038760,7844.5
4351,0.00028493,7846.3
4352,0.00033205,7848.1
4353,0.00041846,7849.9
4354,0.00017965,7851.7
4355,0.00019421,7853.4
4356,0.00023683,7855.2
4357,0.00025846,7857.0
4358,0.00022848,7858.8
4359,0.00047158,7860.5
4360,0.00035413,7862.3
4361,0.00022060,7864.1
4362,0.00023500,7865.9
4363,0.00025366,7867.7
4364,0.00023024,7869.6
4365,0.00052471,7871.4
4366,0.00040128,7873.2
4367,0.00036442,7875.0
4368,0.00021718,7876.8
4369,0.00027714,7878.6
4370,0.00026107,7880.4
4371,0.00015301,7882.2
4372,0.00014960,7884.0
4373,0.00032327,7885.7
4374,0.00047537,7887.5
4375,0.00024638,7889.3
4376,0.00037444,7891.2
4377,0.00029699,7892.9
4378,0.00027629,7894.7
4379,0.00023428,7896.5
4380,0.00025129,7898.3
4381,0.00015552,7900.1
4382,0.00027251,7901.9
4383,0.00031118,7903.6
4384,0.00026816,7905.4
4385,0.00039954,7907.2
4386,0.00020147,7909.0
4387,0.00015747,7910.8
4388,0.00027421,7912.6
4389,0.00019928,7914.3
4390,0.00041118,7916.1
4391,0.00021525,7917.9
4392,0.00053248,7919.7
4393,0.00059717,7921.5
4394,0.00028392,7923.3
4395,0.00024268,7925.1
4396,0.00025968,7926.9
4397,0.00027285,7928.6
4398,0.00034960,7930.4
4399,0.00030807,7932.2
4400,0.00024415,7934.0
4401,0.00035623,7935.8
4402,0.00022608,7937.6
4403,0.00043650,7939.4
4404,0.00064574,7941.2
4405,0.00028218,7943.0
4406,0.00020827,7944.8
4407,0.00025737,7946.6
4408,0.00015659,7948.3
4409,0.00036813,7950.1
4410,0.00034068,7951.9
4411,0.00044293,7953.7
4412,0.00035263,7955.5
4413,0.00012466,7957.2
4414,0.00016102,7959.0
4415,0.00018554,7960.8
4416,0.00035298,7962.6
4417,0.00018713,7964.4
4418,0.00051889,7966.2
4419,0.00025890,7968.0
4420,0.00042189,7969.7
4421,0.00017371,7971.5
4422,0.00041031,7973.3
4423,0.00036223,7975.1
4424,0.00016536,7976.9
4425,0.00017659,7978.7
4426,0.00048319,7980.5
4427,0.00021349,7982.3
4428,0.00060333,7984.0
4429,0.00017941,7985.8
4430,0.00014551,7987.6
4431,0.00014758,7989.4
4432,0.00042765,7991.2
4433,0.00044333,7993.0
4434,0.00021055,7994.7
4435,0.00017731,7996.5
4436,0.00031861,7998.3
4437,0.00025649,8000.1
4438,0.00024750,8001.9
4439,0.00033101,8003.7
4440,0.00026568,8005.5
4441,0.00033627,8007.3
4442,0.00012428,8009.0
4443,0.00029884,8010.8
4444,0.00047871,8012.6
4445,0.00026322,8014.4
4446,0.00018943,8016.2
4447,0.00022139,8018.0
4448,0.00021497,8019.8
4449,0.00028703,8021.5
4450,0.00026409,8023.3
4451,0.00017045,8025.1
4452,0.00016140,8026.9
4453,0.00016813,8028.7
4454,0.00028651,8030.5
4455,0.00046874,8032.3
4456,0.00037981,8034.1
4457,0.00033027,8035.9
4458,0.00015812,8037.7
4459,0.00021357,8039.6
4460,0.00045392,8041.4
4461,0.00018077,8043.2
4462,0.00023991,8045.0
4463,0.00019271,8046.9
4464,0.00044568,8048.7
4465,0.00023837,8050.5
4466,0.00031309,8052.4
4467,0.00038548,8054.2
4468,0.00029719,8056.0
4469,0.00017831,8057.8
4470,0.00014518,8059.5
4471,0.00017902,8061.3
4472,0.00032562,8063.1
4473,0.00046867,8064.9
4474,0.00028299,8066.7
4475,0.00022167,8068.5
4476,0.00025712,8070.2
4477,0.00021477,8072.0
4478,0.00021084,8073.8
4479,0.00024391,8075.6
4480,0.00019194,8077.4
4481,0.00040428,8079.3
4482,0.00024616,8081.1
4483,0.00033982,8082.9
4484,0.00028082,8084.8
4485,0.00016780,8086.6
4486,0.00019555,8088.4
4487,0.00034790,8090.3
4488,0.00017426,8092.1
4489,0.00017542,8093.9
4490,0.00026403,8095.7
4491,0.00049902,8097.5
4492,0.00033595,8099.3
4493,0.00016059,8101.2
4494,0.00019685,8103.0
4495,0.00030751,8104.7
4496,0.00020352,8106.5
4497,0.00022147,8108.3
4498,0.00028050,8110.2
4499,0.00033408,8112.0
4500,0.00042188,8113.8
4501,0.00019369,8115.7
4502,0.00031273,8117.5
4503,0.00028611,8119.3
4504,0.00032719,8121.2
4505,0.00048434,8123.0
4506,0.00015043,8124.8
4507,0.00026745,8126.7
4508,0.00027917,8128.5
4509,0.00031052,8130.4
4510,0.00038265,8132.2
4511,0.00022196,8134.0
4512,0.00024291,8135.8
4513,0.00029683,8137.6
4514,0.00034143,8139.5
4515,0.00016967,8141.3
4516,0.00019923,8143.1
4517,0.00020984,8144.9
4518,0.00039822,8146.7
4519,0.00024728,8148.5
4520,0.00014850,8150.3
4521,0.00024874,8152.1
4522,0.00032540,8153.9
4523,0.00030742,8155.7
4524,0.00036164,8157.5
4525,0.00047509,8159.3
4526,0.00021911,8161.0
4527,0.00026661,8162.8
4528,0.00020993,8164.6
4529,0.00028783,8166.4
4530,0.00017258,8168.2
4531,0.00023621,8169.9
4532,0.00138370,8171.7
4533,0.00028738,8173.5
4534,0.00015912,8175.3
4535,0.00051615,8177.1
4536,0.00033721,8178.9
4537,0.00017757,8180.7
4538,0.00026782,8182.4
4539,0.00012950,8184.2
4540,0.00028423,8186.0
4541,0.00038457,8187.8
4542,0.00018978,8189.6
4543,0.00018910,8191.3
4544,0.00019928,8193.1
4545,0.00020839,8194.9
4546,0.00036542,8196.7
4547,0.00018914,8198.5
4548,0.00036403,8200.3
4549,0.00030969,8202.0
4550,0.00017632,8203.8
4551,0.00025806,8205.6
4552,0.00033306,8207.4
4553,0.00016261,8209.2
4554,0.00021186,8211.0
4555,0.00068623,8212.7
4556,0.00015724,8214.5
4557,0.00030830,8216.3
4558,0.00019024,8218.1
4559,0.00020653,8219.9
4560,0.00032652,8221.8
4561,0.00014752,8223.6
4562,0.00031075,8225.4
4563,0.00032561,8227.2
4564,0.00015251,8229.0
4565,0.00022474,8230.9
4566,0.00017506,8232.7
4567,0.00025224,8234.5
4568,0.00063678,8236.4
4569,0.00025381,8238.2
4570,0.00022478,8240.0
4571,0.00051278,8241.8
4572,0.00023968,8243.6
4573,0.00016094,8245.3
4574,0.00032704,8247.1
4575,0.00057535,8248.9
4576,0.00020216,8250.7
4577,0.00016037,8252.5
4578,0.00040487,8254.2
4579,0.00020200,8256.0
4580,0.00012768,8257.8
4581,0.00011884,8259.6
4582,0.00027211,8261.3
4583,0.00029732,8263.1
4584,0.00015482,8264.9
4585,0.00033090,8266.7
4586,0.00035101,8268.5
4587,0.00026343,8270.4
4588,0.00019762,8272.2
4589,0.00024998,8274.0
4590,0.00034815,8275.9
4591,0.00030644,8277.7
4592,0.00024145,8279.5
4593,0.00037143,8281.3
4594,0.00022485,8283.1
4595,0.00017728,8285.0
4596,0.00022263,8286.8
4597,0.00011887,8288.6
4598,0.00029056,8290.5
4599,0.00035053,8292.3
4600,0.00022054,8294.1
4601,0.00046488,8295.9
4602,0.00035700,8297.7
4603,0.00023885,8299.6
4604,0.00024809,8301.4
4605,0.00015483,8303.2
4606,0.00025416,8305.0
4607,0.00018348,8306.8
4608,0.00015659,8308.6
4609,0.00073401,8310.4
4610,0.00021428,8312.2
4611,0.00021071,8314.0
4612,0.00049057,8315.8
4613,0.00017101,8317.6
4614,0.00023346,8319.3
4615,0.00016918,8321.1
4616,0.00037383,8322.9
4617,0.00025171,8324.7
4618,0.00043764,8326.5
4619,0.00021858,8328.3
4620,0.00027375,8330.0
4621,0.00022379,8331.8
4622,0.00045815,8333.6
4623,0.00019018,8335.4
4624,0.00034365,8337.2
4625,0.00037562,8339.0
4626,0.00025349,8340.8
4627,0.00021918,8342.7
4628,0.00035993,8344.5
4629,0.00054323,8346.3
4630,0.00018007,8348.1
4631,0.00049792,8349.9
4632,0.00018593,8351.7
4633,0.00014252,8353.4
4634,0.00018272,8355.2
4635,0.00032792,8357.1
4636,0.00028027,8358.9
4637,0.00024498,8360.7
4638,0.00026042,8362.6
4639,0.00029909,8364.4
4640,0.00028190,8366.2
4641,0.00018219,8368.0
4642,0.00033504,8369.8
4643,0.00041922,8371.6
4644,0.00027426,8373.4
4645,0.00025143,8375.2
4646,0.00014558,8376.9
4647,0.00014162,8378.7
4648,0.00027604,8380.5
4649,0.00025164,8382.4
4650,0.00035969,8384.2
4651,0.00027230,8386.0
4652,0.00018182,8387.9
4653,0.00026611,8389.7
4654,0.00011610,8391.5
4655,0.00018213,8393.3
4656,0.00030538,8395.1
4657,0.00028769,8396.9
4658,0.00043530,8398.7
4659,0.00017185,8400.5
4660,0.00032878,8402.2
4661,0.00028053,8404.0
4662,0.00027452,8405.8
4663,0.00023228,8407.6
4664,0.00018954,8409.4
4665,0.00023957,8411.2
4666,0.00021510,8413.0
4667,0.00029905,8414.8
4668,0.00020469,8416.6
4669,0.00033907,8418.4
4670,0.00025571,8420.2
4671,0.00041365,8422.0
4672,0.00019521,8423.7
4673,0.00024206,8425.6
4674,0.00019698,8427.4
4675,0.00022188,8429.2
4676,0.00036165,8431.0
4677,0.00032669,8432.9
4678,0.00019664,8434.7
4679,0.00028117,8436.5
4680,0.00014623,8438.2
4681,0.00017627,8440.0
4682,0.00029697,8441.8
4683,0.00025389,8443.6
4684,0.00014429,8445.4
4685,0.00021334,8447.2
4686,0.00044736,8448.9
4687,0.00032592,8450.7
4688,0.00010595,8452.5
4689,0.00031440,8454.3
4690,0.00016658,8456.1
4691,0.00020272,8457.9
4692,0.00023165,8459.7
4693,0.00019076,8461.5
4694,0.00032014,8463.3
4695,0.00029580,8465.0
4696,0.00025382,8466.8
4697,0.00052124,8468.6
4698,0.00044186,8470.4
4699,0.00018173,8472.2
4700,0.00035374,8474.0
4701,0.00031541,8475.8
4702,0.00019415,8477.5
4703,0.00018526,8479.3
4704,0.00018597,8481.1
4705,0.00018473,8482.9
4706,0.00019238,8484.7
4707,0.00057729,8486.5
4708,0.00038767,8488.3
4709,0.00019237,8490.0
4710,0.00048980,8491.8
4711,0.00037351,8493.6
4712,0.00011191,8495.4
4713,0.00013508,8497.2
4714,0.00030309,8499.0
4715,0.00031380,8500.8
4716,0.00049100,8502.6
4717,0.00022837,8504.4
4718,0.00014591,8506.2
4719,0.00016008,8508.0
4720,0.00016400,8509.7
4721,0.00035704,8511.5
4722,0.00055540,8513.3
4723,0.00030815,8515.1
4724,0.00019339,8516.9
4725,0.00014954,8518.7
4726,0.00016965,8520.5
4727,0.00026398,8522.2
4728,0.00021246,8524.0
4729,0.00025689,8525.8
4730,0.00015390,8527.6
4731,0.00026384,8529.4
4732,0.00033137,8531.2
4733,0.00016276,8532.9
4734,0.00016683,8534.7
4735,0.00038771,8536.6
4736,0.00035653,8538.4
4737,0.00052295,8540.2
4738,0.00027666,8542.1
4739,0.00015693,8543.9
4740,0.00020026,8545.7
4741,0.00013943,8547.5
4742,0.00034553,8549.3
4743,0.00031359,8551.2
4744,0.00015531,8553.0
4745,0.00024164,8554.9
4746,0.00028166,8556.7
4747,0.00021812,8558.4
4748,0.00021476,8560.2
4749,0.00076668,8562.0
4750,0.00026227,8563.8
4751,0.00018195,8565.6
4752,0.00013104,8567.5
4753,0.00019852,8569.3
4754,0.00035686,8571.1
4755,0.00022290,8572.9
4756,0.00023458,8574.7
4757,0.00047431,8576.5
4758,0.00017104,8578.3
4759,0.00032900,8580.0
4760,0.00014824,8581.8
4761,0.00026611,8583.6
4762,0.00013371,8585.4
4763,0.00027707,8587.2
4764,0.00016217,8589.0
4765,0.00028798,8590.9
4766,0.00041312,8592.7
4767,0.00021060,8594.6
4768,0.00015269,8596.4
4769,0.00029111,8598.2
4770,0.00067612,8600.0
4771,0.00016810,8601.8
4772,0.00020307,8603.7
4773,0.00020748,8605.4
4774,0.00014548,8607.2
4775,0.00030486,8609.0
4776,0.00023591,8610.8
4777,0.00015421,8612.6
4778,0.00021682,8614.4
4779,0.00026726,8616.2
4780,0.00037338,8617.9
4781,0.00040596,8619.7
4782,0.00017880,8621.5
4783,0.00043938,8623.3
4784,0.00022348,8625.1
4785,0.00039938,8626.9
4786,0.00058634,8628.7
4787,0.00038189,8630.4
4788,0.00024404,8632.2
4789,0.00018202,8634.0
4790,0.00010742,8635.8
4791,0.00014164,8637.5
4792,0.00024447,8639.3
4793,0.00017506,8641.1
4794,0.00034120,8642.9
4795,0.00038007,8644.7
4796,0.00020014,8646.4
4797,0.00034427,8648.2
4798,0.00023741,8650.0
4799,0.00012478,8651.8
4800,0.00011423,8653.6
4801,0.00018154,8655.4
4802,0.00037248,8657.2
4803,0.00024069,8659.0
4804,0.00027457,8660.8
4805,0.00021278,8662.5
4806,0.00021209,8664.4
4807,0.00029041,8666.1
4808,0.00084661,8667.9
4809,0.00025149,8669.7
4810,0.00019009,8671.5
4811,0.00020823,8673.3
4812,0.00017319,8675.0
4813,0.00019760,8676.8
4814,0.00021621,8678.6
4815,0.00012055,8680.4
4816,0.00016791,8682.2
4817,0.00018708,8683.9
4818,0.00020762,8685.7
4819,0.00046530,8687.5
4820,0.00028781,8689.3
4821,0.00025640,8691.1
4822,0.00023943,8692.9
4823,0.00034047,8694.6
4824,0.00025517,8696.4
4825,0.00013999,8698.2
4826,0.00021689,8700.0
4827,0.00041279,8701.7
4828,0.00051249,8703.5
4829,0.00033286,8705.3
4830,0.00015832,8707.1
4831,0.00029093,8708.9
4832,0.00009924,8710.6
4833,0.00027581,8712.4
4834,0.00039752,8714.2
4835,0.00022029,8716.0
4836,0.00012944,8717.8
4837,0.00024181,8719.6
4838,0.00033933,8721.5
4839,0.00016158,8723.3
4840,0.00025805,8725.2
4841,0.00014938,8727.0
4842,0.00057879,8728.8
4843,0.00038724,8730.6
4844,0.00020602,8732.4
4845,0.00013132,8734.2
4846,0.00012853,8736.0
4847,0.00033334,8737.7
4848,0.00036938,8739.5
4849,0.00016372,8741.3
4850,0.00011165,8743.1
4851,0.00034261,8744.9
4852,0.00046487,8746.7
4853,0.00016028,8748.5
4854,0.00017093,8750.3
4855,0.00029987,8752.2
4856,0.00027748,8754.0
4857,0.00014588,8755.8
4858,0.00035252,8757.6
4859,0.00027057,8759.3
4860,0.00014272,8761.1
4861,0.00009500,8762.9
4862,0.00058563,8764.7
4863,0.00021503,8766.5
4864,0.00014820,8768.3
4865,0.00022165,8770.0
4866,0.00011397,8771.8
4867,0.00015018,8773.6
4868,0.00033272,8775.4
4869,0.00032351,8777.2
4870,0.00018669,8779.0
4871,0.00013824,8780.8
4872,0.00028879,8782.6
4873,0.00020684,8784.4
4874,0.00031793,8786.2
4875,0.00023975,8787.9
4876,0.00019344,8789.7
4877,0.00022389,8791.5
4878,0.00019493,8793.3
4879,0.00027559,8795.1
4880,0.00038020,8796.9
4881,0.00015718,8798.6
4882,0.00022190,8800.4
4883,0.00025743,8802.2
4884,0.00017404,8804.0
4885,0.00028427,8805.8
4886,0.00027017,8807.6
4887,0.00010345,8809.4
4888,0.00047446,8811.1
4889,0.00044137,8812.9
4890,0.00013416,8814.7
4891,0.00019431,8816.5
4892,0.00028294,8818.3
4893,0.00018889,8820.1
4894,0.00035256,8821.8
4895,0.00016466,8823.6
4896,0.00010963,8825.4
4897,0.00056726,8827.2
4898,0.00015162,8829.0
4899,0.00028314,8830.7
4900,0.00014365,8832.6
4901,0.00019818,8834.4
4902,0.00020766,8836.2
4903,0.00021535,8838.0
4904,0.00017723,8839.8
4905,0.00026239,8841.6
4906,0.00031501,8843.4
4907,0.00020517,8845.2
4908,0.00023784,8846.9
4909,0.00033292,8848.7
4910,0.00021223,8850.5
4911,0.00013516,8852.3
4912,0.00025150,8854.0
4913,0.00013621,8855.8
4914,0.00030803,8857.6
4915,0.00024130,8859.4
4916,0.00012176,8861.2
4917,0.00042828,8862.9
4918,0.00035951,8864.7
4919,0.00026447,8866.5
4920,0.00009491,8868.3
4921,0.00020314,8870.1
4922,0.00037624,8871.9
4923,0.00020707,8873.7
4924,0.00010277,8875.5
4925,0.00049244,8877.2
4926,0.00049714,8879.0
4927,0.00014206,8880.8
4928,0.00025090,8882.6
4929,0.00022024,8884.4
4930,0.00035121,8886.1
4931,0.00031913,8887.9
4932,0.00019366,8889.7
4933,0.00016588,8891.5
4934,0.00011465,8893.3
4935,0.00009872,8895.1
4936,0.00015654,8896.8
4937,0.00035806,8898.6
4938,0.00103805,8900.4
4939,0.00035339,8902.2
4940,0.00022207,8904.0
4941,0.00040582,8905.8
4942,0.00015925,8907.6
4943,0.00024118,8909.3
4944,0.00011825,8911.1
4945,0.00014791,8912.9
4946,0.00030354,8914.7
4947,0.00017748,8916.5
4948,0.00026058,8918.3
4949,0.00010519,8920.1
4950,0.00022891,8921.8
4951,0.00024377,8923.6
4952,0.00023935,8925.4
4953,0.00015408,8927.2
4954,0.00043535,8929.0
4955,0.00025595,8930.8
4956,0.00034679,8932.6
4957,0.00022925,8934.3
4958,0.00028392,8936.1
4959,0.00032452,8937.9
4960,0.00026395,8939.7
4961,0.00020208,8941.5
4962,0.00013965,8943.3
4963,0.00017988,8945.0
4964,0.00020826,8946.8
4965,0.00013511,8948.6
4966,0.00028573,8950.4
4967,0.00020444,8952.2
4968,0.00027368,8954.0
4969,0.00063815,8955.8
4970,0.00021230,8957.5
4971,0.00021285,8959.3
4972,0.00009436,8961.1
4973,0.00027480,8962.9
4974,0.00010330,8964.7
4975,0.00023388,8966.5
4976,0.00027783,8968.3
4977,0.00022688,8970.1
4978,0.00033279,8971.9
4979,0.00019941,8973.6
4980,0.00010185,8975.4
4981,0.00026878,8977.2
4982,0.00022019,8979.0
4983,0.00025033,8980.8
4984,0.00035864,8982.6
4985,0.00016880,8984.3
4986,0.00025147,8986.1
4987,0.00024272,8987.9
4988,0.00047782,8989.7
4989,0.00025472,8991.5
4990,0.00014534,8993.3
4991,0.00015246,8995.1
4992,0.00023438,8996.8
4993,0.00012448,8998.6
4994,0.00013411,9000.4
4995,0.00024418,9002.2
4996,0.00047225,9004.0
4997,0.00034160,9005.8
4998,0.00011614,9007.6
4999,0.00021374,9009.3
5000,0.00029147,9011.1
5001,0.00040473,9012.9
5002,0.00015354,9014.7
5003,0.00008617,9016.5
5004,0.00022043,9018.3
5005,0.00039445,9020.1
5006,0.00028457,9021.9
5007,0.00020134,9023.7
5008,0.00014330,9025.5
5009,0.00018835,9027.3
5010,0.00012212,9029.0
5011,0.00023955,9030.8
5012,0.00029332,9032.6
5013,0.00030007,9034.4
5014,0.00018117,9036.2
5015,0.00029509,9038.0
5016,0.00031720,9039.7
5017,0.00025575,9041.5
5018,0.00022971,9043.3
5019,0.00009386,9045.1
5020,0.00010883,9046.9
5021,0.00023210,9048.7
5022,0.00039138,9050.4
5023,0.00021736,9052.2
5024,0.00015510,9054.0
5025,0.00027971,9055.8
5026,0.00011540,9057.6
5027,0.00018391,9059.4
5028,0.00016268,9061.2
5029,0.00024602,9063.0
5030,0.00028755,9064.8
5031,0.00031630,9066.6
5032,0.00017721,9068.4
5033,0.00047597,9070.1
5034,0.00013705,9071.9
5035,0.00022948,9073.7
5036,0.00012217,9075.5
5037,0.00021213,9077.3
5038,0.00018550,9079.1
5039,0.00018468,9081.0
5040,0.00031775,9082.8
5041,0.00010293,9084.6
5042,0.00015903,9086.4
5043,0.00030068,9088.2
5044,0.00025476,9090.0
5045,0.00015228,9091.9
5046,0.00013310,9093.7
5047,0.00023787,9095.5
5048,0.00034745,9097.3
5049,0.00015066,9099.1
5050,0.00028907,9100.9
5051,0.00009721,9102.7
5052,0.00036637,9104.4
5053,0.00032122,9106.2
5054,0.00011307,9108.0
5055,0.00031744,9109.8
5056,0.00010075,9111.6
5057,0.00035975,9113.4
5058,0.00011251,9115.1
5059,0.00013777,9116.9
5060,0.00017092,9118.7
5061,0.00015449,9120.5
5062,0.00034674,9122.3
5063,0.00023980,9124.1
5064,0.00045851,9125.9
5065,0.00029438,9127.7
5066,0.00042212,9129.5
5067,0.00008268,9131.3
5068,0.00021056,9133.1
5069,0.00015722,9134.9
5070,0.00021449,9136.7
5071,0.00034029,9138.5
5072,0.00012510,9140.2
5073,0.00012558,9142.0
5074,0.00044473,9143.8
5075,0.00009756,9145.6
5076,0.00022058,9147.4
5077,0.00018365,9149.1
5078,0.00024248,9150.9
5079,0.00012619,9152.7
5080,0.00031548,9154.5
5081,0.00032049,9156.3
5082,0.00041131,9158.1
5083,0.00014712,9159.8
5084,0.00011593,9161.6
5085,0.00042958,9163.4
5086,0.00026849,9165.2
5087,0.00017134,9167.0
5088,0.00011307,9168.8
5089,0.00030189,9170.6
5090,0.00019342,9172.4
5091,0.00009987,9174.3
5092,0.00019741,9176.1
5093,0.00017847,9177.9
5094,0.00020291,9179.7
5095,0.00019945,9181.5
5096,0.00024384,9183.3
5097,0.00041283,9185.1
5098,0.00020971,9186.9
5099,0.00023344,9188.7
5100,0.00021069,9190.5
5101,0.00015777,9192.2
5102,0.00009930,9194.0
5103,0.00048965,9195.8
5104,0.00026519,9197.6
5105,0.00035518,9199.4
5106,0.00022970,9201.2
5107,0.00031500,9203.0
5108,0.00038755,9204.7
5109,0.00028159,9206.6
5110,0.00017809,9208.4
5111,0.00015970,9210.2
5112,0.00014146,9212.0
5113,0.00036108,9213.9
5114,0.00036403,9215.7
5115,0.00034077,9217.4
5116,0.00016392,9219.2
5117,0.00024999,9221.0
5118,0.00010814,9222.8
5119,0.00015160,9224.6
5120,0.00021700,9226.4
5121,0.00021674,9228.2
5122,0.00014858,9230.0
5123,0.00020518,9231.8
5124,0.00023353,9233.6
5125,0.00027523,9235.4
5126,0.00024420,9237.2
5127,0.00017076,9239.0
5128,0.00013724,9240.8
5129,0.00036124,9242.6
5130,0.00016162,9244.4
5131,0.00048397,9246.1
5132,0.00023473,9247.9
5133,0.00016761,9249.7
5134,0.00017138,9251.5
5135,0.00031112,9253.3
5136,0.00032218,9255.0
5137,0.00038589,9256.8
5138,0.00015767,9258.6
5139,0.00018055,9260.4
5140,0.00021887,9262.2
5141,0.00010513,9263.9
5142,0.00021015,9265.7
5143,0.00051012,9267.6
5144,0.00019944,9269.4
5145,0.00012761,9271.2
5146,0.00016058,9273.0
5147,0.00010582,9274.8
5148,0.00011936,9276.7
5149,0.00070707,9278.5
5150,0.00024721,9280.3
5151,0.00025598,9282.1
5152,0.00013919,9283.9
5153,0.00033448,9285.7
5154,0.00031710,9287.6
5155,0.00027394,9289.4
5156,0.00015681,9291.2
5157,0.00022588,9293.0
5158,0.00018064,9294.9
5159,0.00024177,9296.7
5160,0.00020591,9298.5
5161,0.00056411,9300.3
5162,0.00021857,9302.2
5163,0.00008906,9304.0
5164,0.00062390,9305.8
5165,0.00016968,9307.6
5166,0.00011564,9309.4
5167,0.00019463,9311.2
5168,0.00016356,9313.0
5169,0.00016175,9314.7
5170,0.00039152,9316.5
5171,0.00021929,9318.3
5172,0.00014467,9320.1
5173,0.00012139,9321.9
5174,0.00016933,9323.7
5175,0.00030250,9325.4
5176,0.00023924,9327.2
5177,0.00021818,9329.0
5178,0.00011807,9330.8
5179,0.00008266,9332.6
5180,0.00032416,9334.4
5181,0.00027187,9336.2
5182,0.00017257,9338.0
5183,0.00008959,9339.8
5184,0.00021784,9341.6
5185,0.00012102,9343.5
5186,0.00031124,9345.3
5187,0.00023486,9347.1
5188,0.00016990,9349.0
5189,0.00020763,9350.8
5190,0.00040852,9352.6
5191,0.00018523,9354.4
5192,0.00014190,9356.2
5193,0.00011244,9358.1
5194,0.00032780,9359.9
5195,0.00036840,9361.7
5196,0.00015756,9363.5
5197,0.00018696,9365.4
5198,0.00026540,9367.2
5199,0.00024643,9369.0
5200,0.00018180,9370.8
5201,0.00020690,9372.6
5202,0.00022547,9374.4
5203,0.00018190,9376.2
5204,0.00008015,9378.1
5205,0.00020792,9379.9
5206,0.00021910,9381.7
5207,0.00021199,9383.5
5208,0.00018603,9385.3
5209,0.00048746,9387.1
5210,0.00018054,9388.9
5211,0.00038718,9390.7
5212,0.00020148,9392.4
5213,0.00017321,9394.2
5214,0.00015694,9396.0
5215,0.00012459,9397.8
5216,0.00025576,9399.6
5217,0.00036281,9401.3
5218,0.00015277,9403.1
5219,0.00023439,9405.0
5220,0.00039680,9406.8
5221,0.00030676,9408.6
5222,0.00015561,9410.4
5223,0.00012519,9412.1
5224,0.00013002,9413.9
5225,0.00018416,9415.7
5226,0.00031304,9417.5
5227,0.00032040,9419.3
5228,0.00012936,9421.0
5229,0.00015161,9422.8
5230,0.00034346,9424.6
5231,0.00048714,9426.4
5232,0.00019322,9428.2
5233,0.00008947,9430.0
5234,0.00029310,9431.8
5235,0.00045084,9433.5
5236,0.00019551,9435.3
5237,0.00029730,9437.1
5238,0.00023203,9438.9
5239,0.00007971,9440.7
5240,0.00021717,9442.5
5241,0.00025501,9444.3
5242,0.00013148,9446.0
5243,0.00018072,9447.8
5244,0.00021262,9449.6
5245,0.00019561,9451.4
5246,0.00022812,9453.2
5247,0.00023399,9455.0
5248,0.00011832,9456.7
5249,0.00011434,9458.5
5250,0.00038668,9460.3
5251,0.00011423,9462.1
5252,0.00020592,9463.9
5253,0.00025669,9465.7
5254,0.00019643,9467.5
5255,0.00022180,9469.3
5256,0.00028414,9471.0
5257,0.00016246,9472.8
5258,0.00018319,9474.6
5259,0.00033672,9476.4
5260,0.00036346,9478.2
5261,0.00018541,9480.0
5262,0.00016940,9481.8
5263,0.00018314,9483.5
5264,0.00023378,9485.3
5265,0.00020976,9487.2
5266,0.00013147,9489.0
5267,0.00008294,9490.8
5268,0.00031601,9492.6
5269,0.00020424,9494.4
5270,0.00017372,9496.2
5271,0.00030486,9498.0
5272,0.00027911,9499.8
5273,0.00017393,9501.5
5274,0.00016959,9503.3
5275,0.00025276,9505.1
5276,0.00041275,9506.9
5277,0.00014743,9508.7
5278,0.00010378,9510.6
5279,0.00012708,9512.3
5280,0.00018261,9514.2
5281,0.00016003,9516.0
5282,0.00011998,9517.8
5283,0.00012514,9519.6
5284,0.00045957,9521.4
5285,0.00033647,9523.2
5286,0.00012427,9525.0
5287,0.00018448,9526.8
5288,0.00017154,9528.6
5289,0.00014318,9530.4
5290,0.00036445,9532.2
5291,0.00014470,9533.9
5292,0.00031491,9535.7
5293,0.00017529,9537.5
5294,0.00009080,9539.3
5295,0.00020688,9541.1
5296,0.00021946,9542.8
5297,0.00018469,9544.6
5298,0.00022319,9546.4
5299,0.00014154,9548.2
5300,0.00037221,9550.0
5301,0.00020404,9551.8
5302,0.00021883,9553.6
5303,0.00012900,9555.4
5304,0.00015627,9557.2
5305,0.00021281,9559.0
5306,0.00014622,9560.7
5307,0.00015233,9562.5
5308,0.00057387,9564.3
5309,0.00021242,9566.1
5310,0.00015972,9567.9
5311,0.00037922,9569.7
5312,0.00030389,9571.5
5313,0.00012237,9573.2
5314,0.00022488,9575.0
5315,0.00015978,9576.8
5316,0.00016607,9578.6
5317,0.00020592,9580.4
5318,0.00032824,9582.2
5319,0.00028627,9584.0
5320,0.00018678,9585.8
5321,0.00013216,9587.6
5322,0.00042368,9589.4
5323,0.00019058,9591.2
5324,0.00019405,9593.0
5325,0.00012893,9594.8
5326,0.00019339,9596.5
5327,0.00024124,9598.3
5328,0.00032205,9600.1
5329,0.00017811,9601.9
5330,0.00018223,9603.7
5331,0.00039542,9605.5
5332,0.00024972,9607.3
5333,0.00013241,9609.0
5334,0.00011761,9610.8
5335,0.00009227,9612.6
5336,0.00015924,9614.4
5337,0.00031233,9616.2
5338,0.00022974,9618.0
5339,0.00017494,9619.7
5340,0.00025273,9621.5
5341,0.00019473,9623.3
5342,0.00026048,9625.1
5343,0.00040598,9626.9
5344,0.00017047,9628.7
5345,0.00019528,9630.5
5346,0.00013747,9632.2
5347,0.00012548,9634.0
5348,0.00022309,9635.8
5349,0.00013656,9637.6
5350,0.00034681,9639.4
5351,0.00030966,9641.2
5352,0.00022346,9643.0
5353,0.00018390,9644.7
5354,0.00015471,9646.5
5355,0.00021200,9648.3
5356,0.00011578,9650.1
5357,0.00032930,9651.9
5358,0.00014820,9653.7
5359,0.00018659,9655.5
5360,0.00012074,9657.3
5361,0.00053150,9659.1
5362,0.00016643,9660.9
5363,0.00017580,9662.7
5364,0.00034112,9664.5
5365,0.00013837,9666.3
5366,0.00046839,9668.1
5367,0.00032793,9669.9
5368,0.00035910,9671.6
5369,0.00027155,9673.4
5370,0.00016006,9675.2
5371,0.00037094,9677.1
5372,0.00012688,9678.9
5373,0.00040807,9680.7
5374,0.00023906,9682.6
5375,0.00012291,9684.4
5376,0.00022657,9686.2
5377,0.00024031,9688.0
5378,0.00020334,9689.9
5379,0.00024148,9691.7
5380,0.00009729,9693.5
5381,0.00015565,9695.3
5382,0.00037621,9697.2
5383,0.00021223,9699.0
5384,0.00020309,9700.8
5385,0.00010374,9702.6
5386,0.00020100,9704.5
5387,0.00008409,9706.3
5388,0.00048203,9708.1
5389,0.00043862,9709.9
5390,0.00025856,9711.8
5391,0.00015123,9713.6
5392,0.00013766,9715.4
5393,0.00015907,9717.1
5394,0.00030960,9718.9
5395,0.00022934,9720.7
5396,0.00008824,9722.5
5397,0.00014814,9724.3
5398,0.00034578,9726.1
5399,0.00015066,9727.9
5400,0.00009638,9729.6
5401,0.00048824,9731.4
5402,0.00023405,9733.2
5403,0.00021918,9735.0
5404,0.00020658,9736.8
5405,0.00008839,9738.6
5406,0.00018428,9740.3
5407,0.00030426,9742.2
5408,0.00033549,9744.0
5409,0.00016157,9745.8
5410,0.00019224,9747.6
5411,0.00014247,9749.3
5412,0.00011494,9751.1
5413,0.00032207,9752.9
5414,0.00020689,9754.7
5415,0.00009304,9756.5
5416,0.00023239,9758.3
5417,0.00027301,9760.0
5418,0.00024888,9761.8
5419,0.00010754,9763.6
5420,0.00009400,9765.4
5421,0.00017052,9767.2
5422,0.00035383,9768.9
5423,0.00022465,9770.7
5424,0.00012190,9772.5
5425,0.00031333,9774.3
5426,0.00016101,9776.1
5427,0.00023791,9777.9
5428,0.00015443,9779.6
5429,0.00016526,9781.4
5430,0.00018708,9783.2
5431,0.00018347,9785.0
5432,0.00023395,9786.8
5433,0.00013000,9788.6
5434,0.00025242,9790.4
5435,0.00013502,9792.1
5436,0.00041209,9793.9
5437,0.00018676,9795.7
5438,0.00025954,9797.5
5439,0.00050031,9799.3
5440,0.00019569,9801.0
5441,0.00007990,9802.8
5442,0.00015268,9804.6
5443,0.00027636,9806.4
5444,0.00017721,9808.2
5445,0.00013713,9809.9
5446,0.00013431,9811.7
5447,0.00030083,9813.5
5448,0.00020455,9815.3
5449,0.00011256,9817.1
5450,0.00009065,9818.9
5451,0.00032677,9820.7
5452,0.00014812,9822.4
5453,0.00021720,9824.2
5454,0.00016722,9826.0
5455,0.00035643,9827.8
5456,0.00023730,9829.6
5457,0.00016944,9831.5
5458,0.00042725,9833.4
5459,0.00018217,9835.2
5460,0.00022702,9837.0
5461,0.00032758,9838.8
5462,0.00012950,9840.7
5463,0.00024263,9842.5
5464,0.00008606,9844.3
5465,0.00008672,9846.2
5466,0.00019172,9848.0
5467,0.00039466,9849.8
5468,0.00025381,9851.6
5469,0.00033579,9853.3
5470,0.00010222,9855.1
5471,0.00009389,9856.9
5472,0.00025163,9858.7
5473,0.00020489,9860.5
5474,0.00012644,9862.3
5475,0.00025513,9864.1
5476,0.00016489,9866.0
5477,0.00009125,9867.8
5478,0.00017899,9869.6
5479,0.00015690,9871.4
5480,0.00040121,9873.3
5481,0.00012775,9875.1
5482,0.00013765,9876.9
5483,0.00011192,9878.7
5484,0.00018203,9880.6
5485,0.00022926,9882.4
5486,0.00011371,9884.3
5487,0.00022435,9886.1
5488,0.00018277,9887.9
5489,0.00008899,9889.7
5490,0.00059523,9891.6
5491,0.00026172,9893.4
5492,0.00007962,9895.2
5493,0.00024514,9897.1
5494,0.00025999,9898.9
5495,0.00007568,9900.7
5496,0.00011212,9902.5
5497,0.00036039,9904.3
5498,0.00014400,9906.1
5499,0.00049237,9907.9
5500,0.00023075,9909.6
5501,0.00011412,9911.4
5502,0.00018469,9913.2
5503,0.00026651,9915.0
5504,0.00023759,9916.8
5505,0.00013839,9918.6
5506,0.00020075,9920.4
5507,0.00020157,9922.2
5508,0.00037738,9924.0
5509,0.00015608,9925.9
5510,0.00033217,9927.7
5511,0.00027332,9929.5
5512,0.00021218,9931.3
5513,0.00011789,9933.1
5514,0.00009854,9934.9
5515,0.00008986,9936.6
5516,0.00026465,9938.4
5517,0.00023941,9940.2
5518,0.00015650,9942.0
5519,0.00011098,9943.8
5520,0.00034246,9945.6
5521,0.00016645,9947.3
5522,0.00018647,9949.1
5523,0.00021463,9950.9
5524,0.00046431,9952.7
5525,0.00014725,9954.5
5526,0.00012860,9956.3
5527,0.00017434,9958.0
5528,0.00011879,9959.8
5529,0.00023391,9961.6
5530,0.00019330,9963.4
5531,0.00020225,9965.2
5532,0.00018536,9967.0
5533,0.00025144,9968.7
5534,0.00033034,9970.5
5535,0.00019481,9972.3
5536,0.00013945,9974.1
5537,0.00010925,9975.9
5538,0.00016356,9977.7
5539,0.00012427,9979.5
5540,0.00017367,9981.2
5541,0.00029491,9983.0
5542,0.00029278,9984.8
5543,0.00029537,9986.6
5544,0.00021660,9988.4
5545,0.00030604,9990.1
5546,0.00016099,9991.9
5547,0.00012805,9993.7
5548,0.00012791,9995.5
5549,0.00017164,9997.3
5550,0.00025619,9999.0
5551,0.00024008,10000.8
5552,0.00024042,10002.6
5553,0.00015788,10004.4
5554,0.00019250,10006.2
5555,0.00026495,10008.0
5556,0.00031292,10009.8
5557,0.00022284,10011.6
5558,0.00012213,10013.3
5559,0.00016409,10015.1
5560,0.00017455,10016.9
5561,0.00025717,10018.7
5562,0.00026153,10020.5
5563,0.00017827,10022.3
5564,0.00013560,10024.0
5565,0.00009350,10025.8
5566,0.00040469,10027.6
5567,0.00033275,10029.4
5568,0.00014611,10031.2
5569,0.00010700,10033.0
5570,0.00010190,10034.8
5571,0.00024934,10036.6
5572,0.00027705,10038.4
5573,0.00010041,10040.2
5574,0.00008574,10041.9
5575,0.00011075,10043.7
5576,0.00032879,10045.5
5577,0.00028709,10047.3
5578,0.00027622,10049.1
5579,0.00019613,10050.9
5580,0.00018007,10052.6
5581,0.00013042,10054.4
5582,0.00052152,10056.2
5583,0.00023537,10058.0
5584,0.00026215,10059.8
5585,0.00012662,10061.6
5586,0.00008590,10063.4
5587,0.00010122,10065.1
5588,0.00021139,10066.9
5589,0.00029480,10068.7
5590,0.00024648,10070.5
5591,0.00009372,10072.3
5592,0.00046869,10074.1
5593,0.00015268,10075.8
5594,0.00026483,10077.6
5595,0.00011031,10079.4
5596,0.00010657,10081.2
5597,0.00047571,10083.0
5598,0.00033082,10084.8
5599,0.00007543,10086.6
5600,0.00026421,10088.3
5601,0.00011604,10090.1
5602,0.00009191,10091.9
5603,0.00016336,10093.7
5604,0.00025565,10095.5
5605,0.00028109,10097.3
5606,0.00007332,10099.1
5607,0.00050204,10100.9
5608,0.00018985,10102.6
5609,0.00011908,10104.4
5610,0.00011326,10106.2
5611,0.00012296,10108.0
5612,0.00023246,10109.8
5613,0.00047634,10111.6
5614,0.00010082,10113.3
5615,0.00016408,10115.1
5616,0.00024624,10116.9
5617,0.00023495,10118.7
5618,0.00023818,10120.5
5619,0.00011195,10122.3
5620,0.00025140,10124.1
5621,0.00024422,10125.8
5622,0.00016868,10127.6
5623,0.00008085,10129.4
5624,0.00038753,10131.2
5625,0.00016988,10133.0
5626,0.00017595,10134.8
5627,0.00009822,10136.6
5628,0.00014121,10138.3
5629,0.00015769,10140.1
5630,0.00015237,10141.9
5631,0.00016527,10143.7
5632,0.00022939,10145.5
5633,0.00026050,10147.3
5634,0.00015021,10149.0
5635,0.00016421,10150.8
5636,0.00017909,10152.6
5637,0.00037212,10154.4
5638,0.00014114,10156.2
5639,0.00012210,10158.0
5640,0.00025850,10159.8
5641,0.00033780,10161.5
5642,0.00038753,10163.3
5643,0.00008926,10165.1
5644,0.00010563,10166.9
5645,0.00017623,10168.7
5646,0.00011140,10170.5
5647,0.00035752,10172.2
5648,0.00033806,10174.0
5649,0.00010301,10175.8
5650,0.00018527,10177.6
5651,0.00010775,10179.4
5652,0.00016797,10181.2
5653,0.00014564,10183.0
5654,0.00013031,10184.7
5655,0.00024369,10186.5
5656,0.00016544,10188.3
5657,0.00022455,10190.1
5658,0.00011665,10191.9
5659,0.00020623,10193.7
5660,0.00030348,10195.4
5661,0.00029464,10197.2
5662,0.00031902,10199.0
5663,0.00011132,10200.8
5664,0.00016668,10202.6
5665,0.00014168,10204.4
5666,0.00007951,10206.2
5667,0.00017221,10208.0
5668,0.00025132,10209.8
5669,0.00024300,10211.6
5670,0.00014303,10213.4
5671,0.00011263,10215.3
5672,0.00029209,10217.1
5673,0.00021054,10218.9
5674,0.00011809,10220.7
5675,0.00016156,10222.6
5676,0.00032276,10224.4
5677,0.00039954,10226.2
5678,0.00020575,10228.0
5679,0.00010892,10229.8
5680,0.00012959,10231.7
5681,0.00011765,10233.5
5682,0.00012034,10235.2
5683,0.00017856,10237.0
5684,0.00030474,10238.8
5685,0.00020286,10240.6
5686,0.00053876,10242.4
5687,0.00022581,10244.1
5688,0.00020230,10245.9
5689,0.00009467,10247.7
5690,0.00011387,10249.5
5691,0.00026372,10251.3
5692,0.00016391,10253.1
5693,0.00020263,10255.0
5694,0.00019431,10256.8
5695,0.00016666,10258.6
5696,0.00016881,10260.4
5697,0.00007507,10262.3
5698,0.00028975,10264.1
5699,0.00023006,10265.9
5700,0.00019859,10267.7
5701,0.00043816,10269.4
5702,0.00015849,10271.2
5703,0.00007663,10273.0
5704,0.00009679,10274.8
5705,0.00008702,10276.6
5706,0.00013421,10278.3
5707,0.00011594,10280.1
5708,0.00031280,10281.9
5709,0.00022587,10283.7
5710,0.00024628,10285.6
5711,0.00036329,10287.4
5712,0.00011855,10289.2
5713,0.00011469,10291.0
5714,0.00008602,10292.8
5715,0.00015389,10294.6
5716,0.00017124,10296.4
5717,0.00022654,10298.2
5718,0.00023763,10300.0
5719,0.00020204,10301.7
5720,0.00015263,10303.5
5721,0.00019279,10305.3
5722,0.00036706,10307.1
5723,0.00012680,10309.0
5724,0.00012757,10310.8
5725,0.00025096,10312.5
5726,0.00009388,10314.3
5727,0.00020666,10316.1
5728,0.00046253,10317.9
5729,0.00011488,10319.7
5730,0.00007387,10321.5
5731,0.00016493,10323.3
5732,0.00015294,10325.1
5733,0.00014584,10326.8
5734,0.00020893,10328.6
5735,0.00015185,10330.4
5736,0.00016379,10332.2
5737,0.00014029,10334.0
5738,0.00011953,10335.7
5739,0.00008054,10337.5
5740,0.00019312,10339.3
5741,0.00013833,10341.1
5742,0.00009748,10342.9
5743,0.00023572,10344.6
5744,0.00033698,10346.4
5745,0.00019375,10348.2
5746,0.00010576,10350.0
5747,0.00012813,10351.8
5748,0.00016275,10353.6
5749,0.00012630,10355.3
5750,0.00033766,10357.1
5751,0.00019953,10358.9
5752,0.00013872,10360.7
5753,0.00012720,10362.5
5754,0.00028376,10364.3
5755,0.00009233,10366.1
5756,0.00014000,10367.9
5757,0.00026646,10369.6
5758,0.00012250,10371.4
5759,0.00015720,10373.2
5760,0.00014791,10375.0
5761,0.00030963,10376.8
5762,0.00015570,10378.5
5763,0.00009494,10380.4
5764,0.00020041,10382.2
5765,0.00013261,10384.0
5766,0.00015338,10385.8
5767,0.00077359,10387.6
5768,0.00019268,10389.4
5769,0.00007956,10391.1
5770,0.00017183,10392.9
5771,0.00023118,10394.7
5772,0.00012493,10396.5
5773,0.00012075,10398.3
5774,0.00024014,10400.1
5775,0.00012044,10402.0
5776,0.00013365,10403.8
5777,0.00017432,10405.6
5778,0.00019016,10407.3
5779,0.00009516,10409.1
5780,0.00010097,10410.9
5781,0.00020087,10412.7
5782,0.00023732,10414.5
5783,0.00023026,10416.3
5784,0.00014567,10418.1
5785,0.00024622,10419.9
5786,0.00028568,10421.6
5787,0.00016641,10423.4
5788,0.00055999,10425.2
5789,0.00012237,10427.0
5790,0.00007203,10428.8
5791,0.00013333,10430.6
5792,0.00011017,10432.3
5793,0.00046745,10434.1
5794,0.00012535,10435.9
5795,0.00027007,10437.7
5796,0.00032935,10439.5
5797,0.00017349,10441.3
5798,0.00026096,10443.1
5799,0.00007516,10444.8
5800,0.00022585,10446.6
5801,0.00013003,10448.4
5802,0.00013475,10450.2
5803,0.00024157,10452.0
5804,0.00020699,10453.8
5805,0.00012460,10455.6
5806,0.00007757,10457.3
5807,0.00017611,10459.1
5808,0.00024777,10460.9
5809,0.00012677,10462.7
5810,0.00016537,10464.5
5811,0.00036910,10466.3
5812,0.00015382,10468.0
5813,0.00008648,10469.8
5814,0.00012505,10471.6
5815,0.00011621,10473.4
5816,0.00020945,10475.2
5817,0.00038049,10477.0
5818,0.00030210,10478.8
5819,0.00010622,10480.6
5820,0.00014947,10482.3
5821,0.00016331,10484.1
5822,0.00011376,10485.9
5823,0.00021660,10487.7
5824,0.00009233,10489.5
5825,0.00018258,10491.3
5826,0.00025915,10493.1
5827,0.00014667,10494.8
5828,0.00020733,10496.6
5829,0.00022937,10498.4
5830,0.00022966,10500.2
5831,0.00030501,10502.0
5832,0.00008386,10503.8
5833,0.00018046,10505.6
5834,0.00031033,10507.3
5835,0.00010792,10509.1
5836,0.00007586,10510.9
5837,0.00021726,10512.7
5838,0.00040636,10514.5
5839,0.00015536,10516.3
5840,0.00010352,10518.1
5841,0.00011104,10519.8
5842,0.00007559,10521.6
5843,0.00020638,10523.4
5844,0.00016359,10525.2
5845,0.00016060,10527.0
5846,0.00016162,10528.8
5847,0.00011880,10530.5
5848,0.00035181,10532.3
5849,0.00035096,10534.1
5850,0.00010048,10535.9
5851,0.00008070,10537.7
5852,0.00006873,10539.5
5853,0.00037598,10541.3
5854,0.00035476,10543.1
5855,0.00012858,10544.8
5856,0.00018318,10546.6
5857,0.00011706,10548.4
5858,0.00018604,10550.2
5859,0.00016202,10552.0
5860,0.00028587,10553.8
5861,0.00010909,10555.5
5862,0.00027543,10557.3
5863,0.00034158,10559.1
5864,0.00017127,10560.9
5865,0.00013043,10562.7
5866,0.00006225,10564.5
5867,0.00009795,10566.3
5868,0.00029676,10568.2
5869,0.00014708,10569.9
5870,0.00029960,10571.7
5871,0.00014123,10573.5
5872,0.00022811,10575.3
5873,0.00033952,10577.1
5874,0.00017678,10578.8
5875,0.00043736,10580.6
5876,0.00013114,10582.4
5877,0.00017586,10584.2
5878,0.00013710,10586.0
5879,0.00009616,10587.8
5880,0.00010454,10589.5
5881,0.00051754,10591.3
5882,0.00011860,10593.1
5883,0.00009497,10594.9
5884,0.00018314,10596.7
5885,0.00013809,10598.5
5886,0.00022254,10600.2
5887,0.00012274,10602.0
5888,0.00022424,10603.8
5889,0.00010470,10605.6
5890,0.00023276,10607.4
5891,0.00008427,10609.1
5892,0.00009106,10610.9
5893,0.00032415,10612.7
5894,0.00010304,10614.6
5895,0.00018455,10616.4
5896,0.00018318,10618.2
5897,0.00015257,10620.0
5898,0.00010121,10621.9
5899,0.00016184,10623.7
5900,0.00011414,10625.5
5901,0.00046310,10627.3
5902,0.00015805,10629.1
5903,0.00014642,10630.9
5904,0.00010942,10632.7
5905,0.00010809,10634.5
5906,0.00013362,10636.2
5907,0.00015139,10638.0
5908,0.00018545,10639.8
5909,0.00006210,10641.6
5910,0.00008744,10643.4
5911,0.00073355,10645.2
5912,0.00043811,10646.9
5913,0.00014775,10648.8
5914,0.00014485,10650.6
5915,0.00012435,10652.4
5916,0.00011418,10654.3
5917,0.00008253,10656.1
5918,0.00010170,10657.9
5919,0.00039261,10659.7
5920,0.00011771,10661.6
5921,0.00010849,10663.4
5922,0.00038545,10665.2
5923,0.00031658,10667.0
5924,0.00008588,10668.8
5925,0.00009442,10670.7
5926,0.00008561,10672.4
5927,0.00020069,10674.2
5928,0.00012372,10676.0
5929,0.00011694,10677.8
5930,0.00012301,10679.6
5931,0.00014394,10681.3
5932,0.00019441,10683.1
5933,0.00026933,10684.9
5934,0.00011107,10686.7
5935,0.00011080,10688.4
5936,0.00024249,10690.2
5937,0.00019067,10692.0
5938,0.00011369,10693.9
5939,0.00007146,10695.7
5940,0.00008886,10697.5
5941,0.00025737,10699.4
5942,0.00048732,10701.1
5943,0.00014712,10703.0
5944,0.00025256,10704.8
5945,0.00008114,10706.6
5946,0.00023859,10708.4
5947,0.00011379,10710.2
5948,0.00006914,10712.1
5949,0.00016983,10713.9
5950,0.00012251,10715.7
5951,0.00014564,10717.5
5952,0.00024587,10719.4
5953,0.00008033,10721.1
5954,0.00013794,10723.0
5955,0.00039890,10724.8
5956,0.00030009,10726.6
5957,0.00011758,10728.4
5958,0.00006765,10730.2
5959,0.00015700,10732.0
5960,0.00021527,10733.8
5961,0.00012004,10735.6
5962,0.00060147,10737.4
5963,0.00017838,10739.2
5964,0.00010300,10741.0
5965,0.00014731,10742.8
5966,0.00010340,10744.6
5967,0.00018247,10746.4
5968,0.00013012,10748.2
5969,0.00017103,10750.0
5970,0.00035083,10751.8
5971,0.00016763,10753.6
5972,0.00007084,10755.4
5973,0.00039034,10757.2
5974,0.00023914,10759.0
5975,0.00015827,10760.8
5976,0.00017964,10762.6
5977,0.00008901,10764.4
5978,0.00008512,10766.2
5979,0.00013046,10767.9
5980,0.00026946,10769.7
5981,0.00008781,10771.5
5982,0.00009547,10773.3
5983,0.00020556,10775.1
5984,0.00021074,10776.9
5985,0.00025659,10778.8
5986,0.00008432,10780.6
5987,0.00007950,10782.4
5988,0.00025167,10784.2
5989,0.00024635,10786.1
5990,0.00010873,10787.9
5991,0.00009895,10789.7
5992,0.00028196,10791.5
5993,0.00022335,10793.3
5994,0.00027471,10795.1
5995,0.00014926,10796.9
5996,0.00008199,10798.7
5997,0.00006804,10800.5
5998,0.00027505,10802.3
5999,0.00012970,10804.2
6000,0.00010419,10806.0
6001,0.00010242,10808.0
6002,0.00020474,10809.8
6003,0.00039680,10811.6
6004,0.00008817,10813.4
6005,0.00031225,10815.2
6006,0.00009262,10817.1
6007,0.00012514,10818.9
6008,0.00017435,10820.7
6009,0.00017748,10822.5
6010,0.00021628,10824.4
6011,0.00009062,10826.2
6012,0.00014741,10828.0
6013,0.00006404,10829.8
6014,0.00018320,10831.7
6015,0.00014703,10833.5
6016,0.00010556,10835.3
6017,0.00066759,10837.1
6018,0.00017222,10838.9
6019,0.00008124,10840.8
6020,0.00006605,10842.6
6021,0.00033562,10844.4
6022,0.00015805,10846.3
6023,0.00021063,10848.1
6024,0.00036769,10849.9
6025,0.00018665,10851.8
6026,0.00008264,10853.6
6027,0.00008462,10855.4
6028,0.00019952,10857.2
6029,0.00018031,10858.9
6030,0.00043649,10860.7
6031,0.00010579,10862.5
6032,0.00013115,10864.3
6033,0.00020693,10866.1
6034,0.00007334,10867.9
6035,0.00010650,10869.6
6036,0.00018068,10871.4
6037,0.00011638,10873.2
6038,0.00020266,10875.0
6039,0.00034454,10876.8
6040,0.00011627,10878.6
6041,0.00018082,10880.3
6042,0.00035125,10882.2
6043,0.00008902,10884.0
6044,0.00016555,10885.8
6045,0.00013656,10887.6
6046,0.00025163,10889.5
6047,0.00006764,10891.3
6048,0.00019489,10893.1
6049,0.00013544,10894.9
6050,0.00012957,10896.7
6051,0.00033467,10898.5
6052,0.00028454,10900.3
6053,0.00022314,10902.0
6054,0.00011591,10903.8
6055,0.00019317,10905.6
6056,0.00010105,10907.4
6057,0.00009455,10909.2
6058,0.00017099,10911.0
6059,0.00021855,10912.9
6060,0.00009140,10914.7
6061,0.00008526,10916.5
6062,0.00034482,10918.3
6063,0.00063310,10920.1
6064,0.00017103,10921.9
6065,0.00010491,10923.7
6066,0.00011995,10925.5
6067,0.00022269,10927.2
6068,0.00013414,10929.0
6069,0.00010462,10930.8
6070,0.00014975,10932.6
6071,0.00023893,10934.4
6072,0.00010219,10936.2
6073,0.00007538,10938.1
6074,0.00021966,10939.9
6075,0.00017903,10941.7
6076,0.00006843,10943.5
6077,0.00021921,10945.4
6078,0.00013160,10947.2
6079,0.00022884,10949.0
6080,0.00017436,10950.8
6081,0.00014975,10952.6
6082,0.00037717,10954.5
6083,0.00013522,10956.3
6084,0.00009406,10958.2
6085,0.00011771,10960.0
6086,0.00035145,10961.8
6087,0.00019711,10963.6
6088,0.00022997,10965.4
6089,0.00012114,10967.2
6090,0.00006646,10969.0
6091,0.00007551,10970.8
6092,0.00025760,10972.6
6093,0.00021454,10974.4
6094,0.00025175,10976.2
6095,0.00019260,10978.0
6096,0.00014441,10979.8
6097,0.00028988,10981.6
6098,0.00019398,10983.3
6099,0.00005528,10985.1
6100,0.00011777,10986.9
6101,0.00031836,10988.7
6102,0.00012736,10990.5
6103,0.00021754,10992.2
6104,0.00025160,10994.0
6105,0.00010659,10995.8
6106,0.00024361,10997.6
6107,0.00006812,10999.4
6108,0.00014191,11001.2
6109,0.00013570,11003.0
6110,0.00026100,11004.7
6111,0.00049360,11006.5
6112,0.00012887,11008.3
6113,0.00008984,11010.1
6114,0.00017523,11011.9
6115,0.00012015,11013.6
6116,0.00038470,11015.4
6117,0.00025053,11017.2
6118,0.00027212,11019.0
6119,0.00017772,11020.8
6120,0.00008755,11022.6
6121,0.00009950,11024.3
6122,0.00013678,11026.1
6123,0.00018929,11027.9
6124,0.00019328,11029.7
6125,0.00028064,11031.5
6126,0.00012979,11033.3
6127,0.00013991,11035.0
6128,0.00014749,11036.8
6129,0.00015569,11038.6
6130,0.00030793,11040.4
6131,0.00006374,11042.2
6132,0.00007583,11044.0
6133,0.00010705,11045.7
6134,0.00010832,11047.5
6135,0.00015488,11049.3
6136,0.00024052,11051.1
6137,0.00016581,11052.9
6138,0.00010360,11054.7
6139,0.00023068,11056.4
6140,0.00030658,11058.2
6141,0.00014089,11060.0
6142,0.00006604,11061.8
6143,0.00006697,11063.6
6144,0.00013527,11065.3
6145,0.00014130,11067.1
6146,0.00013261,11068.9
6147,0.00031656,11070.7
6148,0.00064072,11072.5
6149,0.00013077,11074.3
6150,0.00006909,11076.1
6151,0.00017157,11077.9
6152,0.00014505,11079.7
6153,0.00016274,11081.5
6154,0.00014900,11083.3
6155,0.00008384,11085.1
6156,0.00011751,11086.9
6157,0.00019817,11088.6
6158,0.00012124,11090.4
6159,0.00011137,11092.2
6160,0.00021117,11094.0
6161,0.00013009,11095.8
6162,0.00009446,11097.5
6163,0.00035506,11099.3
6164,0.00017169,11101.1
6165,0.00007652,11102.9
6166,0.00014483,11104.7
6167,0.00053972,11106.5
6168,0.00018544,11108.2
6169,0.00008205,11110.0
6170,0.00011440,11111.8
6171,0.00030871,11113.6
6172,0.00064215,11115.4
6173,0.00026535,11117.3
6174,0.00007277,11119.1
6175,0.00005549,11120.9
6176,0.00006869,11122.8
6177,0.00007142,11124.6
6178,0.00019896,11126.4
6179,0.00025326,11128.2
6180,0.00014083,11130.0
6181,0.00011266,11131.7
6182,0.00022807,11133.5
6183,0.00012550,11135.3
6184,0.00032760,11137.1
6185,0.00018977,11138.9
6186,0.00011964,11140.7
6187,0.00015855,11142.4
6188,0.00012775,11144.2
6189,0.00027470,11146.0
6190,0.00007172,11147.8
6191,0.00011882,11149.5
6192,0.00007669,11151.3
6193,0.00060863,11153.2
6194,0.00018653,11155.0
6195,0.00018877,11156.8
6196,0.00013775,11158.6
6197,0.00017973,11160.5
6198,0.00017903,11162.3
6199,0.00024051,11164.1
6200,0.00025573,11165.9
6201,0.00019704,11167.6
6202,0.00009444,11169.4
6203,0.00008179,11171.2
6204,0.00016275,11173.0
6205,0.00024031,11174.8
6206,0.00039113,11176.6
6207,0.00010684,11178.4
6208,0.00013128,11180.2
6209,0.00021516,11182.0
6210,0.00011136,11183.8
6211,0.00017798,11185.6
6212,0.00067297,11187.4
6213,0.00009458,11189.2
6214,0.00006722,11190.9
6215,0.00009960,11192.7
6216,0.00018046,11194.5
6217,0.00010331,11196.3
6218,0.00011151,11198.1
6219,0.00016246,11199.9
6220,0.00179001,11201.7
6221,0.00067576,11203.4
6222,0.00012896,11205.2
6223,0.00009607,11207.0
6224,0.00015550,11208.8
6225,0.00006860,11210.6
6226,0.00019576,11212.4
6227,0.00011703,11214.1
6228,0.00027388,11215.9
6229,0.00028217,11217.7
6230,0.00010701,11219.5
6231,0.00006818,11221.3
6232,0.00011947,11223.2
6233,0.00018908,11225.0
6234,0.00040310,11226.8
6235,0.00025115,11228.5
6236,0.00014156,11230.3
6237,0.00009551,11232.1
6238,0.00020456,11233.9
6239,0.00026054,11235.7
6240,0.00008915,11237.4
6241,0.00005856,11239.2
6242,0.00008266,11241.0
6243,0.00025243,11242.8
6244,0.00018686,11244.6
6245,0.00008146,11246.4
6246,0.00017467,11248.1
6247,0.00007019,11249.9
6248,0.00020965,11251.7
6249,0.00009141,11253.5
6250,0.00027401,11255.3
6251,0.00008517,11257.1
6252,0.00019316,11258.9
6253,0.00012273,11260.8
6254,0.00029644,11262.6
6255,0.00017376,11264.4
6256,0.00014533,11266.2
6257,0.00013680,11268.0
6258,0.00008487,11269.7
6259,0.00010993,11271.5
6260,0.00018467,11273.3
6261,0.00013837,11275.1
6262,0.00022763,11276.9
6263,0.00021981,11278.7
6264,0.00010320,11280.6
6265,0.00016494,11282.4
6266,0.00006263,11284.2
6267,0.00021976,11286.0
6268,0.00040316,11287.8
6269,0.00006671,11289.7
6270,0.00009726,11291.5
6271,0.00012105,11293.2
6272,0.00029419,11295.0
6273,0.00010217,11296.8
6274,0.00008582,11298.6
6275,0.00012392,11300.4
6276,0.00023723,11302.2
6277,0.00021952,11304.0
6278,0.00011913,11305.7
6279,0.00006124,11307.5
6280,0.00032725,11309.3
6281,0.00012605,11311.1
6282,0.00016618,11312.9
6283,0.00006503,11314.6
6284,0.00026278,11316.4
6285,0.00006731,11318.2
6286,0.00019852,11320.0
6287,0.00017001,11321.8
6288,0.00036607,11323.7
6289,0.00013012,11325.5
6290,0.00015728,11327.3
6291,0.00009801,11329.1
6292,0.00018769,11331.0
6293,0.00022021,11332.8
6294,0.00013753,11334.6
6295,0.00009355,11336.4
6296,0.00012392,11338.2
6297,0.00014151,11340.1
6298,0.00020761,11341.9
6299,0.00014268,11343.6
6300,0.00020422,11345.4
6301,0.00013527,11347.2
6302,0.00017739,11349.0
6303,0.00017256,11350.8
6304,0.00016754,11352.5
6305,0.00009501,11354.4
6306,0.00007595,11356.2
6307,0.00018362,11358.0
6308,0.00020228,11359.8
6309,0.00022697,11361.6
6310,0.00008186,11363.4
6311,0.00009836,11365.2
6312,0.00008090,11366.9
6313,0.00016269,11368.7
6314,0.00029444,11370.6
6315,0.00047724,11372.4
6316,0.00015469,11374.2
6317,0.00007501,11376.0
6318,0.00006420,11377.9
6319,0.00034360,11379.7
6320,0.00020216,11381.5
6321,0.00007853,11383.4
6322,0.00022224,11385.2
6323,0.00015816,11387.1
6324,0.00014612,11388.9
6325,0.00010422,11390.7
6326,0.00006585,11392.4
6327,0.00022625,11394.2
6328,0.00023716,11396.0
6329,0.00006647,11397.8
6330,0.00024484,11399.6
6331,0.00026836,11401.4
6332,0.00009558,11403.2
6333,0.00009158,11404.9
6334,0.00016830,11406.8
6335,0.00016703,11408.6
6336,0.00008950,11410.4
6337,0.00010921,11412.2
6338,0.00015357,11414.1
6339,0.00046621,11415.9
6340,0.00020720,11417.7
6341,0.00015953,11419.5
6342,0.00022780,11421.3
6343,0.00017733,11423.0
6344,0.00018597,11424.8
6345,0.00012037,11426.7
6346,0.00020615,11428.5
6347,0.00009109,11430.3
6348,0.00011483,11432.0
6349,0.00028307,11433.8
6350,0.00021708,11435.6
6351,0.00012481,11437.4
6352,0.00007212,11439.1
6353,0.00007573,11440.9
6354,0.00027274,11442.7
6355,0.00036400,11444.5
6356,0.00029095,11446.3
6357,0.00007795,11448.1
6358,0.00005797,11449.9
6359,0.00007221,11451.6
6360,0.00009152,11453.5
6361,0.00020721,11455.3
6362,0.00008529,11457.1
6363,0.00007040,11458.9
6364,0.00050686,11460.7
6365,0.00015200,11462.5
6366,0.00022168,11464.3
6367,0.00029801,11466.1
6368,0.00010505,11467.8
6369,0.00011974,11469.6
6370,0.00017381,11471.4
6371,0.00015506,11473.2
6372,0.00008382,11475.0
6373,0.00022224,11476.8
6374,0.00010444,11478.6
6375,0.00025320,11480.3
6376,0.00006295,11482.1
6377,0.00007013,11483.9
6378,0.00023218,11485.7
6379,0.00034642,11487.5
6380,0.00013971,11489.3
6381,0.00018278,11491.1
6382,0.00015710,11492.8
6383,0.00009096,11494.6
6384,0.00007213,11496.4
6385,0.00021254,11498.2
6386,0.00025643,11500.0
6387,0.00016579,11501.7
6388,0.00010008,11503.6
6389,0.00006766,11505.4
6390,0.00022067,11507.2
6391,0.00010258,11509.0
6392,0.00012616,11510.8
6393,0.00018475,11512.6
6394,0.00008945,11514.4
6395,0.00010899,11516.3
6396,0.00011987,11518.1
6397,0.00008051,11519.9
6398,0.00021964,11521.7
6399,0.00018794,11523.6
6400,0.00022838,11525.4
6401,0.00015019,11527.2
6402,0.00009494,11529.0
6403,0.00012944,11530.9
6404,0.00007208,11532.7
6405,0.00030362,11534.5
6406,0.00041083,11536.3
6407,0.00017946,11538.2
6408,0.00025264,11540.0
6409,0.00012551,11541.8
6410,0.00006445,11543.6
6411,0.00024691,11545.4
6412,0.00014764,11547.1
6413,0.00031804,11548.9
6414,0.00006012,11550.7
6415,0.00008885,11552.5
6416,0.00012426,11554.3
6417,0.00022825,11556.1
6418,0.00040773,11557.8
6419,0.00009257,11559.6
6420,0.00011205,11561.4
6421,0.00006746,11563.2
6422,0.00006616,11565.0
6423,0.00020783,11566.8
6424,0.00043650,11568.6
6425,0.00013681,11570.4
6426,0.00006416,11572.2
6427,0.00031663,11574.0
6428,0.00005660,11575.8
6429,0.00007404,11577.7
6430,0.00007414,11579.5
6431,0.00020262,11581.3
6432,0.00036106,11583.2
6433,0.00025640,11585.0
6434,0.00009926,11586.9
6435,0.00007670,11588.7
6436,0.00013650,11590.5
6437,0.00007102,11592.3
6438,0.00017156,11594.2
6439,0.00026646,11596.0
6440,0.00014772,11597.8
6441,0.00018140,11599.7
6442,0.00013833,11601.5
6443,0.00008651,11603.3
6444,0.00006481,11605.1
6445,0.00014904,11606.9
6446,0.00016895,11608.7
6447,0.00012617,11610.5
6448,0.00034874,11612.3
6449,0.00006397,11614.1
6450,0.00007053,11615.8
6451,0.00033635,11617.6
6452,0.00015289,11619.4
6453,0.00014916,11621.2
6454,0.00013713,11623.0
6455,0.00010914,11624.7
6456,0.00016068,11626.5
6457,0.00008660,11628.3
6458,0.00018013,11630.1
6459,0.00007491,11631.9
6460,0.00018451,11633.7
6461,0.00028506,11635.5
6462,0.00043595,11637.3
6463,0.00008933,11639.1
6464,0.00008287,11640.8
6465,0.00020383,11642.6
6466,0.00014663,11644.4
6467,0.00017676,11646.2
6468,0.00016429,11648.0
6469,0.00052967,11649.7
6470,0.00007257,11651.5
6471,0.00006258,11653.3
6472,0.00017666,11655.1
6473,0.00020624,11656.9
6474,0.00015645,11658.7
6475,0.00016019,11660.4
6476,0.00021192,11662.2
6477,0.00009626,11664.0
6478,0.00010331,11665.8
6479,0.00014147,11667.6
6480,0.00013747,11669.4
6481,0.00011969,11671.2
6482,0.00032249,11673.0
6483,0.00017532,11674.8
6484,0.00005534,11676.6
6485,0.00013352,11678.4
6486,0.00007285,11680.2
6487,0.00021493,11682.0
6488,0.00024735,11683.7
6489,0.00006848,11685.5
6490,0.00006673,11687.3
6491,0.00027654,11689.1
6492,0.00018384,11690.9
6493,0.00014517,11692.7
6494,0.00029543,11694.4
6495,0.00007435,11696.2
6496,0.00004839,11698.0
6497,0.00023831,11699.8
6498,0.00013087,11701.6
6499,0.00024478,11703.4
6500,0.00011049,11705.2
6501,0.00010854,11707.0
6502,0.00019658,11708.7
6503,0.00014077,11710.5
6504,0.00027590,11712.3
6505,0.00010637,11714.1
6506,0.00007770,11715.9
6507,0.00015631,11717.7
6508,0.00031797,11719.5
6509,0.00004843,11721.2
6510,0.00005223,11723.0
6511,0.00022182,11724.8
6512,0.00010655,11726.6
6513,0.00006790,11728.4
6514,0.00009869,11730.2
6515,0.00015841,11732.0
6516,0.00011561,11733.8
6517,0.00018168,11735.6
6518,0.00033185,11737.4
6519,0.00021802,11739.2
6520,0.00010957,11740.9
6521,0.00006744,11742.7
6522,0.00013373,11744.5
6523,0.00031542,11746.3
6524,0.00031333,11748.1
6525,0.00017779,11749.9
6526,0.00014362,11751.7
6527,0.00006892,11753.5
6528,0.00016029,11755.2
6529,0.00012064,11757.0
6530,0.00008319,11758.8
6531,0.00034646,11760.6
6532,0.00011105,11762.4
6533,0.00013014,11764.2
6534,0.00009572,11766.0
6535,0.00010452,11767.8
6536,0.00040768,11769.5
6537,0.00016509,11771.3
6538,0.00009375,11773.1
6539,0.00008600,11774.9
6540,0.00038714,11776.7
6541,0.00050600,11778.4
6542,0.00021997,11780.2
6543,0.00007478,11782.0
6544,0.00021793,11783.8
6545,0.00016745,11785.6
6546,0.00006952,11787.4
6547,0.00009813,11789.1
6548,0.00011274,11790.9
6549,0.00021925,11792.7
6550,0.00010505,11794.5
6551,0.00022638,11796.3
6552,0.00015261,11798.1
6553,0.00043704,11799.9
6554,0.00008097,11801.7
6555,0.00015717,11803.4
6556,0.00032855,11805.2
6557,0.00007812,11807.0
6558,0.00013491,11808.8
6559,0.00007711,11810.6
6560,0.00010818,11812.3
6561,0.00007413,11814.1
6562,0.00010495,11815.9
6563,0.00014544,11817.7
6564,0.00020735,11819.5
6565,0.00009729,11821.3
6566,0.00013088,11823.0
6567,0.00030875,11824.8
6568,0.00018082,11826.6
6569,0.00006033,11828.4
6570,0.00006429,11830.2
6571,0.00017591,11832.0
6572,0.00046259,11833.7
6573,0.00053314,11835.5
6574,0.00006722,11837.3
6575,0.00005628,11839.1
6576,0.00010631,11840.9
6577,0.00030873,11842.7
6578,0.00013533,11844.5
6579,0.00005938,11846.2
6580,0.00005458,11848.0
6581,0.00011531,11849.8
6582,0.00006477,11851.6
6583,0.00016997,11853.4
6584,0.00052938,11855.2
6585,0.00011859,11857.1
6586,0.00014404,11858.9
6587,0.00016206,11860.7
6588,0.00024114,11862.5
6589,0.00018992,11864.4
6590,0.00030013,11866.2
6591,0.00007876,11868.0
6592,0.00005641,11869.8
6593,0.00013713,11871.7
6594,0.00035570,11873.5
6595,0.00010904,11875.3
6596,0.00008529,11877.1
6597,0.00019456,11879.0
6598,0.00014680,11880.8
6599,0.00005757,11882.6
6600,0.00011609,11884.4
6601,0.00022935,11886.2
6602,0.00034548,11888.0
6603,0.00014965,11889.8
6604,0.00013503,11891.6
6605,0.00009685,11893.3
6606,0.00004640,11895.1
6607,0.00031851,11896.9
6608,0.00019086,11898.7
6609,0.00011516,11900.5
6610,0.00011989,11902.3
6611,0.00008400,11904.1
6612,0.00008129,11905.9
6613,0.00016288,11907.8
6614,0.00007757,11909.6
6615,0.00005892,11911.4
6616,0.00020790,11913.2
6617,0.00058272,11914.9
6618,0.00012735,11916.7
6619,0.00005939,11918.5
6620,0.00024241,11920.3
6621,0.00012131,11922.1
6622,0.00012396,11923.9
6623,0.00024534,11925.7
6624,0.00007039,11927.5
6625,0.00006185,11929.3
6626,0.00014876,11931.1
6627,0.00023805,11932.8
6628,0.00007431,11934.6
6629,0.00009173,11936.4
6630,0.00011483,11938.2
6631,0.00019695,11940.0
6632,0.00010621,11941.8
6633,0.00044015,11943.6
6634,0.00016939,11945.4
6635,0.00010089,11947.2
6636,0.00005205,11949.0
6637,0.00009589,11950.8
6638,0.00006796,11952.6
6639,0.00008190,11954.4
6640,0.00035866,11956.2
6641,0.00021407,11958.1
6642,0.00008487,11959.9
6643,0.00005965,11961.7
6644,0.00042808,11963.5
6645,0.00013578,11965.4
6646,0.00009984,11967.2
6647,0.00017245,11969.0
6648,0.00005273,11970.9
6649,0.00006086,11972.7
6650,0.00020821,11974.5
6651,0.00038852,11976.3
6652,0.00018374,11978.2
6653,0.00005448,11980.0
6654,0.00005528,11981.8
6655,0.00038510,11983.6
6656,0.00012236,11985.3
6657,0.00010895,11987.2
6658,0.00007640,11989.0
6659,0.00030991,11990.8
6660,0.00012343,11992.7
6661,0.00004787,11994.5
6662,0.00023419,11996.3
6663,0.00011532,11998.2
6664,0.00031398,12000.0
6665,0.00030343,12001.8
6666,0.00009426,12003.6
6667,0.00022746,12005.5
6668,0.00008485,12007.3
6669,0.00006860,12009.1
6670,0.00007097,12010.9
6671,0.00009453,12012.7
6672,0.00012652,12014.5
6673,0.00033050,12016.3
6674,0.00007285,12018.1
6675,0.00009213,12019.9
6676,0.00030155,12021.8
6677,0.00018235,12023.6
6678,0.00005460,12025.4
6679,0.00009924,12027.3
6680,0.00035441,12029.1
6681,0.00014271,12030.9
6682,0.00009464,12032.7
6683,0.00029322,12034.6
6684,0.00014251,12036.4
6685,0.00006810,12038.2
6686,0.00005210,12040.0
6687,0.00006545,12041.9
6688,0.00011941,12043.7
6689,0.00014743,12045.5
6690,0.00005218,12047.4
6691,0.00026157,12049.1
6692,0.00010271,12050.9
6693,0.00013634,12052.7
6694,0.00063184,12054.5
6695,0.00005865,12056.3
6696,0.00010687,12058.1
6697,0.00022238,12060.0
6698,0.00010108,12061.8
6699,0.00016650,12063.6
6700,0.00012304,12065.4
6701,0.00007159,12067.2
6702,0.00021666,12069.0
6703,0.00005897,12070.8
6704,0.00008819,12072.6
6705,0.00012819,12074.4
6706,0.00039112,12076.2
6707,0.00010901,12077.9
6708,0.00013235,12079.7
6709,0.00035211,12081.5
6710,0.00035370,12083.3
6711,0.00006740,12085.1
6712,0.00005503,12086.9
6713,0.00005173,12088.7
6714,0.00012888,12090.5
6715,0.00006714,12092.2
6716,0.00011567,12094.0
6717,0.00014424,12095.8
6718,0.00088754,12097.6
6719,0.00014023,12099.4
6720,0.00007888,12101.3
6721,0.00011554,12103.1
6722,0.00016000,12104.9
6723,0.00011836,12106.7
6724,0.00009363,12108.5
6725,0.00033087,12110.2
6726,0.00015310,12112.0
6727,0.00006661,12113.8
6728,0.00007319,12115.6
6729,0.00015561,12117.4
6730,0.00018278,12119.2
6731,0.00019172,12120.9
6732,0.00016724,12122.7
6733,0.00007352,12124.5
6734,0.00004807,12126.3
6735,0.00007897,12128.1
6736,0.00015028,12129.9
6737,0.00006693,12131.6
6738,0.00018772,12133.4
6739,0.00041770,12135.2
6740,0.00011261,12137.0
6741,0.00008713,12138.8
6742,0.00026881,12140.6
6743,0.00007583,12142.4
6744,0.00009817,12144.1
6745,0.00020227,12145.9
6746,0.00013043,12147.7
6747,0.00010274,12149.5
6748,0.00017370,12151.3
6749,0.00008526,12153.1
6750,0.00016820,12154.8
6751,0.00016055,12156.7
6752,0.00006830,12158.4
6753,0.00004816,12160.3
6754,0.00019310,12162.1
6755,0.00022502,12163.9
6756,0.00022352,12165.6
6757,0.00007980,12167.4
6758,0.00006686,12169.2
6759,0.00009828,12171.0
6760,0.00012739,12172.8
6761,0.00012358,12174.6
6762,0.00006959,12176.5
6763,0.00022033,12178.3
6764,0.00017482,12180.1
6765,0.00009772,12181.9
6766,0.00036834,12183.8
6767,0.00036943,12185.6
6768,0.00015573,12187.4
6769,0.00008773,12189.2
6770,0.00026736,12191.1
6771,0.00005347,12192.9
6772,0.00016291,12194.7
6773,0.00035687,12196.5
6774,0.00024131,12198.4
6775,0.00008689,12200.2
6776,0.00007699,12202.0
6777,0.00021758,12203.8
6778,0.00028275,12205.7
6779,0.00010187,12207.5
6780,0.00005457,12209.2
6781,0.00005488,12211.0
6782,0.00020205,12212.8
6783,0.00025094,12214.7
6784,0.00006379,12216.5
6785,0.00005179,12218.3
6786,0.00018395,12220.1
6787,0.00026413,12222.0
6788,0.00008020,12223.8
6789,0.00008313,12225.6
6790,0.00024344,12227.4
6791,0.00006443,12229.3
6792,0.00005804,12231.1
6793,0.00009654,12232.9
6794,0.00017533,12234.8
6795,0.00022259,12236.6
6796,0.00008599,12238.4
6797,0.00029748,12240.2
6798,0.00029146,12242.0
6799,0.00011362,12243.9
6800,0.00011476,12245.7
6801,0.00010901,12247.5
6802,0.00004845,12249.3
6803,0.00006633,12251.1
6804,0.00019864,12252.9
6805,0.00013341,12254.7
6806,0.00005919,12256.5
6807,0.00014691,12258.2
6808,0.00010999,12260.0
6809,0.00014789,12261.8
6810,0.00029635,12263.6
6811,0.00013075,12265.4
6812,0.00006231,12267.1
6813,0.00032997,12268.9
6814,0.00025828,12270.7
6815,0.00006369,12272.5
6816,0.00005955,12274.3
6817,0.00005170,12276.1
6818,0.00006184,12277.8
6819,0.00025697,12279.6
6820,0.00015430,12281.4
6821,0.00018079,12283.2
6822,0.00006247,12285.0
6823,0.00025297,12286.8
6824,0.00006561,12288.6
6825,0.00007636,12290.4
6826,0.00005992,12292.2
6827,0.00012251,12294.1
6828,0.00053874,12295.9
6829,0.00012820,12297.7
6830,0.00009727,12299.5
6831,0.00022329,12301.4
6832,0.00018385,12303.2
6833,0.00005431,12305.0
6834,0.00011742,12306.9
6835,0.00021176,12308.7
6836,0.00010247,12310.5
6837,0.00004651,12312.3
6838,0.00005200,12314.1
6839,0.00006568,12315.9
6840,0.00015444,12317.6
6841,0.00051566,12319.4
6842,0.00013129,12321.2
6843,0.00012123,12323.0
6844,0.00008952,12324.8
6845,0.00010873,12326.7
6846,0.00017185,12328.5
6847,0.00006061,12330.3
6848,0.00005009,12332.2
6849,0.00012527,12334.0
6850,0.00047774,12335.8
6851,0.00010260,12337.6
6852,0.00007006,12339.4
6853,0.00006463,12341.2
6854,0.00005934,12343.0
6855,0.00008058,12344.8
6856,0.00030349,12346.6
6857,0.00021065,12348.4
6858,0.00008540,12350.2
6859,0.00033250,12352.0
6860,0.00017174,12353.9
6861,0.00004846,12355.7
6862,0.00004872,12357.5
6863,0.00005722,12359.3
6864,0.00069324,12361.0
6865,0.00011736,12362.8
6866,0.00005849,12364.6
6867,0.00005491,12366.4
6868,0.00009892,12368.2
6869,0.00036149,12370.0
6870,0.00025685,12371.8
6871,0.00005051,12373.6
6872,0.00004465,12375.4
6873,0.00006356,12377.1
6874,0.00035091,12378.9
6875,0.00012106,12380.7
6876,0.00005330,12382.5
6877,0.00035966,12384.3
6878,0.00011173,12386.1
6879,0.00005431,12387.8
6880,0.00005625,12389.6
6881,0.00011401,12391.4
6882,0.00025540,12393.2
6883,0.00011671,12395.0
6884,0.00016120,12396.8
6885,0.00009428,12398.5
6886,0.00029362,12400.3
6887,0.00025733,12402.1
6888,0.00023587,12403.9
6889,0.00008119,12405.7
6890,0.00007149,12407.5
6891,0.00008845,12409.3
6892,0.00024878,12411.1
6893,0.00014779,12412.9
6894,0.00008018,12414.6
6895,0.00005478,12416.4
6896,0.00005194,12418.2
6897,0.00009510,12420.0
6898,0.00044671,12421.8
6899,0.00014171,12423.6
6900,0.00005327,12425.4
6901,0.00014477,12427.1
6902,0.00012953,12428.9
6903,0.00019530,12430.7
6904,0.00009298,12432.5
6905,0.00011778,12434.3
6906,0.00015246,12436.1
6907,0.00008934,12437.8
6908,0.00010216,12439.6
6909,0.00021828,12441.4
6910,0.00016356,12443.2
6911,0.00009806,12445.0
6912,0.00007795,12446.8
6913,0.00022113,12448.5
6914,0.00015796,12450.3
6915,0.00005869,12452.1
6916,0.00004560,12453.9
6917,0.00028513,12455.7
6918,0.00034067,12457.5
6919,0.00004656,12459.3
6920,0.00006725,12461.0
6921,0.00006372,12462.8
6922,0.00013606,12464.6
6923,0.00014277,12466.4
6924,0.00021790,12468.2
6925,0.00013508,12470.0
6926,0.00011017,12471.7
6927,0.00005004,12473.5
6928,0.00004368,12475.3
6929,0.00021642,12477.1
6930,0.00027934,12478.9
6931,0.00015310,12480.8
6932,0.00012426,12482.6
6933,0.00008943,12484.5
6934,0.00024330,12486.3
6935,0.00007683,12488.1
6936,0.00032841,12489.9
6937,0.00006151,12491.7
6938,0.00007662,12493.5
6939,0.00012259,12495.3
6940,0.00022740,12497.1
6941,0.00013208,12498.9
6942,0.00010979,12500.7
6943,0.00015126,12502.5
6944,0.00007929,12504.3
6945,0.00007776,12506.1
6946,0.00019314,12507.8
6947,0.00005382,12509.6
6948,0.00018889,12511.5
6949,0.00026041,12513.3
6950,0.00013549,12515.1
6951,0.00021447,12516.9
6952,0.00006098,12518.7
6953,0.00005708,12520.5
6954,0.00014528,12522.3
6955,0.00013206,12524.1
6956,0.00012517,12525.8
6957,0.00006119,12527.6
6958,0.00024869,12529.4
6959,0.00021162,12531.2
6960,0.00004725,12533.0
6961,0.00009439,12534.8
6962,0.00025200,12536.5
6963,0.00008259,12538.4
6964,0.00007748,12540.2
6965,0.00013060,12542.0
6966,0.00009654,12543.7
6967,0.00011034,12545.6
6968,0.00021510,12547.3
6969,0.00009668,12549.1
6970,0.00009192,12550.9
6971,0.00014773,12552.7
6972,0.00006294,12554.5
6973,0.00007115,12556.3
6974,0.00018669,12558.0
6975,0.00016138,12559.9
6976,0.00017017,12561.7
6977,0.00020040,12563.5
6978,0.00007337,12565.3
6979,0.00009041,12567.1
6980,0.00012871,12569.0
6981,0.00027941,12570.8
6982,0.00006983,12572.6
6983,0.00019740,12574.4
6984,0.00009707,12576.3
6985,0.00006336,12578.1
6986,0.00016504,12579.9
6987,0.00018933,12581.6
6988,0.00013674,12583.4
6989,0.00008523,12585.2
6990,0.00008488,12587.0
6991,0.00011064,12588.8
6992,0.00006806,12590.5
6993,0.00050090,12592.3
6994,0.00011094,12594.1
6995,0.00005587,12595.9
6996,0.00004432,12597.7
6997,0.00020403,12599.5
6998,0.00045000,12601.2
6999,0.00008836,12603.0
7000,0.00009825,12604.8
7001,0.00005231,12606.6
7002,0.00004482,12608.4
7003,0.00005869,12610.2
7004,0.00021698,12612.0
7005,0.00012423,12613.8
7006,0.00005378,12615.5
7007,0.00006814,12617.3
7008,0.00026578,12619.1
7009,0.00009867,12620.9
7010,0.00007639,12622.7
7011,0.00009245,12624.6
7012,0.00017865,12626.4
7013,0.00019903,12628.2
7014,0.00005234,12630.0
7015,0.00019129,12631.9
7016,0.00013492,12633.7
7017,0.00004463,12635.5
7018,0.00004569,12637.4
7019,0.00058117,12639.2
7020,0.00005915,12641.0
7021,0.00006929,12642.9
7022,0.00026463,12644.7
7023,0.00019613,12646.5
7024,0.00042118,12648.3
7025,0.00004668,12650.2
7026,0.00004263,12652.0
7027,0.00003982,12653.8
7028,0.00006662,12655.6
7029,0.00019919,12657.3
7030,0.00013316,12659.1
7031,0.00019895,12661.0
7032,0.00032426,12662.8
7033,0.00007781,12664.6
7034,0.00004783,12666.3
7035,0.00018877,12668.1
7036,0.00016435,12669.9
7037,0.00006453,12671.7
7038,0.00006402,12673.5
7039,0.00006315,12675.3
7040,0.00008824,12677.1
7041,0.00019791,12678.8
7042,0.00016913,12680.6
7043,0.00030039,12682.4
7044,0.00009998,12684.2
7045,0.00007558,12686.0
7046,0.00008054,12687.7
7047,0.00010481,12689.5
7048,0.00008452,12691.3
7049,0.00020069,12693.1
7050,0.00016037,12694.9
7051,0.00016550,12696.7
7052,0.00004946,12698.4
7053,0.00006021,12700.2
7054,0.00015438,12702.0
7055,0.00033842,12703.8
7056,0.00005771,12705.6
7057,0.00007463,12707.4
7058,0.00006755,12709.2
7059,0.00039155,12710.9
7060,0.00011773,12712.7
7061,0.00020325,12714.5
7062,0.00008627,12716.3
7063,0.00009206,12718.1
7064,0.00009213,12719.9
7065,0.00011145,12721.7
7066,0.00005565,12723.4
7067,0.00010255,12725.2
7068,0.00008039,12727.0
7069,0.00006306,12728.8
7070,0.00017930,12730.6
7071,0.00035513,12732.4
7072,0.00007412,12734.2
7073,0.00005026,12736.0
7074,0.00004436,12737.8
7075,0.00023075,12739.6
7076,0.00006826,12741.5
7077,0.00008491,12743.3
7078,0.00016347,12745.1
7079,0.00010891,12746.9
7080,0.00008951,12748.8
7081,0.00021077,12750.6
7082,0.00006611,12752.4
7083,0.00044212,12754.2
7084,0.00009698,12756.1
7085,0.00005441,12757.9
7086,0.00009791,12759.7
7087,0.00029249,12761.5
7088,0.00019569,12763.3
7089,0.00005523,12765.0
7090,0.00005564,12766.8
7091,0.00010350,12768.6
7092,0.00021205,12770.4
7093,0.00008599,12772.2
7094,0.00007196,12774.0
7095,0.00018051,12775.7
7096,0.00009111,12777.5
7097,0.00010949,12779.3
7098,0.00015506,12781.1
7099,0.00023591,12782.9
7100,0.00004704,12784.7
7101,0.00023019,12786.5
7102,0.00005252,12788.3
7103,0.00023657,12790.1
7104,0.00020256,12791.9
7105,0.00005370,12793.6
7106,0.00004577,12795.4
7107,0.00047805,12797.2
7108,0.00013310,12799.0
7109,0.00005098,12800.8
7110,0.00004958,12802.6
7111,0.00022151,12804.4
7112,0.00021138,12806.2
7113,0.00017460,12808.0
7114,0.00005642,12809.9
7115,0.00017383,12811.7
7116,0.00007392,12813.5
7117,0.00015911,12815.4
7118,0.00023902,12817.2
7119,0.00014914,12819.0
7120,0.00010400,12820.8
7121,0.00018580,12822.7
7122,0.00005801,12824.5
7123,0.00011993,12826.3
7124,0.00018099,12828.1
7125,0.00023579,12829.9
7126,0.00026788,12831.7
7127,0.00012627,12833.5
7128,0.00005820,12835.4
7129,0.00004723,12837.2
7130,0.00005912,12839.1
7131,0.00004836,12840.9
7132,0.00024926,12842.7
7133,0.00007498,12844.5
7134,0.00009431,12846.3
7135,0.00009662,12848.2
7136,0.00025982,12850.0
7137,0.00029954,12851.8
7138,0.00013081,12853.6
7139,0.00016873,12855.5
7140,0.00010797,12857.3
7141,0.00005294,12859.1
7142,0.00004868,12861.0
7143,0.00006027,12862.8
7144,0.00010610,12864.6
7145,0.00016300,12866.4
7146,0.00021020,12868.2
7147,0.00008225,12870.0
7148,0.00009614,12871.8
7149,0.00012401,12873.5
7150,0.00020482,12875.3
7151,0.00007015,12877.1
7152,0.00005259,12878.9
7153,0.00007356,12880.7
7154,0.00016981,12882.5
7155,0.00028500,12884.3
7156,0.00005109,12886.0
7157,0.00007650,12887.8
7158,0.00012699,12889.6
7159,0.00018006,12891.4
7160,0.00010824,12893.2
7161,0.00005844,12895.0
7162,0.00005468,12896.9
7163,0.00027614,12898.7
7164,0.00023763,12900.5
7165,0.00004790,12902.3
7166,0.00006582,12904.1
7167,0.00008188,12905.9
7168,0.00014533,12907.7
7169,0.00006713,12909.5
7170,0.00030885,12911.3
7171,0.00010149,12913.0
7172,0.00028765,12914.8
7173,0.00008005,12916.6
7174,0.00009958,12918.4
7175,0.00006132,12920.2
7176,0.00006062,12922.0
7177,0.00023903,12923.8
7178,0.00010019,12925.5
7179,0.00004562,12927.3
7180,0.00007284,12929.1
7181,0.00006314,12930.9
7182,0.00028259,12932.7
7183,0.00010510,12934.5
7184,0.00049955,12936.3
7185,0.00011798,12938.0
7186,0.00015739,12939.8
7187,0.00019465,12941.6
7188,0.00005692,12943.4
7189,0.00003923,12945.2
7190,0.00011911,12947.0
7191,0.00012074,12948.8
7192,0.00005071,12950.6
7193,0.00027713,12952.3
7194,0.00027898,12954.1
7195,0.00007188,12955.9
7196,0.00034809,12957.7
7197,0.00005351,12959.5
7198,0.00004288,12961.3
7199,0.00008577,12963.1
7200,0.00012723,12964.9
7201,0.00015607,12966.7
7202,0.00005649,12968.4
7203,0.00014559,12970.2
7204,0.00027395,12972.0
7205,0.00007033,12973.8
7206,0.00003795,12975.6
7207,0.00005480,12977.4
7208,0.00014697,12979.2
7209,0.00009996,12981.0
7210,0.00005399,12982.8
7211,0.00060645,12984.5
7212,0.00011470,12986.3
7213,0.00018833,12988.1
7214,0.00018537,12989.9
7215,0.00010000,12991.7
7216,0.00003762,12993.5
7217,0.00005517,12995.3
7218,0.00017241,12997.0
7219,0.00047099,12998.8
7220,0.00011822,13000.6
7221,0.00004687,13002.4
7222,0.00006745,13004.2
7223,0.00008860,13006.0
7224,0.00008891,13007.7
7225,0.00027497,13009.5
7226,0.00010531,13011.3
7227,0.00019086,13013.1
7228,0.00005134,13014.9
7229,0.00011650,13016.7
7230,0.00023351,13018.5
7231,0.00021960,13020.2
7232,0.00005857,13022.0
7233,0.00009539,13023.8
7234,0.00004020,13025.6
7235,0.00006720,13027.4
7236,0.00011579,13029.2
7237,0.00027997,13031.0
7238,0.00009053,13032.7
7239,0.00006892,13034.5
7240,0.00013928,13036.3
7241,0.00030830,13038.1
7242,0.00024328,13039.9
7243,0.00004090,13041.7
7244,0.00003904,13043.5
7245,0.00007355,13045.3
7246,0.00010789,13047.2
7247,0.00020516,13049.0
7248,0.00010188,13050.8
7249,0.00049108,13052.6
7250,0.00011002,13054.5
7251,0.00010298,13056.3
7252,0.00005333,13058.1
7253,0.00008970,13060.0
7254,0.00004641,13061.8
7255,0.00007465,13063.6
7256,0.00027229,13065.4
7257,0.00021370,13067.3
7258,0.00032341,13069.1
7259,0.00009380,13070.9
7260,0.00004383,13072.7
7261,0.00011136,13074.6
7262,0.00011153,13076.4
7263,0.00005613,13078.2
7264,0.00015021,13080.1
7265,0.00013408,13081.8
7266,0.00017668,13083.7
7267,0.00006175,13085.4
7268,0.00020007,13087.2
7269,0.00033545,13089.0
7270,0.00023184,13090.8
7271,0.00009028,13092.6
7272,0.00005117,13094.3
7273,0.00008689,13096.1
7274,0.00004675,13097.9
7275,0.00005489,13099.8
7276,0.00050005,13101.6
7277,0.00010441,13103.4
7278,0.00019271,13105.2
7279,0.00013550,13107.0
7280,0.00005532,13108.8
7281,0.00010346,13110.6
7282,0.00032880,13112.3
7283,0.00006179,13114.2
7284,0.00004516,13116.0
7285,0.00021528,13117.8
7286,0.00004908,13119.6
7287,0.00005893,13121.3
7288,0.00038797,13123.1
7289,0.00030382,13124.9
7290,0.00012064,13126.7
7291,0.00008683,13128.5
7292,0.00007419,13130.2
7293,0.00014574,13132.0
7294,0.00012723,13133.8
7295,0.00014699,13135.6
7296,0.00004205,13137.4
7297,0.00012558,13139.2
7298,0.00015162,13140.9
7299,0.00011886,13142.7
7300,0.00008532,13144.5
7301,0.00011474,13146.3
7302,0.00009724,13148.1
7303,0.00023450,13149.9
7304,0.00006772,13151.7
7305,0.00008524,13153.4
7306,0.00006621,13155.2
7307,0.00027466,13157.0
7308,0.00005586,13158.8
7309,0.00011913,13160.6
7310,0.00009669,13162.4
7311,0.00020514,13164.2
7312,0.00013751,13165.9
7313,0.00015645,13167.7
7314,0.00010131,13169.5
7315,0.00026223,13171.3
7316,0.00009578,13173.1
7317,0.00009989,13174.9
7318,0.00003685,13176.7
7319,0.00009248,13178.5
7320,0.00044327,13180.2
7321,0.00008736,13182.0
7322,0.00009204,13183.8
7323,0.00003947,13185.6
7324,0.00007604,13187.4
7325,0.00017170,13189.2
7326,0.00027282,13190.9
7327,0.00010896,13192.8
7328,0.00015833,13194.6
7329,0.00027407,13196.4
7330,0.00008832,13198.3
7331,0.00003881,13200.1
7332,0.00006972,13201.9
7333,0.00013251,13203.7
7334,0.00021578,13205.6
7335,0.00011537,13207.4
7336,0.00019702,13209.2
7337,0.00008384,13211.0
7338,0.00004504,13212.8
7339,0.00005856,13214.7
7340,0.00013655,13216.5
7341,0.00015839,13218.3
7342,0.00010627,13220.1
7343,0.00004644,13221.9
7344,0.00012889,13223.7
7345,0.00029692,13225.5
7346,0.00007672,13227.2
7347,0.00006871,13229.0
7348,0.00057107,13230.8
7349,0.00010901,13232.6
7350,0.00011757,13234.4
7351,0.00005562,13236.1
7352,0.00004788,13237.9
7353,0.00003761,13239.7
7354,0.00011450,13241.5
7355,0.00020583,13243.3
7356,0.00009280,13245.0
7357,0.00031550,13246.8
7358,0.00005215,13248.6
7359,0.00004042,13250.4
7360,0.00005650,13252.2
7361,0.00005017,13254.0
7362,0.00035165,13255.9
7363,0.00036871,13257.7
7364,0.00004387,13259.5
7365,0.00005208,13261.4
7366,0.00024786,13263.2
7367,0.00007181,13265.0
7368,0.00004312,13266.8
7369,0.00003732,13268.6
7370,0.00007932,13270.5
7371,0.00040836,13272.3
7372,0.00025821,13274.1
7373,0.00007518,13275.9
7374,0.00008050,13277.8
7375,0.00018776,13279.6
7376,0.00019707,13281.4
7377,0.00006875,13283.2
7378,0.00005695,13285.0
7379,0.00010521,13286.9
7380,0.00016865,13288.7
7381,0.00005651,13290.4
7382,0.00006936,13292.2
7383,0.00016576,13294.0
7384,0.00009410,13295.8
7385,0.00014890,13297.6
7386,0.00014683,13299.4
7387,0.00039893,13301.2
7388,0.00015223,13303.0
7389,0.00021502,13304.8
7390,0.00005808,13306.6
7391,0.00006520,13308.4
7392,0.00008040,13310.2
7393,0.00009429,13312.0
7394,0.00004731,13313.9
7395,0.00007318,13315.7
7396,0.00053142,13317.5
7397,0.00032764,13319.3
7398,0.00006538,13321.2
7399,0.00004271,13323.0
7400,0.00004039,13324.8
7401,0.00013260,13326.6
7402,0.00007223,13328.4
7403,0.00004458,13330.2
7404,0.00012837,13332.0
7405,0.00012392,13333.7
7406,0.00005015,13335.5
7407,0.00009736,13337.3
7408,0.00015531,13339.1
7409,0.00047690,13340.9
7410,0.00008052,13342.6
7411,0.00006376,13344.4
7412,0.00005335,13346.2
7413,0.00014072,13348.0
7414,0.00026054,13349.8
7415,0.00011313,13351.6
7416,0.00006864,13353.5
7417,0.00011849,13355.3
7418,0.00003722,13357.1
7419,0.00003974,13359.0
7420,0.00053001,13360.8
7421,0.00005590,13362.6
7422,0.00038869,13364.4
7423,0.00014797,13366.3
7424,0.00004201,13368.1
7425,0.00004695,13369.9
7426,0.00003842,13371.7
7427,0.00023530,13373.6
7428,0.00037961,13375.4
7429,0.00010739,13377.2
7430,0.00005789,13379.0
7431,0.00021708,13380.9
7432,0.00004840,13382.7
7433,0.00006065,13384.5
7434,0.00004262,13386.3
7435,0.00011944,13388.2
7436,0.00022304,13390.0
7437,0.00022864,13391.8
7438,0.00014289,13393.7
7439,0.00004982,13395.5
7440,0.00003458,13397.3
7441,0.00007345,13399.1
7442,0.00007742,13401.0
7443,0.00020322,13402.8
7444,0.00010521,13404.6
7445,0.00004233,13406.4
7446,0.00005177,13408.2
7447,0.00031451,13410.0
7448,0.00016163,13411.8
7449,0.00016657,13413.6
7450,0.00004989,13415.4
7451,0.00014014,13417.1
7452,0.00014145,13419.0
7453,0.00009905,13420.8
7454,0.00011241,13422.6
7455,0.00012490,13424.4
7456,0.00023248,13426.2
7457,0.00015293,13427.9
7458,0.00005915,13429.7
7459,0.00015915,13431.5
7460,0.00004968,13433.3
7461,0.00003981,13435.2
7462,0.00005604,13437.0
7463,0.00019389,13438.8
7464,0.00008291,13440.6
7465,0.00026643,13442.4
7466,0.00005399,13444.2
7467,0.00005991,13446.0
7468,0.00014459,13447.7
7469,0.00010672,13449.5
7470,0.00006346,13451.3
7471,0.00029068,13453.2
7472,0.00018499,13455.0
7473,0.00006962,13456.8
7474,0.00007668,13458.6
7475,0.00004993,13460.3
7476,0.00005303,13462.1
7477,0.00004139,13463.9
7478,0.00004901,13465.7
7479,0.00029557,13467.5
7480,0.00018613,13469.2
7481,0.00012430,13471.0
7482,0.00004721,13472.8
7483,0.00004881,13474.6
7484,0.00011232,13476.5
7485,0.00004990,13478.3
7486,0.00032512,13480.1
7487,0.00007731,13482.0
7488,0.00009594,13483.8
7489,0.00013752,13485.6
7490,0.00005243,13487.4
7491,0.00015140,13489.2
7492,0.00028204,13491.0
7493,0.00003814,13492.8
7494,0.00003928,13494.5
7495,0.00014101,13496.3
7496,0.00020420,13498.1
7497,0.00009518,13499.9
7498,0.00079938,13501.7
7499,0.00005061,13503.4
7500,0.00004349,13505.2
7501,0.00003776,13507.0
7502,0.00006172,13508.8
7503,0.00006394,13510.6
7504,0.00011859,13512.4
7505,0.00016381,13514.2
7506,0.00009705,13516.1
7507,0.00007404,13517.9
7508,0.00022712,13519.7
7509,0.00009593,13521.5
7510,0.00007322,13523.4
7511,0.00025174,13525.2
7512,0.00016017,13527.0
7513,0.00003469,13528.7
7514,0.00004358,13530.5
7515,0.00005269,13532.3
7516,0.00005970,13534.1
7517,0.00030568,13535.9
7518,0.00041010,13537.7
7519,0.00015349,13539.5
7520,0.00003494,13541.3
7521,0.00004957,13543.1
7522,0.00031771,13544.9
7523,0.00010087,13546.7
7524,0.00005611,13548.5
7525,0.00009766,13550.4
7526,0.00008248,13552.2
7527,0.00022518,13554.0
7528,0.00010922,13555.8
7529,0.00007013,13557.6
7530,0.00015616,13559.4
7531,0.00007236,13561.1
7532,0.00029037,13562.9
7533,0.00013223,13564.7
7534,0.00004711,13566.5
7535,0.00003579,13568.3
7536,0.00013533,13570.0
7537,0.00010541,13571.8
7538,0.00005030,13573.6
7539,0.00003898,13575.4
7540,0.00006345,13577.2
7541,0.00034806,13579.0
7542,0.00016683,13580.8
7543,0.00007136,13582.6
7544,0.00006050,13584.5
7545,0.00005584,13586.3
7546,0.00019217,13588.1
7547,0.00013000,13589.9
7548,0.00016654,13591.8
7549,0.00009153,13593.6
7550,0.00005506,13595.4
7551,0.00005213,13597.2
7552,0.00010614,13599.1
7553,0.00010850,13600.9
7554,0.00012357,13602.7
7555,0.00030473,13604.5
7556,0.00006054,13606.4
7557,0.00003175,13608.2
7558,0.00004243,13610.0
7559,0.00015835,13611.8
7560,0.00017703,13613.6
7561,0.00019465,13615.4
7562,0.00023487,13617.1
7563,0.00009562,13618.9
7564,0.00006013,13620.7
7565,0.00015072,13622.5
7566,0.00013550,13624.3
7567,0.00010307,13626.0
7568,0.00003893,13627.8
7569,0.00003383,13629.6
7570,0.00013097,13631.4
7571,0.00041319,13633.2
7572,0.00016093,13635.0
7573,0.00009654,13636.7
7574,0.00004407,13638.5
7575,0.00006540,13640.3
7576,0.00015363,13642.1
7577,0.00043896,13643.9
7578,0.00020339,13645.8
7579,0.00006008,13647.6
7580,0.00008653,13649.4
7581,0.00005686,13651.2
7582,0.00007728,13653.1
7583,0.00007968,13654.9
7584,0.00004839,13656.7
7585,0.00006926,13658.5
7586,0.00033687,13660.3
7587,0.00018586,13662.1
7588,0.00014248,13663.9
7589,0.00003850,13665.7
7590,0.00003547,13667.5
7591,0.00013582,13669.3
7592,0.00023437,13671.1
7593,0.00005291,13672.9
7594,0.00006276,13674.7
7595,0.00006632,13676.6
7596,0.00013744,13678.4
7597,0.00038355,13680.2
7598,0.00023104,13682.1
7599,0.00007419,13683.9
7600,0.00006110,13685.7
7601,0.00005999,13687.5
7602,0.00010319,13689.3
7603,0.00015301,13691.2
7604,0.00013094,13693.0
7605,0.00014882,13694.7
7606,0.00020021,13696.5
7607,0.00007068,13698.4
7608,0.00014061,13700.2
7609,0.00004696,13701.9
7610,0.00003977,13703.7
7611,0.00014325,13705.5
7612,0.00027076,13707.3
7613,0.00004297,13709.1
7614,0.00003754,13710.9
7615,0.00013976,13712.7
7616,0.00018040,13714.5
7617,0.00009622,13716.4
7618,0.00009913,13718.2
7619,0.00007473,13720.0
7620,0.00010666,13721.8
7621,0.00030460,13723.6
7622,0.00012351,13725.4
7623,0.00044426,13727.2
7624,0.00006825,13729.1
7625,0.00004561,13730.9
7626,0.00004364,13732.7
7627,0.00014228,13734.5
7628,0.00009417,13736.3
7629,0.00021716,13738.1
7630,0.00004656,13740.0
7631,0.00017239,13741.8
7632,0.00023866,13743.6
7633,0.00004625,13745.3
7634,0.00003327,13747.1
7635,0.00010459,13748.9
7636,0.00004528,13750.7
7637,0.00003597,13752.5
7638,0.00021722,13754.3
7639,0.00026507,13756.1
7640,0.00013453,13758.0
7641,0.00009086,13759.8
7642,0.00004343,13761.6
7643,0.00009912,13763.5
7644,0.00008699,13765.3
7645,0.00004182,13767.1
7646,0.00013856,13769.0
7647,0.00018974,13770.8
7648,0.00007437,13772.6
7649,0.00033123,13774.4
7650,0.00037834,13776.2
7651,0.00004416,13778.0
7652,0.00004129,13779.8
7653,0.00013665,13781.6
7654,0.00004447,13783.4
7655,0.00003613,13785.1
7656,0.00010558,13786.9
7657,0.00018986,13788.7
7658,0.00005152,13790.5
7659,0.00016602,13792.3
7660,0.00021142,13794.1
7661,0.00005252,13795.8
7662,0.00011019,13797.6
7663,0.00007179,13799.4
7664,0.00004489,13801.2
7665,0.00003973,13803.0
7666,0.00031072,13804.8
7667,0.00007411,13806.6
7668,0.00005724,13808.3
7669,0.00012249,13810.1
7670,0.00021366,13811.9
7671,0.00030784,13813.7
7672,0.00008471,13815.5
7673,0.00008627,13817.3
7674,0.00008330,13819.1
7675,0.00006838,13820.9
7676,0.00008372,13822.6
7677,0.00011569,13824.4
7678,0.00005475,13826.2
7679,0.00018475,13828.0
7680,0.00012987,13829.8
7681,0.00011397,13831.6
7682,0.00024699,13833.4
7683,0.00005972,13835.1
7684,0.00004556,13836.9
7685,0.00007823,13838.7
7686,0.00014657,13840.5
7687,0.00015305,13842.3
7688,0.00003958,13844.1
7689,0.00005607,13845.9
7690,0.00074375,13847.6
7691,0.00013998,13849.4
7692,0.00004134,13851.2
7693,0.00003339,13853.0
7694,0.00003555,13854.8
7695,0.00010524,13856.6
7696,0.00025959,13858.4
7697,0.00014755,13860.2
7698,0.00011050,13861.9
7699,0.00004833,13863.7
7700,0.00008143,13865.5
7701,0.00005782,13867.4
7702,0.00013109,13869.2
7703,0.00012507,13871.0
7704,0.00019708,13872.8
7705,0.00024204,13874.6
7706,0.00003645,13876.3
7707,0.00005171,13878.1
7708,0.00007602,13879.9
7709,0.00006583,13881.7
7710,0.00014468,13883.5
7711,0.00035258,13885.3
7712,0.00014670,13887.1
7713,0.00010840,13888.9
7714,0.00005316,13890.8
7715,0.00004273,13892.6
7716,0.00004941,13894.4
7717,0.00008880,13896.2
7718,0.00015032,13898.0
7719,0.00006673,13899.9
7720,0.00004931,13901.7
7721,0.00004456,13903.5
7722,0.00008018,13905.3
7723,0.00044539,13907.2
7724,0.00035244,13909.0
7725,0.00004370,13910.9
7726,0.00004255,13912.7
7727,0.00003387,13914.5
7728,0.00003906,13916.3
7729,0.00011072,13918.1
7730,0.00009750,13919.9
7731,0.00013966,13921.7
7732,0.00004517,13923.5
7733,0.00012204,13925.3
7734,0.00005051,13927.1
7735,0.00021249,13928.8
7736,0.00024244,13930.6
7737,0.00005640,13932.4
7738,0.00014614,13934.2
7739,0.00004585,13936.0
7740,0.00009391,13937.8
7741,0.00018563,13939.6
7742,0.00004438,13941.3
7743,0.00004393,13943.1
7744,0.00014076,13944.9
7745,0.00019949,13946.7
7746,0.00023097,13948.5
7747,0.00004282,13950.2
7748,0.00003190,13952.0
7749,0.00017720,13953.8
7750,0.00027761,13955.6
7751,0.00011158,13957.4
7752,0.00018740,13959.2
7753,0.00005318,13961.0
7754,0.00003277,13962.8
7755,0.00003150,13964.6
7756,0.00008062,13966.3
7757,0.00041620,13968.1
7758,0.00006726,13969.9
7759,0.00004335,13971.7
7760,0.00005029,13973.5
7761,0.00005661,13975.3
7762,0.00029504,13977.1
7763,0.00007534,13978.9
7764,0.00003521,13980.7
7765,0.00006975,13982.4
7766,0.00022003,13984.2
7767,0.00006438,13986.0
7768,0.00012933,13987.8
7769,0.00005668,13989.6
7770,0.00005876,13991.4
7771,0.00016667,13993.1
7772,0.00009133,13994.9
7773,0.00004601,13996.7
7774,0.00021742,13998.5
7775,0.00007901,14000.3
7776,0.00007301,14002.1
7777,0.00017434,14003.9
7778,0.00016434,14005.7
7779,0.00005382,14007.4
7780,0.00007302,14009.2
7781,0.00055729,14011.0
7782,0.00005030,14012.8
7783,0.00008488,14014.6
7784,0.00007081,14016.4
7785,0.00012526,14018.2
7786,0.00004622,14020.0
7787,0.00004548,14021.7
7788,0.00028305,14023.5
7789,0.00019650,14025.3
7790,0.00003713,14027.1
7791,0.00004806,14028.9
7792,0.00013849,14030.7
7793,0.00019820,14032.5
7794,0.00018734,14034.2
7795,0.00004009,14036.0
7796,0.00004532,14037.8
7797,0.00007335,14039.6
7798,0.00004075,14041.4
7799,0.00003438,14043.2
7800,0.00038855,14045.0
7801,0.00025911,14046.7
7802,0.00005042,14048.5
7803,0.00004923,14050.3
7804,0.00003766,14052.1
7805,0.00004493,14053.9
7806,0.00019856,14055.7
7807,0.00011148,14057.5
7808,0.00008144,14059.3
7809,0.00007096,14061.0
7810,0.00008824,14062.8
7811,0.00008789,14064.6
7812,0.00006879,14066.5
7813,0.00045485,14068.2
7814,0.00006420,14070.0
7815,0.00004243,14071.8
7816,0.00018649,14073.6
7817,0.00009682,14075.4
7818,0.00023328,14077.2
7819,0.00015835,14079.0
7820,0.00018749,14080.8
7821,0.00017454,14082.5
7822,0.00004496,14084.3
7823,0.00003806,14086.1
7824,0.00005087,14087.9
7825,0.00008056,14089.7
7826,0.00005416,14091.5
7827,0.00008447,14093.3
7828,0.00039026,14095.1
7829,0.00007855,14096.9
7830,0.00005073,14098.8
7831,0.00025104,14100.6
7832,0.00008631,14102.4
7833,0.00005489,14104.2
7834,0.00014650,14106.1
7835,0.00026509,14107.9
7836,0.00004223,14109.7
7837,0.00007395,14111.5
7838,0.00003506,14113.4
7839,0.00011409,14115.2
7840,0.00013285,14117.1
7841,0.00018627,14118.9
7842,0.00003483,14120.7
7843,0.00013442,14122.6
7844,0.00012483,14124.4
7845,0.00007414,14126.2
7846,0.00031780,14128.0
7847,0.00007456,14129.7
7848,0.00032626,14131.5
7849,0.00007148,14133.3
7850,0.00005805,14135.1
7851,0.00007138,14136.9
7852,0.00005209,14138.6
7853,0.00018958,14140.4
7854,0.00024414,14142.2
7855,0.00005667,14144.0
7856,0.00005394,14145.8
7857,0.00004039,14147.6
7858,0.00025473,14149.4
7859,0.00007305,14151.3
7860,0.00006183,14153.1
7861,0.00020287,14154.9
7862,0.00009030,14156.7
7863,0.00003549,14158.6
7864,0.00003803,14160.4
7865,0.00009517,14162.2
7866,0.00014643,14164.0
7867,0.00005222,14165.9
7868,0.00029565,14167.7
7869,0.00026508,14169.5
7870,0.00011644,14171.3
7871,0.00011625,14173.2
7872,0.00020739,14175.0
7873,0.00008469,14176.8
7874,0.00006186,14178.6
7875,0.00003375,14180.5
7876,0.00008573,14182.2
7877,0.00011226,14184.1
7878,0.00005114,14185.9
7879,0.00015402,14187.7
7880,0.00005052,14189.6
7881,0.00026619,14191.4
7882,0.00035792,14193.2
7883,0.00004335,14195.0
7884,0.00003213,14196.8
7885,0.00003777,14198.6
7886,0.00004270,14200.4
7887,0.00023962,14202.3
7888,0.00010406,14204.1
7889,0.00021116,14205.9
7890,0.00016291,14207.8
7891,0.00009267,14209.6
7892,0.00016692,14211.4
7893,0.00003587,14213.2
7894,0.00004343,14215.0
7895,0.00007032,14216.8
7896,0.00020188,14218.6
7897,0.00010264,14220.4
7898,0.00003515,14222.2
7899,0.00003240,14224.1
7900,0.00038043,14225.9
7901,0.00022576,14227.7
7902,0.00003655,14229.5
7903,0.00003157,14231.4
7904,0.00008187,14233.2
7905,0.00030068,14235.0
7906,0.00003589,14236.9
7907,0.00007564,14238.7
7908,0.00005770,14240.5
7909,0.00003852,14242.3
7910,0.00023934,14244.1
7911,0.00004612,14246.0
7912,0.00010662,14247.8
7913,0.00005514,14249.6
7914,0.00029537,14251.5
7915,0.00005765,14253.3
7916,0.00008394,14255.1
7917,0.00005718,14256.9
7918,0.00008531,14258.7
7919,0.00032994,14260.5
7920,0.00013880,14262.3
7921,0.00004186,14264.1
7922,0.00003182,14266.0
7923,0.00011947,14267.8
7924,0.00010227,14269.6
7925,0.00004774,14271.5
7926,0.00031104,14273.3
7927,0.00017833,14275.1
7928,0.00004117,14276.8
7929,0.00003743,14278.6
7930,0.00007808,14280.4
7931,0.00008984,14282.3
7932,0.00010242,14284.1
7933,0.00012831,14285.9
7934,0.00015766,14287.7
7935,0.00009215,14289.5
7936,0.00018864,14291.4
7937,0.00005005,14293.2
7938,0.00006885,14295.0
7939,0.00008103,14296.8
7940,0.00025077,14298.7
7941,0.00011143,14300.5
7942,0.00006534,14302.3
7943,0.00004782,14304.1
7944,0.00003693,14306.0
7945,0.00003318,14307.8
7946,0.00016419,14309.6
7947,0.00015386,14311.4
7948,0.00004958,14313.3
7949,0.00008499,14315.1
7950,0.00007241,14316.9
7951,0.00028331,14318.7
7952,0.00003809,14320.6
7953,0.00003378,14322.4
7954,0.00028506,14324.2
7955,0.00013766,14326.0
7956,0.00020870,14327.9
7957,0.00007866,14329.7
7958,0.00007382,14331.5
7959,0.00019080,14333.4
7960,0.00005876,14335.2
7961,0.00003784,14337.0
7962,0.00007017,14338.8
7963,0.00026515,14340.7
7964,0.00020270,14342.5
7965,0.00024043,14344.3
7966,0.00004886,14346.2
7967,0.00005761,14347.9
7968,0.00004307,14349.7
7969,0.00005261,14351.5
7970,0.00021996,14353.3
7971,0.00023598,14355.1
7972,0.00013957,14356.9
7973,0.00003473,14358.7
7974,0.00004122,14360.5
7975,0.00004634,14362.2
7976,0.00007880,14364.0
7977,0.00005956,14365.8
7978,0.00022828,14367.6
7979,0.00033543,14369.4
7980,0.00009359,14371.2
7981,0.00003491,14373.0
7982,0.00010652,14374.8
7983,0.00007126,14376.5
7984,0.00009636,14378.3
7985,0.00015888,14380.1
7986,0.00010916,14381.9
7987,0.00007385,14383.7
7988,0.00012149,14385.5
7989,0.00004327,14387.3
7990,0.00005666,14389.1
7991,0.00021140,14390.9
7992,0.00011103,14392.7
7993,0.00004163,14394.5
7994,0.00009884,14396.3
7995,0.00013379,14398.0
7996,0.00004251,14399.8
7997,0.00035765,14401.6
7998,0.00005289,14403.4
7999,0.00009784,14405.2
8000,0.00009430,14407.0
8001,0.00009189,14408.8
8002,0.00007017,14410.6
8003,0.00006912,14412.4
8004,0.00022745,14414.1
8005,0.00004182,14415.9
8006,0.00012511,14417.7
8007,0.00005073,14419.5
8008,0.00004236,14421.3
8009,0.00005152,14423.1
8010,0.00037196,14424.8
8011,0.00008836,14426.6
8012,0.00012700,14428.4
8013,0.00009346,14430.2
8014,0.00003565,14432.0
8015,0.00014713,14433.8
8016,0.00013591,14435.6
8017,0.00004493,14437.4
8018,0.00005071,14439.1
8019,0.00008972,14440.9
8020,0.00045718,14442.7
8021,0.00003932,14444.6
8022,0.00003070,14446.4
8023,0.00012580,14448.2
8024,0.00005636,14450.1
8025,0.00010280,14451.9
8026,0.00008846,14453.7
8027,0.00003193,14455.6
8028,0.00010689,14457.4
8029,0.00024080,14459.2
8030,0.00012012,14461.1
8031,0.00004417,14462.9
8032,0.00003182,14464.7
8033,0.00004489,14466.5
8034,0.00041788,14468.3
8035,0.00004548,14470.2
8036,0.00013646,14472.0
8037,0.00004190,14473.7
8038,0.00003903,14475.5
8039,0.00011086,14477.3
8040,0.00003934,14479.1
8041,0.00012351,14480.9
8042,0.00021749,14482.7
8043,0.00005063,14484.5
8044,0.00007529,14486.3
8045,0.00019977,14488.1
8046,0.00012064,14489.8
8047,0.00003647,14491.7
8048,0.00004147,14493.4
8049,0.00005228,14495.2
8050,0.00007210,14497.0
8051,0.00022693,14498.8
8052,0.00010088,14500.6
8053,0.00025389,14502.4
8054,0.00005920,14504.1
8055,0.00007040,14506.0
8056,0.00006950,14507.8
8057,0.00016583,14509.6
8058,0.00004518,14511.4
8059,0.00004897,14513.2
8060,0.00017499,14515.0
8061,0.00005852,14516.7
8062,0.00003998,14518.5
8063,0.00022761,14520.3
8064,0.00016109,14522.1
8065,0.00003870,14523.9
8066,0.00004293,14525.7
8067,0.00004061,14527.5
8068,0.00006014,14529.2
8069,0.00021801,14531.0
8070,0.00013036,14532.8
8071,0.00003782,14534.6
8072,0.00011231,14536.4
8073,0.00018996,14538.2
8074,0.00007162,14539.9
8075,0.00004033,14541.7
8076,0.00003562,14543.5
8077,0.00003902,14545.3
8078,0.00031706,14547.1
8079,0.00007092,14548.9
8080,0.00003402,14550.7
8081,0.00016471,14552.4
8082,0.00013951,14554.2
8083,0.00006359,14556.0
8084,0.00004161,14557.8
8085,0.00007881,14559.6
8086,0.00021572,14561.4
8087,0.00004413,14563.2
8088,0.00002991,14564.9
8089,0.00008744,14566.7
8090,0.00034056,14568.5
8091,0.00027222,14570.4
8092,0.00006545,14572.2
8093,0.00005286,14574.0
8094,0.00003052,14575.8
8095,0.00007503,14577.6
8096,0.00008411,14579.5
8097,0.00012508,14581.2
8098,0.00009892,14583.0
8099,0.00016152,14584.8
8100,0.00003725,14586.6
8101,0.00003992,14588.4
8102,0.00024231,14590.3
8103,0.00012341,14592.1
8104,0.00010927,14593.8
8105,0.00009584,14595.6
8106,0.00009088,14597.4
8107,0.00020541,14599.2
8108,0.00006889,14601.0
8109,0.00004484,14602.7
8110,0.00003261,14604.5
8111,0.00005881,14606.3
8112,0.00008602,14608.1
8113,0.00005384,14609.9
8114,0.00004800,14611.7
8115,0.00027478,14613.4
8116,0.00006693,14615.2
8117,0.00003374,14617.0
8118,0.00004864,14618.8
8119,0.00004031,14620.6
8120,0.00033274,14622.4
8121,0.00023199,14624.2
8122,0.00005827,14625.9
8123,0.00006090,14627.7
8124,0.00016061,14629.5
8125,0.00004687,14631.3
8126,0.00006386,14633.1
8127,0.00175268,14634.9
8128,0.00053143,14636.6
8129,0.00005726,14638.4
8130,0.00003882,14640.2
8131,0.00003280,14642.0
8132,0.00019953,14643.8
8133,0.00004613,14645.5
8134,0.00004799,14647.3
8135,0.00012524,14649.2
8136,0.00005757,14650.9
8137,0.00003970,14652.7
8138,0.00010959,14654.5
8139,0.00024385,14656.3
8140,0.00008362,14658.1
8141,0.00008153,14659.9
8142,0.00007912,14661.6
8143,0.00019038,14663.4
8144,0.00003775,14665.2
8145,0.00003200,14667.0
8146,0.00004878,14668.8
8147,0.00028125,14670.6
8148,0.00016042,14672.3
8149,0.00003838,14674.1
8150,0.00003384,14675.9
8151,0.00005912,14677.7
8152,0.00019485,14679.5
8153,0.00004178,14681.2
8154,0.00030265,14683.0
8155,0.00015900,14684.8
8156,0.00003610,14686.6
8157,0.00004073,14688.4
8158,0.00007083,14690.1
8159,0.00006142,14691.9
8160,0.00023019,14693.7
8161,0.00009967,14695.5
8162,0.00014950,14697.3
8163,0.00004092,14699.1
8164,0.00019347,14700.9
8165,0.00005580,14702.7
8166,0.00003524,14704.4
8167,0.00004106,14706.2
8168,0.00032342,14708.0
8169,0.00004003,14709.8
8170,0.00011145,14711.5
8171,0.00017250,14713.3
8172,0.00012179,14715.1
8173,0.00016234,14716.9
8174,0.00009617,14718.7
8175,0.00013729,14720.4
8176,0.00009198,14722.2
8177,0.00008476,14724.0
8178,0.00013894,14725.8
8179,0.00009721,14727.6
8180,0.00006597,14729.4
8181,0.00022246,14731.1
8182,0.00012405,14732.9
8183,0.00003507,14734.7
8184,0.00003175,14736.5
8185,0.00005518,14738.3
8186,0.00009159,14740.1
8187,0.00014826,14741.8
8188,0.00007434,14743.6
8189,0.00020455,14745.4
8190,0.00007623,14747.2
8191,0.00004568,14749.0
8192,0.00014723,14750.8
8193,0.00004796,14752.5
8194,0.00024540,14754.3
8195,0.00007661,14756.1
8196,0.00003045,14757.9
8197,0.00002899,14759.7
8198,0.00003700,14761.5
8199,0.00020269,14763.2
8200,0.00028884,14765.0
8201,0.00006945,14766.8
8202,0.00010888,14768.6
8203,0.00005268,14770.4
8204,0.00004391,14772.2
8205,0.00016392,14773.9
8206,0.00046894,14775.7
8207,0.00016198,14777.5
8208,0.00004574,14779.3
8209,0.00003280,14781.1
8210,0.00003162,14782.9
8211,0.00015621,14784.6
8212,0.00004394,14786.5
8213,0.00003906,14788.2
8214,0.00006049,14790.0
8215,0.00003825,14791.8
8216,0.00007106,14793.6
8217,0.00016281,14795.4
8218,0.00008285,14797.1
8219,0.00021143,14798.9
8220,0.00007586,14800.7
8221,0.00003710,14802.5
8222,0.00011357,14804.3
8223,0.00010985,14806.1
8224,0.00008030,14807.8
8225,0.00004692,14809.6
8226,0.00009357,14811.4
8227,0.00010926,14813.2
8228,0.00017149,14815.0
8229,0.00019595,14816.7
8230,0.00004193,14818.5
8231,0.00008667,14820.3
8232,0.00006445,14822.1
8233,0.00021201,14823.9
8234,0.00005461,14825.7
8235,0.00003959,14827.5
8236,0.00017954,14829.2
8237,0.00012683,14831.0
8238,0.00003381,14832.8
8239,0.00004036,14834.6
8240,0.00008303,14836.4
8241,0.00053816,14838.2
8242,0.00005326,14840.0
8243,0.00003674,14841.8
8244,0.00021622,14843.5
8245,0.00027891,14845.3
8246,0.00006180,14847.1
8247,0.00004266,14848.9
8248,0.00002991,14850.7
8249,0.00008526,14852.5
8250,0.00016319,14854.2
8251,0.00008103,14856.1
8252,0.00009671,14857.8
8253,0.00003949,14859.6
8254,0.00004529,14861.4
8255,0.00011921,14863.2
8256,0.00004889,14865.0
8257,0.00004458,14866.8
8258,0.00017052,14868.6
8259,0.00010307,14870.4
8260,0.00009301,14872.2
8261,0.00009295,14873.9
8262,0.00003861,14875.7
8263,0.00010976,14877.5
8264,0.00008646,14879.3
8265,0.00018406,14881.1
8266,0.00009581,14882.9
8267,0.00005429,14884.6
8268,0.00014061,14886.4
8269,0.00018379,14888.2
8270,0.00011929,14890.0
8271,0.00006056,14891.8
8272,0.00003803,14893.6
8273,0.00023076,14895.3
8274,0.00006561,14897.1
8275,0.00011863,14898.9
8276,0.00003723,14900.7
8277,0.00003059,14902.5
8278,0.00003006,14904.3
8279,0.00026936,14906.1
8280,0.00022760,14908.0
8281,0.00038545,14909.8
8282,0.00018176,14911.6
8283,0.00003512,14913.5
8284,0.00003905,14915.3
8285,0.00007294,14917.1
8286,0.00009300,14918.9
8287,0.00005842,14920.8
8288,0.00005062,14922.6
8289,0.00015215,14924.4
8290,0.00012708,14926.3
8291,0.00002908,14928.1
8292,0.00004556,14929.9
8293,0.00048933,14931.7
8294,0.00009804,14933.6
8295,0.00006551,14935.3
8296,0.00007580,14937.1
8297,0.00006969,14938.9
8298,0.00023453,14940.7
8299,0.00010156,14942.5
8300,0.00003022,14944.3
8301,0.00006216,14946.0
8302,0.00003774,14947.8
8303,0.00008246,14949.6
8304,0.00028784,14951.4
8305,0.00008642,14953.2
8306,0.00010746,14955.0
8307,0.00009934,14956.8
8308,0.00017752,14958.6
8309,0.00002845,14960.4
8310,0.00003168,14962.2
8311,0.00007873,14964.0
8312,0.00015206,14965.8
8313,0.00006482,14967.6
8314,0.00007934,14969.4
8315,0.00025727,14971.2
8316,0.00013088,14973.0
8317,0.00010278,14974.9
8318,0.00009359,14976.7
8319,0.00003380,14978.5
8320,0.00013014,14980.3
8321,0.00007676,14982.1
8322,0.00009936,14983.9
8323,0.00030950,14985.7
8324,0.00017728,14987.5
8325,0.00003939,14989.4
8326,0.00003301,14991.2
8327,0.00016093,14993.0
8328,0.00037483,14994.8
8329,0.00004727,14996.6
8330,0.00004234,14998.4
8331,0.00003665,15000.2
8332,0.00004035,15002.1
8333,0.00005519,15003.9
8334,0.00005874,15005.6
8335,0.00009248,15007.4
8336,0.00021733,15009.2
8337,0.00008290,15011.0
8338,0.00003325,15012.8
8339,0.00027782,15014.6
8340,0.00019090,15016.3
8341,0.00010690,15018.1
8342,0.00004629,15019.9
8343,0.00002881,15021.8
8344,0.00017806,15023.6
8345,0.00009665,15025.4
8346,0.00012115,15027.3
8347,0.00007594,15029.1
8348,0.00017335,15030.9
8349,0.00025285,15032.7
8350,0.00004542,15034.4
8351,0.00003492,15036.2
8352,0.00003350,15038.0
8353,0.00002804,15039.8
8354,0.00022798,15041.6
8355,0.00041570,15043.3
8356,0.00014713,15045.1
8357,0.00003881,15046.9
8358,0.00003557,15048.7
8359,0.00003724,15050.5
8360,0.00004431,15052.3
8361,0.00006796,15054.1
8362,0.00008323,15055.8
8363,0.00032107,15057.6
8364,0.00026054,15059.4
8365,0.00003363,15061.3
8366,0.00004581,15063.1
8367,0.00002702,15064.9
8368,0.00012356,15066.7
8369,0.00005192,15068.5
8370,0.00014325,15070.3
8371,0.00009134,15072.2
8372,0.00004199,15074.0
8373,0.00004652,15075.8
8374,0.00004064,15077.6
8375,0.00011295,15079.5
8376,0.00008942,15081.3
8377,0.00008610,15083.1
8378,0.00017128,15085.0
8379,0.00005514,15086.8
8380,0.00014775,15088.6
8381,0.00011343,15090.4
8382,0.00004291,15092.3
8383,0.00028343,15094.0
8384,0.00008174,15095.8
8385,0.00003658,15097.6
8386,0.00016710,15099.4
8387,0.00003710,15101.2
8388,0.00006310,15102.9
8389,0.00007860,15104.7
8390,0.00005496,15106.5
8391,0.00014524,15108.3
8392,0.00027128,15110.1
8393,0.00011961,15111.8
8394,0.00003237,15113.6
8395,0.00005125,15115.4
8396,0.00017621,15117.2
8397,0.00004152,15119.0
8398,0.00005554,15120.8
8399,0.00005599,15122.6
8400,0.00018206,15124.3
8401,0.00003056,15126.1
8402,0.00037080,15127.9
8403,0.00010020,15129.7
8404,0.00004986,15131.5
8405,0.00004335,15133.3
8406,0.00003000,15135.1
8407,0.00006397,15137.0
8408,0.00019004,15138.8
8409,0.00007469,15140.6
8410,0.00009528,15142.5
8411,0.00016572,15144.3
8412,0.00005108,15146.1
8413,0.00016334,15147.9
8414,0.00006589,15149.7
8415,0.00006100,15151.6
8416,0.00008125,15153.4
8417,0.00008428,15155.2
8418,0.00004924,15157.0
8419,0.00004977,15158.8
8420,0.00044927,15160.6
8421,0.00012353,15162.3
8422,0.00003199,15164.1
8423,0.00006726,15165.9
8424,0.00003130,15167.7
8425,0.00009182,15169.5
8426,0.00003772,15171.4
8427,0.00036715,15173.2
8428,0.00020883,15175.0
8429,0.00007336,15176.8
8430,0.00003662,15178.7
8431,0.00006782,15180.5
8432,0.00023958,15182.3
8433,0.00012851,15184.2
8434,0.00005585,15186.0
8435,0.00008874,15187.8
8436,0.00007407,15189.6
8437,0.00007866,15191.5
8438,0.00005593,15193.3
8439,0.00038153,15195.1
8440,0.00021796,15196.9
8441,0.00003661,15198.8
8442,0.00004680,15200.6
8443,0.00030869,15202.4
8444,0.00036776,15204.3
8445,0.00002981,15206.1
8446,0.00002748,15208.0
8447,0.00002953,15209.8
8448,0.00002935,15211.6
8449,0.00011163,15213.5
8450,0.00012032,15215.3
8451,0.00023297,15217.1
8452,0.00006682,15218.9
8453,0.00013735,15220.8
8454,0.00004031,15222.6
8455,0.00003894,15224.4
8456,0.00067540,15226.2
8457,0.00011293,15227.9
8458,0.00004462,15229.7
8459,0.00003719,15231.5
8460,0.00003512,15233.3
8461,0.00010478,15235.1
8462,0.00007212,15236.9
8463,0.00004096,15238.6
8464,0.00014067,15240.4
8465,0.00027896,15242.2
8466,0.00006006,15244.0
8467,0.00004355,15245.8
8468,0.00004201,15247.7
8469,0.00006955,15249.5
8470,0.00022536,15251.3
8471,0.00008957,15253.1
8472,0.00010422,15255.0
8473,0.00004187,15256.8
8474,0.00006258,15258.6
8475,0.00003975,15260.4
8476,0.00016082,15262.2
8477,0.00009980,15264.0
8478,0.00003698,15265.8
8479,0.00006454,15267.6
8480,0.00006113,15269.3
8481,0.00024226,15271.1
8482,0.00016643,15272.9
8483,0.00003141,15274.7
8484,0.00005899,15276.5
8485,0.00009109,15278.3
8486,0.00016101,15280.1
8487,0.00004375,15282.0
8488,0.00003004,15283.8
8489,0.00008691,15285.6
8490,0.00003505,15287.5
8491,0.00016142,15289.3
8492,0.00009743,15291.1
8493,0.00006159,15292.9
8494,0.00008694,15294.7
8495,0.00007829,15296.6
8496,0.00030579,15298.4
8497,0.00006213,15300.2
8498,0.00009625,15302.0
8499,0.00016292,15303.8
8500,0.00004153,15305.7
8501,0.00005858,15307.5
8502,0.00003169,15309.3
8503,0.00004940,15311.2
8504,0.00032486,15313.0
8505,0.00011052,15314.8
8506,0.00002891,15316.6
8507,0.00002791,15318.4
8508,0.00003483,15320.2
8509,0.00013930,15322.0
8510,0.00013392,15323.8
8511,0.00015043,15325.5
8512,0.00008467,15327.3
8513,0.00005209,15329.1
8514,0.00005159,15330.9
8515,0.00003355,15332.8
8516,0.00020637,15334.5
8517,0.00032003,15336.3
8518,0.00018933,15338.1
8519,0.00003369,15339.9
8520,0.00005217,15341.7
8521,0.00002787,15343.5
8522,0.00003708,15345.3
8523,0.00004716,15347.0
8524,0.00023162,15348.8
8525,0.00019523,15350.6
8526,0.00003792,15352.4
8527,0.00003295,15354.2
8528,0.00007089,15356.0
8529,0.00010939,15357.8
8530,0.00012663,15359.5
8531,0.00023197,15361.3
8532,0.00004928,15363.1
8533,0.00016633,15365.0
8534,0.00006545,15366.7
8535,0.00006583,15368.5
8536,0.00005132,15370.3
8537,0.00015340,15372.1
8538,0.00003726,15373.9
8539,0.00004094,15375.8
8540,0.00037753,15377.6
8541,0.00015439,15379.4
8542,0.00009822,15381.1
8543,0.00002847,15382.9
8544,0.00003492,15384.7
8545,0.00004743,15386.5
8546,0.00003486,15388.3
8547,0.00010762,15390.1
8548,0.00013427,15391.8
8549,0.00016538,15393.6
8550,0.00005177,15395.4
8551,0.00006787,15397.2
8552,0.00004749,15399.0
8553,0.00024681,15400.8
8554,0.00040360,15402.5
8555,0.00017081,15404.3
8556,0.00003406,15406.1
8557,0.00003970,15407.9
8558,0.00003131,15409.7
8559,0.00002570,15411.5
8560,0.00002811,15413.3
8561,0.00018107,15415.2
8562,0.00020983,15417.0
8563,0.00003126,15418.8
8564,0.00016659,15420.6
8565,0.00004332,15422.4
8566,0.00007181,15424.2
8567,0.00020837,15425.9
8568,0.00004366,15427.7
8569,0.00007041,15429.5
8570,0.00002943,15431.4
8571,0.00008013,15433.2
8572,0.00013075,15435.0
8573,0.00005523,15436.9
8574,0.00016578,15438.7
8575,0.00025862,15440.5
8576,0.00005120,15442.4
8577,0.00004459,15444.2
8578,0.00005668,15446.0
8579,0.00018362,15447.9
8580,0.00047669,15449.7
8581,0.00007615,15451.5
8582,0.00013802,15453.3
8583,0.00003226,15455.2
8584,0.00009729,15457.0
8585,0.00005062,15458.8
8586,0.00004162,15460.6
8587,0.00011432,15462.5
8588,0.00034011,15464.3
8589,0.00007130,15466.1
8590,0.00008449,15467.9
8591,0.00004710,15469.6
8592,0.00002739,15471.5
8593,0.00003048,15473.2
8594,0.00012343,15475.0
8595,0.00031200,15476.8
8596,0.00008513,15478.6
8597,0.00006772,15480.4
8598,0.00004549,15482.2
8599,0.00004991,15483.9
8600,0.00003604,15485.7
8601,0.00021928,15487.5
8602,0.00006304,15489.3
8603,0.00005727,15491.1
8604,0.00021045,15492.9
8605,0.00008049,15494.7
8606,0.00004384,15496.5
8607,0.00002818,15498.3
8608,0.00004129,15500.1
8609,0.00006849,15502.0
8610,0.00013031,15503.8
8611,0.00011909,15505.6
8612,0.00003259,15507.4
8613,0.00005250,15509.3
8614,0.00014870,15511.1
8615,0.00004851,15512.9
8616,0.00030972,15514.8
8617,0.00006819,15516.6
8618,0.00002714,15518.4
8619,0.00004375,15520.1
8620,0.00005108,15521.9
8621,0.00005367,15523.7
8622,0.00030582,15525.5
8623,0.00013958,15527.3
8624,0.00008479,15529.1
8625,0.00013862,15530.9
8626,0.00003694,15532.8
8627,0.00003184,15534.6
8628,0.00013168,15536.4
8629,0.00005542,15538.2
8630,0.00005179,15540.1
8631,0.00011271,15541.9
8632,0.00008567,15543.7
8633,0.00025805,15545.4
8634,0.00006735,15547.2
8635,0.00007347,15549.0
8636,0.00010769,15550.8
8637,0.00005075,15552.6
8638,0.00009551,15554.4
8639,0.00006922,15556.3
8640,0.00004033,15558.1
8641,0.00044174,15560.0
8642,0.00018161,15561.8
8643,0.00005932,15563.6
8644,0.00002538,15565.4
8645,0.00004450,15567.3
8646,0.00005169,15569.1
8647,0.00017601,15570.9
8648,0.00003778,15572.7
8649,0.00007001,15574.6
8650,0.00018378,15576.4
8651,0.00008750,15578.2
8652,0.00007467,15580.0
8653,0.00007689,15581.8
8654,0.00031958,15583.7
8655,0.00011581,15585.5
8656,0.00003674,15587.3
8657,0.00003351,15589.1
8658,0.00010408,15591.0
8659,0.00006815,15592.8
8660,0.00018033,15594.6
8661,0.00003523,15596.5
8662,0.00004848,15598.3
8663,0.00010000,15600.1
8664,0.00010858,15602.0
8665,0.00003219,15603.8
8666,0.00007721,15605.6
8667,0.00013851,15607.4
8668,0.00008423,15609.2
8669,0.00004910,15611.0
8670,0.00019932,15612.8
8671,0.00004852,15614.6
8672,0.00003377,15616.5
8673,0.00007011,15618.3
8674,0.00029921,15620.1
8675,0.00003736,15621.9
8676,0.00006304,15623.8
8677,0.00006243,15625.6
8678,0.00029141,15627.4
8679,0.00008711,15629.3
8680,0.00009176,15631.1
8681,0.00002622,15632.9
8682,0.00004541,15634.7
8683,0.00028148,15636.6
8684,0.00009717,15638.4
8685,0.00004153,15640.2
8686,0.00003597,15642.0
8687,0.00003152,15643.8
8688,0.00014549,15645.7
8689,0.00010480,15647.5
8690,0.00012392,15649.3
8691,0.00022378,15651.1
8692,0.00005251,15652.9
8693,0.00002983,15654.7
8694,0.00003102,15656.5
8695,0.00014515,15658.3
8696,0.00003672,15660.0
8697,0.00004730,15661.8
8698,0.00011067,15663.6
8699,0.00007093,15665.5
8700,0.00008221,15667.3
8701,0.00024598,15669.1
8702,0.00003492,15670.9
8703,0.00006272,15672.8
8704,0.00003089,15674.6
8705,0.00043777,15676.4
8706,0.00017271,15678.2
8707,0.00007670,15679.9
8708,0.00005673,15681.7
8709,0.00003207,15683.5
8710,0.00004432,15685.3
8711,0.00007424,15687.1
8712,0.00012465,15688.9
8713,0.00008123,15690.7
8714,0.00005574,15692.5
8715,0.00024279,15694.4
8716,0.00012527,15696.2
8717,0.00004662,15698.0
8718,0.00004409,15699.8
8719,0.00007120,15701.7
8720,0.00005448,15703.5
8721,0.00023141,15705.4
8722,0.00004420,15707.2
8723,0.00017176,15709.0
8724,0.00014161,15710.9
8725,0.00003530,15712.7
8726,0.00003062,15714.5
8727,0.00003967,15716.3
8728,0.00006314,15718.2
8729,0.00024719,15720.0
8730,0.00038696,15721.8
8731,0.00005293,15723.7
8732,0.00003696,15725.5
8733,0.00002523,15727.3
8734,0.00003097,15729.2
8735,0.00007880,15731.0
8736,0.00031265,15732.8
8737,0.00007489,15734.6
8738,0.00004770,15736.5
8739,0.00009773,15738.3
8740,0.00003821,15740.1
8741,0.00005290,15741.9
8742,0.00045508,15743.8
8743,0.00008787,15745.6
8744,0.00002540,15747.4
8745,0.00002677,15749.3
8746,0.00003438,15751.1
8747,0.00007820,15752.9
8748,0.00020097,15754.8
8749,0.00020505,15756.6
8750,0.00013707,15758.4
8751,0.00003394,15760.3
8752,0.00003493,15762.1
8753,0.00003201,15763.9
8754,0.00005356,15765.7
8755,0.00011023,15767.5
8756,0.00057227,15769.4
8757,0.00007564,15771.2
8758,0.00004021,15773.0
8759,0.00002600,15774.8
8760,0.00002947,15776.7
8761,0.00004060,15778.5
8762,0.00016232,15780.3
8763,0.00034935,15782.2
8764,0.00014341,15784.0
8765,0.00007229,15785.8
8766,0.00002585,15787.6
8767,0.00002482,15789.4
8768,0.00003314,15791.3
8769,0.00003589,15793.1
8770,0.00022044,15794.9
8771,0.00003632,15796.8
8772,0.00009716,15798.6
8773,0.00013163,15800.4
8774,0.00004291,15802.2
8775,0.00008168,15804.0
8776,0.00007196,15805.8
8777,0.00005388,15807.6
8778,0.00020232,15809.4
8779,0.00004557,15811.2
8780,0.00007714,15813.0
8781,0.00004065,15814.8
8782,0.00006441,15816.6
8783,0.00009005,15818.4
8784,0.00008561,15820.2
8785,0.00004730,15822.1
8786,0.00003567,15823.9
8787,0.00006195,15825.7
8788,0.00013624,15827.6
8789,0.00012224,15829.4
8790,0.00015362,15831.2
8791,0.00005553,15833.0
8792,0.00013923,15834.9
8793,0.00003679,15836.7
8794,0.00003428,15838.5
8795,0.00007741,15840.3
8796,0.00030775,15842.2
8797,0.00058901,15844.0
8798,0.00008372,15845.8
8799,0.00005442,15847.7
8800,0.00004257,15849.5
8801,0.00005741,15851.3
8802,0.00006066,15853.1
8803,0.00019798,15854.9
8804,0.00009521,15856.8
8805,0.00010617,15858.6
8806,0.00005442,15860.4
8807,0.00010860,15862.2
8808,0.00016358,15863.9
8809,0.00011619,15865.7
8810,0.00006395,15867.5
8811,0.00014127,15869.3
8812,0.00005340,15871.1
8813,0.00003975,15872.8
8814,0.00008538,15874.6
8815,0.00012971,15876.4
8816,0.00020117,15878.2
8817,0.00003874,15880.0
8818,0.00006572,15881.8
8819,0.00005586,15883.5
8820,0.00004230,15885.3
8821,0.00008654,15887.1
8822,0.00004656,15888.9
8823,0.00020125,15890.7
8824,0.00014529,15892.6
8825,0.00003292,15894.4
8826,0.00005276,15896.2
8827,0.00010226,15898.0
8828,0.00011003,15899.9
8829,0.00017174,15901.7
8830,0.00005452,15903.5
8831,0.00004463,15905.3
8832,0.00013598,15907.2
8833,0.00007471,15909.0
8834,0.00003462,15910.8
8835,0.00013324,15912.7
8836,0.00018239,15914.5
8837,0.00015406,15916.3
8838,0.00016421,15918.1
8839,0.00003375,15919.9
8840,0.00007268,15921.8
8841,0.00004474,15923.6
8842,0.00004103,15925.4
8843,0.00003921,15927.2
8844,0.00024753,15929.1
8845,0.00009972,15930.9
8846,0.00010372,15932.7
8847,0.00006534,15934.5
8848,0.00012863,15936.4
8849,0.00013823,15938.2
8850,0.00006115,15940.0
8851,0.00003763,15941.8
8852,0.00003386,15943.7
8853,0.00008625,15945.5
8854,0.00006153,15947.3
8855,0.00019995,15949.1
8856,0.00006364,15951.0
8857,0.00005046,15952.8
8858,0.00021110,15954.6
8859,0.00031119,15956.4
8860,0.00015393,15958.2
8861,0.00004334,15959.9
8862,0.00003400,15961.7
8863,0.00002960,15963.5
8864,0.00003660,15965.3
8865,0.00005348,15967.1
8866,0.00011438,15969.0
8867,0.00014011,15970.8
8868,0.00026310,15972.6
8869,0.00011332,15974.5
8870,0.00008455,15976.3
8871,0.00009206,15978.1
8872,0.00003594,15980.0
8873,0.00034408,15981.8
8874,0.00023860,15983.6
8875,0.00003201,15985.4
8876,0.00004265,15987.2
8877,0.00005123,15989.0
8878,0.00006311,15990.8
8879,0.00027840,15992.6
8880,0.00004049,15994.3
8881,0.00006604,15996.1
8882,0.00004002,15997.9
8883,0.00009130,15999.7
8884,0.00004636,16001.5
8885,0.00004178,16003.3
8886,0.00004006,16005.1
8887,0.00015075,16006.9
8888,0.00015083,16008.8
8889,0.00012144,16010.6
8890,0.00002667,16012.4
8891,0.00004569,16014.2
8892,0.00032305,16016.1
8893,0.00004811,16017.9
8894,0.00004552,16019.7
8895,0.00011307,16021.5
8896,0.00008508,16023.4
8897,0.00012786,16025.2
8898,0.00004228,16027.0
8899,0.00002824,16028.8
8900,0.00002785,16030.7
8901,0.00010206,16032.5
8902,0.00037095,16034.2
8903,0.00008026,16036.0
8904,0.00017719,16037.8
8905,0.00004881,16039.6
8906,0.00003012,16041.4
8907,0.00002940,16043.2
8908,0.00003191,16045.0
8909,0.00006108,16046.8
8910,0.00020893,16048.5
8911,0.00013653,16050.3
8912,0.00010639,16052.1
8913,0.00005285,16053.9
8914,0.00002643,16055.7
8915,0.00002536,16057.5
8916,0.00006467,16059.3
8917,0.00004037,16061.1
8918,0.00031652,16062.9
8919,0.00018322,16064.7
8920,0.00003209,16066.4
8921,0.00003662,16068.2
8922,0.00002395,16070.0
8923,0.00004278,16071.8
8924,0.00006660,16073.6
8925,0.00008567,16075.4
8926,0.00010311,16077.1
8927,0.00007891,16078.9
8928,0.00008360,16080.7
8929,0.00007843,16082.5
8930,0.00007341,16084.3
8931,0.00011325,16086.0
8932,0.00002833,16087.8
8933,0.00010427,16089.6
8934,0.00003844,16091.4
8935,0.00023317,16093.2
8936,0.00005985,16095.0
8937,0.00003187,16096.8
8938,0.00003696,16098.6
8939,0.00005991,16100.4
8940,0.00009992,16102.3
8941,0.00019820,16104.1
8942,0.00023919,16105.9
8943,0.00004068,16107.7
8944,0.00003002,16109.5
8945,0.00003546,16111.4
8946,0.00002424,16113.2
8947,0.00009303,16115.0
8948,0.00004511,16116.8
8949,0.00036612,16118.7
8950,0.00004217,16120.4
8951,0.00006119,16122.2
8952,0.00003417,16124.0
8953,0.00021857,16125.8
8954,0.00004900,16127.6
8955,0.00002843,16129.4
8956,0.00005551,16131.2
8957,0.00011843,16132.9
8958,0.00005346,16134.7
8959,0.00029357,16136.5
8960,0.00012738,16138.3
8961,0.00004644,16140.1
8962,0.00006544,16141.8
8963,0.00003586,16143.6
8964,0.00014066,16145.4
8965,0.00031383,16147.2
8966,0.00004996,16149.0
8967,0.00008803,16150.7
8968,0.00006896,16152.5
8969,0.00002876,16154.3
8970,0.00002266,16156.1
8971,0.00025288,16158.0
8972,0.00007163,16159.8
8973,0.00006067,16161.7
8974,0.00002571,16163.5
8975,0.00005437,16165.3
8976,0.00006852,16167.1
8977,0.00008601,16169.0
8978,0.00003575,16170.8
8979,0.00006206,16172.6
8980,0.00024191,16174.4
8981,0.00010841,16176.2
8982,0.00003799,16178.0
8983,0.00004695,16179.8
8984,0.00012862,16181.6
8985,0.00027935,16183.4
8986,0.00005039,16185.1
8987,0.00002634,16186.9
8988,0.00005186,16188.7
8989,0.00036921,16190.5
8990,0.00004725,16192.3
8991,0.00003219,16194.1
8992,0.00010703,16195.9
8993,0.00019095,16197.7
8994,0.00005688,16199.5
8995,0.00006569,16201.3
8996,0.00003292,16203.0
8997,0.00014938,16204.8
8998,0.00006364,16206.6
8999,0.00004009,16208.4
9000,0.00004125,16210.2
9001,0.00004489,16212.0
9002,0.00004120,16213.8
9003,0.00010045,16215.6
9004,0.00028782,16217.5
9005,0.00003391,16219.3
9006,0.00002559,16221.2
9007,0.00003029,16223.0
9008,0.00019046,16224.8
9009,0.00021149,16226.6
9010,0.00007075,16228.5
9011,0.00002864,16230.3
9012,0.00012150,16232.1
9013,0.00003529,16233.9
9014,0.00002587,16235.8
9015,0.00003761,16237.6
9016,0.00026401,16239.5
9017,0.00011137,16241.3
9018,0.00002927,16243.1
9019,0.00003918,16244.9
9020,0.00004554,16246.8
9021,0.00002423,16248.6
9022,0.00007389,16250.4
9023,0.00053386,16252.2
9024,0.00003435,16254.1
9025,0.00008922,16255.9
9026,0.00022113,16257.7
9027,0.00002386,16259.6
9028,0.00002911,16261.4
9029,0.00014593,16263.2
9030,0.00003072,16265.0
9031,0.00003469,16266.9
9032,0.00003341,16268.7
9033,0.00033000,16270.5
9034,0.00043551,16272.4
9035,0.00003613,16274.2
9036,0.00002659,16276.0
9037,0.00002446,16277.8
9038,0.00004154,16279.6
9039,0.00007901,16281.4
9040,0.00002930,16283.2
9041,0.00020376,16285.0
9042,0.00007258,16286.7
9043,0.00003740,16288.5
9044,0.00003683,16290.3
9045,0.00010076,16292.1
9046,0.00054298,16293.9
9047,0.00006983,16295.8
9048,0.00002995,16297.6
9049,0.00002687,16299.4
9050,0.00002625,16301.2
9051,0.00003894,16303.0
9052,0.00010284,16304.8
9053,0.00004320,16306.6
9054,0.00018476,16308.3
9055,0.00004167,16310.1
9056,0.00003342,16311.9
9057,0.00004555,16313.7
9058,0.00004366,16315.6
9059,0.00041554,16317.4
9060,0.00004440,16319.2
9061,0.00002714,16321.0
9062,0.00002917,16322.8
9063,0.00003811,16324.5
9064,0.00010029,16326.3
9065,0.00005335,16328.1
9066,0.00009662,16329.9
9067,0.00008569,16331.7
9068,0.00011147,16333.5
9069,0.00004161,16335.2
9070,0.00003527,16337.0
9071,0.00006856,16338.8
9072,0.00047242,16340.6
9073,0.00010227,16342.4
9074,0.00005708,16344.2
9075,0.00004323,16346.0
9076,0.00003555,16347.8
9077,0.00002650,16349.7
9078,0.00005210,16351.5
9079,0.00042628,16353.3
9080,0.00002922,16355.1
9081,0.00002492,16357.0
9082,0.00009820,16358.8
9083,0.00004701,16360.7
9084,0.00007636,16362.5
9085,0.00002619,16364.3
9086,0.00009853,16366.1
9087,0.00016022,16368.0
9088,0.00007971,16369.8
9089,0.00005590,16371.6
9090,0.00003877,16373.5
9091,0.00003275,16375.3
9092,0.00023365,16377.1
9093,0.00008183,16378.9
9094,0.00004030,16380.8
9095,0.00007710,16382.6
9096,0.00002967,16384.4
9097,0.00003325,16386.2
9098,0.00030358,16388.0
9099,0.00020102,16389.8
9100,0.00013821,16391.6
9101,0.00003053,16393.5
9102,0.00002442,16395.3
9103,0.00009341,16397.1
9104,0.00003075,16399.0
9105,0.00002719,16400.8
9106,0.00013203,16402.6
9107,0.00004017,16404.5
9108,0.00012448,16406.3
9109,0.00008900,16408.1
9110,0.00009439,16409.9
9111,0.00012463,16411.7
9112,0.00004056,16413.5
9113,0.00003897,16415.3
9114,0.00007112,16417.1
9115,0.00036899,16418.9
9116,0.00014981,16420.7
9117,0.00002583,16422.4
9118,0.00003915,16424.2
9119,0.00004339,16426.0
9120,0.00005837,16427.8
9121,0.00002464,16429.6
9122,0.00003718,16431.4
9123,0.00053646,16433.2
9124,0.00005830,16434.9
9125,0.00003214,16436.7
9126,0.00002916,16438.5
9127,0.00006410,16440.3
9128,0.00002846,16442.1
9129,0.00051113,16443.9
9130,0.00008920,16445.7
9131,0.00003182,16447.5
9132,0.00002680,16449.2
9133,0.00008660,16451.0
9134,0.00006590,16452.8
9135,0.00003461,16454.6
9136,0.00006691,16456.4
9137,0.00035956,16458.2
9138,0.00007389,16460.0
9139,0.00002544,16461.7
9140,0.00002999,16463.5
9141,0.00004571,16465.3
9142,0.00003377,16467.1
9143,0.00019337,16468.9
9144,0.00019699,16470.7
9145,0.00003092,16472.5
9146,0.00012484,16474.3
9147,0.00003058,16476.1
9148,0.00014531,16477.8
9149,0.00011539,16479.6
9150,0.00002729,16481.4
9151,0.00002493,16483.2
9152,0.00028414,16485.0
9153,0.00006081,16486.7
9154,0.00003855,16488.5
9155,0.00011070,16490.3
9156,0.00011048,16492.1
9157,0.00003383,16493.9
9158,0.00021966,16495.7
9159,0.00015539,16497.4
9160,0.00003313,16499.2
9161,0.00003251,16501.0
9162,0.00002836,16502.8
9163,0.00012414,16504.6
9164,0.00018848,16506.4
9165,0.00008173,16508.2
9166,0.00022871,16509.9
9167,0.00002385,16511.7
9168,0.00002691,16513.5
9169,0.00017945,16515.3
9170,0.00004714,16517.1
9171,0.00003359,16518.9
9172,0.00002876,16520.7
9173,0.00007672,16522.5
9174,0.00073949,16524.3
9175,0.00003415,16526.0
9176,0.00005983,16527.8
9177,0.00002876,16529.6
9178,0.00004114,16531.4
9179,0.00014425,16533.2
9180,0.00004757,16535.0
9181,0.00004987,16536.8
9182,0.00005477,16538.6
9183,0.00013061,16540.3
9184,0.00040137,16542.1
9185,0.00005481,16543.9
9186,0.00002898,16545.7
9187,0.00003850,16547.5
9188,0.00027194,16549.3
9189,0.00002872,16551.1
9190,0.00002206,16552.8
9191,0.00002525,16554.6
9192,0.00004266,16556.4
9193,0.00003928,16558.2
9194,0.00048128,16560.0
9195,0.00008613,16561.8
9196,0.00005009,16563.6
9197,0.00006337,16565.4
9198,0.00004437,16567.1
9199,0.00004954,16568.9
9200,0.00011941,16570.7
9201,0.00016562,16572.5
9202,0.00017712,16574.3
9203,0.00016909,16576.1
9204,0.00005741,16577.9
9205,0.00002404,16579.7
9206,0.00002432,16581.4
9207,0.00002408,16583.2
9208,0.00002879,16585.0
9209,0.00019856,16586.8
9210,0.00009175,16588.6
9211,0.00008872,16590.4
9212,0.00002526,16592.2
9213,0.00003031,16593.9
9214,0.00006294,16595.7
9215,0.00016292,16597.5
9216,0.00007392,16599.3
9217,0.00007505,16601.1
9218,0.00003512,16602.9
9219,0.00020784,16604.7
9220,0.00004865,16606.5
9221,0.00013397,16608.3
9222,0.00006907,16610.1
9223,0.00023884,16611.8
9224,0.00006092,16613.6
9225,0.00003368,16615.4
9226,0.00003379,16617.2
9227,0.00013450,16619.0
9228,0.00003208,16620.8
9229,0.00030103,16622.5
9230,0.00014980,16624.3
9231,0.00003981,16626.1
9232,0.00003946,16627.9
9233,0.00004243,16629.7
9234,0.00014468,16631.5
9235,0.00006365,16633.3
9236,0.00007679,16635.1
9237,0.00002965,16636.8
9238,0.00005470,16638.6
9239,0.00006094,16640.4
9240,0.00002847,16642.2
9241,0.00007888,16644.0
9242,0.00053810,16645.8
9243,0.00005077,16647.7
9244,0.00002346,16649.5
9245,0.00005513,16651.3
9246,0.00008268,16653.1
9247,0.00011701,16654.9
9248,0.00004814,16656.7
9249,0.00002520,16658.5
9250,0.00007811,16660.3
9251,0.00007363,16662.1
9252,0.00013622,16663.9
9253,0.00004013,16665.8
9254,0.00014519,16667.5
9255,0.00009208,16669.4
9256,0.00003221,16671.2
9257,0.00011674,16673.0
9258,0.00006732,16674.8
9259,0.00011184,16676.6
9260,0.00003071,16678.4
9261,0.00034481,16680.2
9262,0.00004573,16682.0
9263,0.00003321,16683.8
9264,0.00002594,16685.6
9265,0.00009605,16687.3
9266,0.00003209,16689.1
9267,0.00003383,16690.9
9268,0.00019602,16692.7
9269,0.00013500,16694.5
9270,0.00004795,16696.3
9271,0.00003463,16698.0
9272,0.00023873,16699.8
9273,0.00012105,16701.6
9274,0.00007243,16703.4
9275,0.00002736,16705.2
9276,0.00002426,16707.0
9277,0.00013606,16708.8
9278,0.00007693,16710.6
9279,0.00004229,16712.4
9280,0.00002552,16714.2
9281,0.00017147,16716.0
9282,0.00008353,16717.8
9283,0.00003248,16719.6
9284,0.00004552,16721.4
9285,0.00012093,16723.2
9286,0.00008050,16725.0
9287,0.00007043,16726.8
9288,0.00004520,16728.6
9289,0.00004376,16730.4
9290,0.00003136,16732.1
9291,0.00023102,16733.9
9292,0.00004161,16735.7
9293,0.00002914,16737.5
9294,0.00003722,16739.3
9295,0.00030928,16741.1
9296,0.00004344,16742.8
9297,0.00002492,16744.6
9298,0.00009377,16746.4
9299,0.00004696,16748.2
9300,0.00024101,16750.0
9301,0.00006371,16751.8
9302,0.00003613,16753.6
9303,0.00004449,16755.4
9304,0.00008654,16757.3
9305,0.00014669,16759.1
9306,0.00008087,16760.9
9307,0.00002406,16762.7
9308,0.00024356,16764.5
9309,0.00009008,16766.3
9310,0.00003025,16768.1
9311,0.00003463,16769.9
9312,0.00003431,16771.6
9313,0.00034576,16773.4
9314,0.00017514,16775.2
9315,0.00003118,16777.0
9316,0.00002177,16778.8
9317,0.00005295,16780.6
9318,0.00014108,16782.4
9319,0.00008989,16784.3
9320,0.00014119,16786.1
9321,0.00003678,16787.9
9322,0.00028355,16789.8
9323,0.00003156,16791.6
9324,0.00002506,16793.4
9325,0.00002853,16795.2
9326,0.00005140,16797.1
9327,0.00003539,16798.9
9328,0.00017562,16800.7
9329,0.00036753,16802.4
9330,0.00003437,16804.2
9331,0.00002893,16806.0
9332,0.00002336,16807.8
9333,0.00003162,16809.6
9334,0.00024459,16811.4
9335,0.00003897,16813.1
9336,0.00007082,16814.9
9337,0.00003325,16816.7
9338,0.00015665,16818.5
9339,0.00004501,16820.3
9340,0.00004760,16822.1
9341,0.00035716,16823.8
9342,0.00027355,16825.6
9343,0.00003339,16827.4
9344,0.00002712,16829.2
9345,0.00005710,16831.1
9346,0.00002343,16832.9
9347,0.00002866,16834.6
9348,0.00015971,16836.4
9349,0.00003791,16838.2
9350,0.00003897,16840.0
9351,0.00005664,16841.8
9352,0.00004874,16843.5
9353,0.00022194,16845.3
9354,0.00018593,16847.1
9355,0.00002941,16848.9
9356,0.00012923,16850.7
9357,0.00020766,16852.5
9358,0.00002867,16854.3
9359,0.00002215,16856.1
9360,0.00002508,16857.9
9361,0.00002952,16859.7
9362,0.00013835,16861.5
9363,0.00051957,16863.3
9364,0.00003958,16865.2
9365,0.00002322,16867.0
9366,0.00002785,16868.8
9367,0.00003282,16870.6
9368,0.00002294,16872.5
9369,0.00025588,16874.3
9370,0.00009540,16876.1
9371,0.00004401,16877.9
9372,0.00006015,16879.8
9373,0.00056799,16881.6
9374,0.00006340,16883.4
9375,0.00002354,16885.2
9376,0.00002756,16887.1
9377,0.00004174,16888.9
9378,0.00002664,16890.7
9379,0.00009491,16892.5
9380,0.00026620,16894.3
9381,0.00005812,16896.1
9382,0.00002827,16897.9
9383,0.00003494,16899.6
9384,0.00007234,16901.4
9385,0.00026558,16903.2
9386,0.00002572,16905.0
9387,0.00002806,16906.8
9388,0.00002949,16908.5
9389,0.00008259,16910.3
9390,0.00028988,16912.2
9391,0.00004792,16913.9
9392,0.00003865,16915.7
9393,0.00004292,16917.5
9394,0.00003128,16919.3
9395,0.00002851,16921.1
9396,0.00010622,16922.9
9397,0.00041009,16924.7
9398,0.00004552,16926.5
9399,0.00004051,16928.3
9400,0.00005205,16930.1
9401,0.00002582,16932.0
9402,0.00005556,16933.8
9403,0.00006423,16935.6
9404,0.00008990,16937.4
9405,0.00005636,16939.3
9406,0.00013461,16941.1
9407,0.00012808,16942.9
9408,0.00009435,16944.8
9409,0.00005487,16946.6
9410,0.00002088,16948.4
9411,0.00003747,16950.2
9412,0.00003077,16952.1
9413,0.00007007,16953.9
9414,0.00010862,16955.7
9415,0.00008249,16957.5
9416,0.00044857,16959.3
9417,0.00003145,16961.1
9418,0.00005548,16962.9
9419,0.00006068,16964.7
9420,0.00004636,16966.5
9421,0.00003627,16968.2
9422,0.00003232,16970.0
9423,0.00042244,16971.8
9424,0.00007553,16973.6
9425,0.00005865,16975.4
9426,0.00010755,16977.2
9427,0.00006402,16978.9
9428,0.00003711,16980.7
9429,0.00002369,16982.5
9430,0.00004050,16984.3
9431,0.00024136,16986.1
9432,0.00011100,16987.9
9433,0.00003643,16989.6
9434,0.00004156,16991.4
9435,0.00006638,16993.2
9436,0.00011339,16995.0
9437,0.00008637,16996.9
9438,0.00009634,16998.7
9439,0.00003564,17000.4
9440,0.00005710,17002.2
9441,0.00005110,17004.0
9442,0.00005598,17005.8
9443,0.00007365,17007.6
9444,0.00017425,17009.4
9445,0.00004046,17011.2
9446,0.00002677,17013.0
9447,0.00003080,17014.9
9448,0.00043150,17016.7
9449,0.00023647,17018.5
9450,0.00007242,17020.3
9451,0.00002369,17022.1
9452,0.00002443,17023.9
9453,0.00008965,17025.7
9454,0.00005367,17027.5
9455,0.00025898,17029.2
9456,0.00005628,17031.0
9457,0.00002706,17032.8
9458,0.00005003,17034.6
9459,0.00003609,17036.4
9460,0.00004291,17038.2
9461,0.00019474,17039.9
9462,0.00002837,17041.7
9463,0.00005526,17043.5
9464,0.00004205,17045.4
9465,0.00006786,17047.2
9466,0.00005556,17049.0
9467,0.00019681,17050.7
9468,0.00004275,17052.5
9469,0.00004522,17054.3
9470,0.00002631,17056.1
9471,0.00030556,17057.9
9472,0.00015148,17059.6
9473,0.00003823,17061.4
9474,0.00005078,17063.2
9475,0.00003353,17065.0
9476,0.00015792,17066.8
9477,0.00006013,17068.6
9478,0.00005460,17070.3
9479,0.00003139,17072.1
9480,0.00003820,17073.9
9481,0.00012620,17075.7
9482,0.00012867,17077.5
9483,0.00004786,17079.3
9484,0.00003444,17081.1
9485,0.00007705,17082.8
9486,0.00020919,17084.6
9487,0.00009757,17086.4
9488,0.00004229,17088.2
9489,0.00009081,17090.0
9490,0.00009852,17091.7
9491,0.00002153,17093.5
9492,0.00003405,17095.3
9493,0.00054251,17097.1
9494,0.00004441,17098.9
9495,0.00011945,17100.7
9496,0.00003291,17102.5
9497,0.00002853,17104.2
9498,0.00003283,17106.0
9499,0.00002376,17107.8
9500,0.00003545,17109.6
9501,0.00020761,17111.4
9502,0.00011115,17113.2
9503,0.00002912,17115.0
9504,0.00003082,17116.8
9505,0.00004525,17118.6
9506,0.00007454,17120.3
9507,0.00003985,17122.1
9508,0.00019470,17123.9
9509,0.00004870,17125.7
9510,0.00002458,17127.5
9511,0.00003284,17129.4
9512,0.00006025,17131.2
9513,0.00016208,17133.0
9514,0.00016870,17134.9
9515,0.00002713,17136.7
9516,0.00002397,17138.5
9517,0.00016691,17140.4
9518,0.00003218,17142.2
9519,0.00005226,17144.0
9520,0.00003248,17145.8
9521,0.00013700,17147.6
9522,0.00030271,17149.4
9523,0.00004874,17151.2
9524,0.00003090,17153.0
9525,0.00003720,17154.8
9526,0.00005443,17156.5
9527,0.00016954,17158.3
9528,0.00010606,17160.1
9529,0.00003125,17161.9
9530,0.00011129,17163.7
9531,0.00004145,17165.5
9532,0.00002932,17167.2
9533,0.00009863,17169.0
9534,0.00026545,17170.8
9535,0.00002724,17172.6
9536,0.00002101,17174.4
9537,0.00002072,17176.2
9538,0.00002079,17177.9
9539,0.00015895,17179.7
9540,0.00008046,17181.5
9541,0.00016358,17183.3
9542,0.00002349,17185.1
9543,0.00007954,17186.8
9544,0.00005141,17188.6
9545,0.00003777,17190.4
9546,0.00002877,17192.2
9547,0.00004788,17194.0
9548,0.00012602,17195.7
9549,0.00011018,17197.5
9550,0.00006872,17199.3
9551,0.00020628,17201.1
9552,0.00006402,17202.9
9553,0.00004117,17204.7
9554,0.00006764,17206.4
9555,0.00012843,17208.2
9556,0.00002670,17210.0
9557,0.00014461,17211.8
9558,0.00021040,17213.6
9559,0.00002507,17215.3
9560,0.00002191,17217.1
9561,0.00003488,17218.9
9562,0.00002737,17220.7
9563,0.00015437,17222.5
9564,0.00003712,17224.3
9565,0.00005953,17226.1
9566,0.00003637,17227.9
9567,0.00033382,17229.6
9568,0.00012242,17231.4
9569,0.00002327,17233.2
9570,0.00004607,17235.0
9571,0.00002962,17236.8
9572,0.00002928,17238.6
9573,0.00007473,17240.4
9574,0.00011116,17242.2
9575,0.00005814,17244.0
9576,0.00004276,17245.9
9577,0.00043608,17247.7
9578,0.00006094,17249.5
9579,0.00003216,17251.3
9580,0.00002753,17253.1
9581,0.00008988,17254.9
9582,0.00004277,17256.7
9583,0.00005189,17258.5
9584,0.00028752,17260.3
9585,0.00006014,17262.1
9586,0.00002485,17263.9
9587,0.00004958,17265.7
9588,0.00005024,17267.5
9589,0.00023045,17269.3
9590,0.00013646,17271.2
9591,0.00002414,17273.0
9592,0.00003035,17274.8
9593,0.00002877,17276.6
9594,0.00006495,17278.5
9595,0.00007870,17280.3
9596,0.00004473,17282.1
9597,0.00034567,17283.9
9598,0.00011000,17285.7
9599,0.00003365,17287.5
9600,0.00002191,17289.3
9601,0.00002358,17291.0
9602,0.00002031,17292.8
9603,0.00005212,17294.6
9604,0.00009152,17296.4
9605,0.00035114,17298.2
9606,0.00004059,17300.0
9607,0.00002648,17301.8
9608,0.00001981,17303.6
9609,0.00003146,17305.3
9610,0.00041769,17307.2
9611,0.00003425,17309.0
9612,0.00002447,17310.8
9613,0.00005746,17312.6
9614,0.00003348,17314.4
9615,0.00003423,17316.2
9616,0.00004679,17318.0
9617,0.00055093,17319.8
9618,0.00003399,17321.6
9619,0.00004480,17323.4
9620,0.00004344,17325.1
9621,0.00002715,17326.9
9622,0.00003739,17328.7
9623,0.00031406,17330.5
9624,0.00007769,17332.3
9625,0.00006830,17334.1
9626,0.00005020,17335.9
9627,0.00017270,17337.6
9628,0.00002099,17339.4
9629,0.00002069,17341.2
9630,0.00002097,17343.0
9631,0.00030057,17344.8
9632,0.00007975,17346.6
9633,0.00012313,17348.4
9634,0.00003540,17350.2
9635,0.00002358,17351.9
9636,0.00004114,17353.7
9637,0.00004785,17355.5
9638,0.00027036,17357.3
9639,0.00013231,17359.1
9640,0.00002148,17360.9
9641,0.00003392,17362.7
9642,0.00016658,17364.5
9643,0.00011713,17366.2
9644,0.00008180,17368.0
9645,0.00002717,17369.8
9646,0.00003612,17371.6
9647,0.00003374,17373.4
9648,0.00010022,17375.2
9649,0.00005006,17377.0
9650,0.00005214,17378.8
9651,0.00009237,17380.6
9652,0.00003915,17382.5
9653,0.00007503,17384.3
9654,0.00013011,17386.1
9655,0.00002435,17387.9
9656,0.00009369,17389.8
9657,0.00009805,17391.6
9658,0.00020194,17393.4
9659,0.00003026,17395.2
9660,0.00008017,17397.0
9661,0.00011307,17398.8
9662,0.00005370,17400.6
9663,0.00002241,17402.4
9664,0.00005207,17404.2
9665,0.00029149,17406.0
9666,0.00002861,17407.8
9667,0.00003677,17409.6
9668,0.00007058,17411.3
9669,0.00010888,17413.1
9670,0.00044230,17414.9
9671,0.00003390,17416.7
9672,0.00002272,17418.5
9673,0.00003573,17420.3
9674,0.00004454,17422.1
9675,0.00004555,17423.8
9676,0.00020732,17425.6
9677,0.00007491,17427.4
9678,0.00003279,17429.2
9679,0.00002371,17431.0
9680,0.00003854,17432.8
9681,0.00006355,17434.5
9682,0.00003718,17436.3
9683,0.00025431,17438.1
9684,0.00002419,17439.9
9685,0.00002179,17441.7
9686,0.00002272,17443.5
9687,0.00026336,17445.3
9688,0.00009246,17447.1
9689,0.00005931,17448.9
9690,0.00019331,17450.8
9691,0.00010035,17452.6
9692,0.00002711,17454.4
9693,0.00002084,17456.2
9694,0.00003543,17458.1
9695,0.00004194,17459.9
9696,0.00007916,17461.7
9697,0.00003061,17463.5
9698,0.00006005,17465.3
9699,0.00012710,17467.2
9700,0.00006054,17469.0
9701,0.00004517,17470.8
9702,0.00038633,17472.6
9703,0.00002973,17474.4
9704,0.00004005,17476.1
9705,0.00004710,17478.0
9706,0.00009437,17479.8
9707,0.00004118,17481.7
9708,0.00002340,17483.5
9709,0.00016787,17485.3
9710,0.00009344,17487.1
9711,0.00035334,17488.9
9712,0.00002612,17490.7
9713,0.00002704,17492.5
9714,0.00002690,17494.3
9715,0.00006453,17496.1
9716,0.00003746,17497.9
9717,0.00024676,17499.7
9718,0.00009057,17501.4
9719,0.00004393,17503.2
9720,0.00002537,17505.0
9721,0.00002963,17506.8
9722,0.00009591,17508.6
9723,0.00013199,17510.5
9724,0.00002577,17512.3
9725,0.00005471,17514.1
9726,0.00004532,17515.9
9727,0.00003974,17517.6
9728,0.00016057,17519.4
9729,0.00012402,17521.2
9730,0.00013950,17523.1
9731,0.00003645,17524.9
9732,0.00002503,17526.7
9733,0.00004157,17528.5
9734,0.00003758,17530.4
9735,0.00007212,17532.2
9736,0.00012772,17534.0
9737,0.00038689,17535.8
9738,0.00004678,17537.7
9739,0.00002578,17539.5
9740,0.00011692,17541.3
9741,0.00007894,17543.2
9742,0.00008281,17545.0
9743,0.00004208,17546.8
9744,0.00003525,17548.6
9745,0.00006292,17550.4
9746,0.00002626,17552.2
9747,0.00002235,17554.0
9748,0.00005458,17555.8
9749,0.00004201,17557.5
9750,0.00007500,17559.3
9751,0.00029984,17561.1
9752,0.00009762,17562.9
9753,0.00002471,17564.7
9754,0.00002776,17566.5
9755,0.00002269,17568.3
9756,0.00003275,17570.1
9757,0.00014129,17571.9
9758,0.00012165,17573.7
9759,0.00005296,17575.5
9760,0.00003743,17577.3
9761,0.00008924,17579.1
9762,0.00016569,17580.9
9763,0.00025640,17582.7
9764,0.00002556,17584.5
9765,0.00002129,17586.2
9766,0.00002052,17588.1
9767,0.00014589,17589.8
9768,0.00011415,17591.6
9769,0.00003400,17593.4
9770,0.00006686,17595.2
9771,0.00022576,17597.0
9772,0.00005290,17598.7
9773,0.00002082,17600.5
9774,0.00002498,17602.3
9775,0.00002149,17604.1
9776,0.00002990,17605.9
9777,0.00020242,17607.7
9778,0.00004544,17609.5
9779,0.00002227,17611.3
9780,0.00002630,17613.0
9781,0.00010853,17614.8
9782,0.00032286,17616.6
9783,0.00007203,17618.4
9784,0.00002520,17620.2
9785,0.00007898,17622.0
9786,0.00020691,17623.7
9787,0.00002259,17625.5
9788,0.00002086,17627.3
9789,0.00002353,17629.1
9790,0.00007026,17630.9
9791,0.00007756,17632.7
9792,0.00005464,17634.5
9793,0.00003400,17636.3
9794,0.00012450,17638.1
9795,0.00017041,17639.9
9796,0.00004792,17641.7
9797,0.00003155,17643.6
9798,0.00015167,17645.4
9799,0.00007729,17647.2
9800,0.00006212,17649.1
9801,0.00002124,17650.9
9802,0.00004994,17652.7
9803,0.00028100,17654.5
9804,0.00004644,17656.4
9805,0.00008654,17658.2
9806,0.00002990,17660.0
9807,0.00005524,17661.8
9808,0.00005769,17663.7
9809,0.00003173,17665.5
9810,0.00006494,17667.3
9811,0.00012761,17669.2
9812,0.00006581,17671.0
9813,0.00003014,17672.8
9814,0.00021473,17674.6
9815,0.00007751,17676.5
9816,0.00007085,17678.3
9817,0.00002338,17680.1
9818,0.00005035,17681.9
9819,0.00007822,17683.7
9820,0.00002586,17685.5
9821,0.00007431,17687.2
9822,0.00004131,17689.0
9823,0.00004344,17690.8
9824,0.00005649,17692.6
9825,0.00045079,17694.4
9826,0.00007321,17696.2
9827,0.00009341,17697.9
9828,0.00005433,17699.7
9829,0.00012826,17701.5
9830,0.00003060,17703.3
9831,0.00003012,17705.1
9832,0.00002582,17706.9
9833,0.00003694,17708.7
9834,0.00022158,17710.5
9835,0.00005533,17712.3
9836,0.00002888,17714.1
9837,0.00003046,17715.8
9838,0.00009396,17717.6
9839,0.00006429,17719.4
9840,0.00014392,17721.2
9841,0.00006226,17723.0
9842,0.00018790,17724.8
9843,0.00007302,17726.6
9844,0.00002128,17728.3
9845,0.00008156,17730.1
9846,0.00011138,17731.9
9847,0.00004004,17733.7
9848,0.00036112,17735.5
9849,0.00003356,17737.3
9850,0.00002133,17739.1
9851,0.00005454,17740.9
9852,0.00003264,17742.7
9853,0.00002937,17744.4
9854,0.00006481,17746.2
9855,0.00007063,17748.0
9856,0.00027285,17749.8
9857,0.00004255,17751.6
9858,0.00003009,17753.4
9859,0.00002298,17755.2
9860,0.00045996,17757.0
9861,0.00004939,17758.8
9862,0.00001972,17760.6
9863,0.00004018,17762.5
9864,0.00007266,17764.3
9865,0.00002277,17766.1
9866,0.00002037,17768.0
9867,0.00002975,17769.8
9868,0.00008150,17771.6
9869,0.00010934,17773.5
9870,0.00010550,17775.3
9871,0.00010175,17777.1
9872,0.00004801,17778.9
9873,0.00002124,17780.8
9874,0.00007408,17782.6
9875,0.00006310,17784.4
9876,0.00014430,17786.2
9877,0.00012253,17788.1
9878,0.00003137,17789.9
9879,0.00017594,17791.7
9880,0.00017452,17793.6
9881,0.00005060,17795.4
9882,0.00002593,17797.2
9883,0.00002501,17799.0
9884,0.00002793,17800.8
9885,0.00002926,17802.7
9886,0.00005976,17804.5
9887,0.00013653,17806.4
9888,0.00013263,17808.2
9889,0.00006682,17810.0
9890,0.00002008,17811.8
9891,0.00003399,17813.7
9892,0.00013136,17815.5
9893,0.00013289,17817.3
9894,0.00002453,17819.1
9895,0.00002074,17821.0
9896,0.00003356,17822.8
9897,0.00023795,17824.6
9898,0.00008420,17826.4
9899,0.00003740,17828.2
9900,0.00003827,17830.0
9901,0.00021216,17831.8
9902,0.00003314,17833.5
9903,0.00002552,17835.3
9904,0.00003221,17837.1
9905,0.00004480,17838.9
9906,0.00012831,17840.7
9907,0.00004894,17842.5
9908,0.00002268,17844.3
9909,0.00002303,17846.0
9910,0.00011720,17847.8
9911,0.00010098,17849.6
9912,0.00021196,17851.4
9913,0.00003557,17853.2
9914,0.00002261,17855.0
9915,0.00002324,17856.8
9916,0.00016620,17858.6
9917,0.00010277,17860.3
9918,0.00003454,17862.1
9919,0.00002553,17863.9
9920,0.00007565,17865.7
9921,0.00007034,17867.6
9922,0.00003299,17869.4
9923,0.00013450,17871.2
9924,0.00004258,17873.0
9925,0.00006519,17874.9
9926,0.00026469,17876.7
9927,0.00012549,17878.5
9928,0.00002445,17880.3
9929,0.00002473,17882.2
9930,0.00002335,17884.0
9931,0.00002575,17885.8
9932,0.00002856,17887.7
9933,0.00008202,17889.5
9934,0.00006253,17891.2
9935,0.00007479,17893.0
9936,0.00012397,17894.8
9937,0.00002544,17896.6
9938,0.00005162,17898.4
9939,0.00011561,17900.2
9940,0.00016291,17902.0
9941,0.00006429,17903.8
9942,0.00003680,17905.5
9943,0.00003199,17907.3
9944,0.00015362,17909.1
9945,0.00004021,17910.9
9946,0.00002703,17912.7
9947,0.00006135,17914.5
9948,0.00038222,17916.2
9949,0.00003411,17918.0
9950,0.00006190,17919.8
9951,0.00002381,17921.6
9952,0.00001921,17923.4
9953,0.00004207,17925.2
9954,0.00013287,17927.0
9955,0.00006382,17928.8
9956,0.00019338,17930.6
9957,0.00007555,17932.3
9958,0.00003827,17934.1
9959,0.00002170,17935.9
9960,0.00002721,17937.7
9961,0.00002800,17939.5
9962,0.00019668,17941.3
9963,0.00003455,17943.1
9964,0.00006232,17944.8
9965,0.00002323,17946.6
9966,0.00012010,17948.4
9967,0.00006099,17950.2
9968,0.00012021,17952.0
9969,0.00010396,17953.8
9970,0.00010684,17955.6
9971,0.00008834,17957.4
9972,0.00006613,17959.1
9973,0.00003501,17960.9
9974,0.00003229,17962.7
9975,0.00003464,17964.5
9976,0.00011430,17966.3
9977,0.00025740,17968.1
9978,0.00003480,17969.9
9979,0.00004288,17971.6
9980,0.00005669,17973.4
9981,0.00004016,17975.2
9982,0.00002406,17977.0
9983,0.00015884,17978.8
9984,0.00002238,17980.6
9985,0.00002295,17982.4
9986,0.00002787,17984.2
9987,0.00002349,17985.9
9988,0.00014375,17987.7
9989,0.00029156,17989.5
9990,0.00006000,17991.3
9991,0.00002666,17993.1
9992,0.00002390,17994.9
9993,0.00010387,17996.7
9994,0.00005538,17998.5
9995,0.00011199,18000.3
9996,0.00007028,18002.1
9997,0.00015912,18003.9
9998,0.00035990,18005.6
9999,0.00002257,18007.4
10000,0.00001897,18009.2
