epoch,loss,seconds
1,0.89077483,8.2
2,0.58879667,16.3
3,0.52233820,24.7
4,0.51080298,32.8
5,0.50480295,41.6
6,0.50143254,50.2
7,0.49794133,58.3
8,0.49526071,67.1
9,0.49130187,75.0
10,0.48890426,83.1
11,0.48567899,91.4
12,0.48343059,99.4
13,0.47949893,107.4
14,0.47553668,115.9
15,0.47002833,123.7
16,0.46347549,131.7
17,0.45266288,139.5
18,0.44749617,147.4
19,0.43952394,155.2
20,0.43413604,163.4
21,0.43227404,171.5
22,0.42996423,179.7
23,0.42341108,187.6
24,0.43388233,195.7
25,0.44425743,203.4
26,0.43939382,211.6
27,0.43450451,219.7
28,0.44516201,227.7
29,0.46436839,235.6
30,0.44093696,243.3
31,0.44358125,251.3
32,0.43889408,259.2
33,0.45358863,267.3
34,0.44448163,275.3
35,0.43535342,283.5
36,0.43470341,292.1
37,0.43054742,300.4
38,0.43128606,308.4
39,0.43804539,316.4
40,0.43953166,324.9
41,0.44204895,333.7
42,0.45859179,341.8
43,0.42699680,350.0
44,0.41897507,358.8
45,0.43710450,367.1
46,0.41676302,375.1
47,0.43385725,383.4
48,0.43188581,391.6
49,0.41347914,399.8
50,0.41855631,407.9
51,0.43343253,416.1
52,0.42236826,424.2
53,0.41725990,432.2
54,0.41570050,440.3
55,0.41299418,449.0
56,0.41067451,457.3
57,0.39550847,465.3
58,0.40119860,473.6
59,0.40368665,482.0
60,0.39674918,489.9
61,0.38846026,498.8
62,0.39968451,507.4
63,0.39938751,515.5
64,0.39597325,523.6
65,0.39878963,531.9
66,0.38787391,540.4
67,0.38058814,548.6
68,0.38230889,556.8
69,0.38941696,565.0
70,0.37819290,573.3
71,0.38012069,581.3
72,0.38110548,589.4
73,0.36985857,597.5
74,0.36522960,606.0
75,0.37023809,614.4
76,0.37426094,622.8
77,0.35875173,630.8
78,0.36026365,638.9
79,0.36030500,647.0
80,0.36019656,655.4
81,0.35133668,663.4
82,0.35556086,671.4
83,0.34319672,679.4
84,0.33483124,687.4
85,0.35138420,695.6
86,0.33799640,705.1
87,0.33412239,713.3
88,0.33394163,721.4
89,0.32799250,729.6
90,0.32098504,737.8
91,0.31817783,746.1
92,0.30823475,754.2
93,0.32180681,762.8
94,0.30664710,771.0
95,0.31127976,779.6
96,0.30302108,787.6
97,0.30258212,795.9
98,0.30471263,804.4
99,0.29445059,812.7
100,0.28865433,820.9
101,0.28344732,829.0
102,0.27943232,837.0
103,0.26953880,845.4
104,0.27111388,853.8
105,0.27283250,862.4
106,0.26550142,870.7
107,0.26821985,879.0
108,0.25679282,887.1
109,0.26675888,895.2
110,0.25800556,903.4
111,0.25369251,911.5
112,0.24205159,919.6
113,0.23780804,927.9
114,0.23612904,936.0
115,0.23218379,944.3
116,0.23147779,952.8
117,0.23146202,961.8
118,0.23215154,970.3
119,0.21929156,978.5
120,0.22528332,986.8
121,0.22033536,994.7
122,0.21773893,1002.9
123,0.21843455,1011.3
124,0.21317317,1019.5
125,0.21039409,1027.7
126,0.20753413,1036.1
127,0.20753746,1044.1
128,0.19335492,1052.2
129,0.19969262,1060.4
130,0.19978474,1068.7
131,0.19230002,1078.0
132,0.20492840,1086.6
133,0.18785916,1094.9
134,0.18699573,1103.1
135,0.18176193,1111.7
136,0.18621786,1119.9
137,0.18101173,1127.9
138,0.19061667,1136.1
139,0.17509614,1144.2
140,0.17613714,1152.5
141,0.16903669,1160.6
142,0.17333240,1168.9
143,0.16918864,1177.0
144,0.16882409,1185.4
145,0.16955059,1193.6
146,0.16679091,1201.9
147,0.16287963,1210.2
148,0.16455780,1218.4
149,0.15575710,1226.7
150,0.15546777,1234.9
151,0.15208468,1242.9
152,0.15481952,1251.1
153,0.15115574,1259.4
154,0.16133301,1267.9
155,0.14658205,1276.2
156,0.14661042,1284.4
157,0.14318577,1292.5
158,0.14711622,1300.7
159,0.13970489,1308.8
160,0.14710444,1316.8
161,0.14442993,1324.9
162,0.14111819,1333.4
163,0.13534580,1341.5
164,0.13630647,1349.7
165,0.13846056,1357.9
166,0.13115070,1366.2
167,0.13056340,1374.4
168,0.12728983,1382.6
169,0.12542603,1390.9
170,0.12876716,1399.4
171,0.12625885,1407.9
172,0.13420110,1416.3
173,0.12536164,1424.8
174,0.12099028,1433.3
175,0.12544656,1441.6
176,0.11867234,1449.8
177,0.12124573,1458.1
178,0.11388769,1466.2
179,0.12168098,1474.8
180,0.11142947,1483.8
181,0.11464652,1492.2
182,0.11546581,1500.5
183,0.11506559,1508.7
184,0.10955620,1517.1
185,0.11035963,1525.5
186,0.11112789,1534.1
187,0.11279926,1542.6
188,0.10917473,1551.0
189,0.10581639,1559.1
190,0.10777753,1567.6
191,0.10277676,1575.8
192,0.10488884,1583.9
193,0.10101592,1591.9
194,0.09604827,1600.2
195,0.10637421,1609.0
196,0.10000867,1617.1
197,0.09629930,1625.3
198,0.09907671,1633.4
199,0.09476995,1641.4
200,0.09338331,1649.7
201,0.09288707,1657.9
202,0.09592833,1666.1
203,0.08875038,1674.1
204,0.09330088,1682.2
205,0.09067106,1690.3
206,0.09388658,1698.3
207,0.08723960,1706.5
208,0.08620706,1715.3
209,0.09268914,1723.6
210,0.08228783,1732.0
211,0.08392999,1740.0
212,0.08560871,1747.9
213,0.08240421,1755.8
214,0.08154577,1764.0
215,0.08687927,1771.9
216,0.08422720,1780.0
217,0.08636942,1788.2
218,0.08528386,1796.2
219,0.08177186,1804.6
220,0.07938509,1812.7
221,0.07969909,1820.9
222,0.07535834,1828.8
223,0.07425259,1836.6
224,0.07502566,1844.5
225,0.07480387,1852.5
226,0.07117669,1860.5
227,0.07373182,1868.7
228,0.07169456,1877.0
229,0.07210656,1884.9
230,0.07425189,1892.9
231,0.07156187,1901.0
232,0.07468195,1908.8
233,0.07013397,1917.2
234,0.06735179,1925.1
235,0.06869921,1933.1
236,0.06877625,1941.1
237,0.06759890,1949.1
238,0.06740754,1957.2
239,0.06629315,1965.4
240,0.06622092,1973.7
241,0.06434669,1981.9
242,0.06704836,1989.9
243,0.06484685,1998.1
244,0.06426262,2005.9
245,0.06451864,2014.3
246,0.06194213,2022.4
247,0.06082687,2030.8
248,0.05731882,2039.2
249,0.06234068,2047.9
250,0.06068235,2055.9
251,0.06128648,2063.9
252,0.06171320,2071.9
253,0.06198257,2080.1
254,0.05916138,2088.2
255,0.06619022,2096.3
256,0.06532749,2104.3
257,0.05860381,2112.2
258,0.05882643,2120.5
259,0.05669796,2128.5
260,0.05777096,2136.5
261,0.05885470,2144.8
262,0.05855769,2152.7
263,0.05563541,2160.5
264,0.05546809,2168.5
265,0.05373257,2176.4
266,0.05714217,2184.4
267,0.05328132,2192.6
268,0.05348720,2200.3
269,0.05241609,2208.8
270,0.05603038,2216.6
271,0.05425381,2224.5
272,0.05774089,2232.5
273,0.05246257,2240.6
274,0.04998413,2248.8
275,0.05334747,2256.7
276,0.04974020,2264.5
277,0.04899973,2272.5
278,0.05350831,2280.5
279,0.04847960,2288.5
280,0.04895429,2296.7
281,0.04739155,2304.7
282,0.05513659,2312.8
283,0.04743631,2320.7
284,0.05094068,2328.9
285,0.04832254,2336.7
286,0.05280153,2344.7
287,0.04660921,2352.6
288,0.04536435,2360.5
289,0.04805101,2368.5
290,0.04483181,2376.5
291,0.04620027,2384.9
292,0.04329724,2392.7
293,0.05116237,2401.1
294,0.04378287,2409.0
295,0.04436306,2416.9
296,0.04204032,2424.9
297,0.04410554,2432.9
298,0.04187926,2441.0
299,0.04176972,2449.0
300,0.04080772,2457.4
301,0.04159440,2465.3
302,0.04284550,2473.5
303,0.04122770,2481.4
304,0.04196602,2489.3
305,0.03920544,2497.3
306,0.04038810,2505.6
307,0.03997237,2513.5
308,0.04046977,2521.3
309,0.03885005,2529.3
310,0.03930344,2537.8
311,0.03795437,2545.8
312,0.03879404,2553.7
313,0.04006329,2561.6
314,0.03530764,2569.7
315,0.03817158,2577.7
316,0.03826620,2585.8
317,0.03688307,2593.9
318,0.03764348,2601.8
319,0.03744661,2609.7
320,0.03661163,2617.7
321,0.04042420,2625.5
322,0.03814798,2633.7
323,0.03599974,2641.5
324,0.03801321,2649.3
325,0.03772712,2657.3
326,0.03577345,2665.3
327,0.03505593,2673.5
328,0.03566789,2681.6
329,0.03805519,2689.3
330,0.03424513,2697.3
331,0.03671393,2705.3
332,0.03396719,2713.6
333,0.03506800,2722.1
334,0.03608396,2729.9
335,0.03391885,2738.3
336,0.03668735,2746.1
337,0.03443428,2754.2
338,0.03548735,2762.5
339,0.03351753,2770.4
340,0.03497696,2778.5
341,0.03305519,2786.4
342,0.03429315,2795.0
343,0.03272112,2803.4
344,0.03176177,2811.6
345,0.03149998,2819.8
346,0.03290647,2828.0
347,0.03315816,2835.8
348,0.03618935,2844.0
349,0.03245134,2851.9
350,0.03123692,2859.6
351,0.03277369,2867.6
352,0.03222312,2875.4
353,0.03171672,2883.2
354,0.03309764,2891.2
355,0.03169688,2899.2
356,0.02856731,2907.4
357,0.02873014,2915.2
358,0.03225975,2923.3
359,0.03224650,2931.3
360,0.02961729,2939.1
361,0.02936919,2946.9
362,0.02869193,2954.8
363,0.03002074,2962.7
364,0.02926595,2970.9
365,0.02827095,2979.1
366,0.03034705,2987.1
367,0.02997054,2995.2
368,0.03069461,3003.3
369,0.03065479,3011.3
370,0.02871266,3019.5
371,0.02779195,3027.6
372,0.02976353,3035.7
373,0.02886439,3043.6
374,0.02921683,3051.3
375,0.02771652,3059.3
376,0.02794524,3067.2
377,0.02823236,3075.5
378,0.02540986,3083.3
379,0.02741343,3091.2
380,0.02573802,3099.3
381,0.02945770,3107.2
382,0.02804687,3115.4
383,0.02593357,3123.4
384,0.02941784,3131.6
385,0.02592689,3139.5
386,0.02649238,3147.5
387,0.02816957,3155.6
388,0.02660035,3163.9
389,0.02679249,3171.7
390,0.02451619,3179.8
391,0.02539781,3187.9
392,0.02663242,3196.1
393,0.02553052,3204.2
394,0.02456574,3212.0
395,0.02646195,3220.0
396,0.02822983,3228.3
397,0.02501958,3236.4
398,0.02631318,3244.2
399,0.02582930,3252.3
400,0.02500949,3260.1
401,0.02690641,3268.1
402,0.02433118,3276.1
403,0.02574412,3284.4
404,0.02432637,3292.2
405,0.02434688,3300.5
406,0.02538702,3308.6
407,0.02578138,3316.7
408,0.02338065,3324.6
409,0.02311806,3332.7
410,0.02547497,3340.7
411,0.02490226,3348.7
412,0.02421885,3356.9
413,0.02687230,3364.8
414,0.02264766,3372.8
415,0.02333995,3381.0
416,0.02155790,3388.8
417,0.02297247,3396.8
418,0.02250557,3404.8
419,0.02154894,3412.9
420,0.02231351,3420.8
421,0.02652536,3429.2
422,0.02416151,3437.1
423,0.02286207,3444.9
424,0.02440667,3454.0
425,0.02368192,3461.8
426,0.02174381,3469.7
427,0.02142301,3477.7
428,0.02344615,3486.1
429,0.02153511,3494.2
430,0.02128516,3502.5
431,0.02316433,3510.4
432,0.02284142,3518.5
433,0.02222044,3526.7
434,0.02194568,3534.7
435,0.02272781,3542.9
436,0.02178735,3551.1
437,0.02223191,3559.2
438,0.02492881,3567.1
439,0.02230776,3575.1
440,0.02007976,3583.3
441,0.02050428,3591.2
442,0.02147282,3599.0
443,0.02136606,3607.0
444,0.02056001,3614.8
445,0.01928902,3622.9
446,0.02248664,3631.5
447,0.02184639,3639.6
448,0.01964816,3647.6
449,0.02017448,3655.8
450,0.01972041,3663.6
451,0.01968624,3671.9
452,0.02036799,3680.4
453,0.01914845,3688.6
454,0.02066133,3696.7
455,0.01954118,3704.5
456,0.02020325,3712.6
457,0.02014441,3720.7
458,0.01909029,3728.5
459,0.01831885,3736.6
460,0.02069890,3744.5
461,0.02054493,3752.6
462,0.01965961,3760.4
463,0.01935226,3768.7
464,0.01880437,3776.5
465,0.01881075,3784.4
466,0.02217778,3792.4
467,0.01920576,3800.3
468,0.01941843,3808.5
469,0.01871632,3816.5
470,0.01903312,3824.7
471,0.01845000,3832.5
472,0.01965674,3840.5
473,0.01872931,3848.3
474,0.02028593,3856.1
475,0.01932229,3864.1
476,0.01874736,3872.0
477,0.01763767,3880.0
478,0.02009636,3888.3
479,0.01787155,3896.2
480,0.02004222,3904.5
481,0.01822844,3912.6
482,0.01818908,3920.6
483,0.01804439,3928.6
484,0.01758411,3936.7
485,0.01757418,3944.5
486,0.01885855,3952.4
487,0.01755415,3960.4
488,0.01799897,3968.7
489,0.01967990,3977.8
490,0.01805085,3985.8
491,0.01723768,3993.9
492,0.01753026,4001.9
493,0.01731357,4009.8
494,0.02007622,4017.9
495,0.01893464,4026.1
496,0.01706433,4034.1
497,0.01789436,4042.2
498,0.01733804,4050.5
499,0.01880486,4058.3
500,0.01681954,4066.5
501,0.01621637,4074.4
502,0.01824943,4082.8
503,0.01779675,4091.0
504,0.01695882,4098.9
505,0.01598283,4107.1
506,0.01623026,4115.5
507,0.01546445,4123.9
508,0.01540287,4131.9
509,0.01548332,4140.2
510,0.01610668,4148.2
511,0.01637845,4156.1
512,0.01622446,4163.9
513,0.01567741,4171.9
514,0.01688574,4179.7
515,0.01543675,4187.7
516,0.01564864,4195.8
517,0.01564021,4203.6
518,0.01630225,4211.4
519,0.01766085,4219.6
520,0.01654853,4227.4
521,0.01702556,4235.8
522,0.01583841,4244.1
523,0.01681479,4252.1
524,0.01642935,4259.9
525,0.01520545,4267.8
526,0.01500960,4275.7
527,0.01568198,4284.0
528,0.01493995,4291.9
529,0.01573810,4299.9
530,0.01464935,4307.8
531,0.01506053,4316.0
532,0.01629171,4324.3
533,0.01861380,4332.1
534,0.01530029,4340.1
535,0.01559306,4348.2
536,0.01499804,4356.4
537,0.01442064,4364.7
538,0.01531777,4373.0
539,0.01415731,4381.2
540,0.01478229,4389.0
541,0.01481867,4396.8
542,0.01482973,4404.9
543,0.01456230,4412.8
544,0.01540354,4420.6
545,0.01451730,4428.5
546,0.01469785,4436.3
547,0.01492360,4444.3
548,0.01409830,4452.5
549,0.01424879,4460.8
550,0.01508442,4468.9
551,0.01457216,4477.0
552,0.01417525,4484.9
553,0.01431698,4492.8
554,0.01522456,4500.9
555,0.01497416,4508.7
556,0.01405243,4516.7
557,0.01375128,4525.0
558,0.01366362,4533.0
559,0.01410195,4541.1
560,0.01420322,4549.4
561,0.01319545,4557.2
562,0.01560981,4565.4
563,0.01375983,4573.5
564,0.01373082,4581.6
565,0.01502508,4589.4
566,0.01385785,4597.4
567,0.01326654,4605.9
568,0.01291915,4614.0
569,0.01391320,4622.3
570,0.01304867,4630.6
571,0.01360895,4638.5
572,0.01403152,4646.4
573,0.01300470,4654.2
574,0.01284853,4662.0
575,0.01410862,4670.1
576,0.01303689,4678.0
577,0.01298628,4686.1
578,0.01382339,4694.2
579,0.01359049,4702.1
580,0.01370626,4710.2
581,0.01308276,4718.5
582,0.01324554,4726.4
583,0.01328815,4734.6
584,0.01412271,4742.7
585,0.01273060,4750.5
586,0.01306396,4758.8
587,0.01239818,4766.9
588,0.01327471,4775.2
589,0.01273993,4783.1
590,0.01667813,4791.8
591,0.01367523,4799.9
592,0.01240737,4807.7
593,0.01233994,4815.5
594,0.01312729,4823.4
595,0.01504059,4831.8
596,0.01267651,4839.7
597,0.01173524,4847.8
598,0.01291418,4855.7
599,0.01216123,4863.7
600,0.01337076,4871.6
601,0.01272917,4879.5
602,0.01175533,4887.7
603,0.01259080,4895.5
604,0.01230728,4903.4
605,0.01280292,4911.3
606,0.01170524,4919.7
607,0.01194699,4927.8
608,0.01201097,4935.8
609,0.01249793,4943.7
610,0.01173018,4951.5
611,0.01278775,4959.9
612,0.01178113,4968.1
613,0.01204162,4976.0
614,0.01259685,4984.1
615,0.01221953,4992.9
616,0.01115279,5001.0
617,0.01173959,5008.9
618,0.01234869,5016.7
619,0.01217944,5024.7
620,0.01321637,5032.7
621,0.01309976,5040.8
622,0.01273810,5048.9
623,0.01174958,5056.9
624,0.01234976,5065.0
625,0.01171977,5073.3
626,0.01211293,5081.2
627,0.01160114,5089.1
628,0.01121273,5097.6
629,0.01211745,5105.8
630,0.01109814,5114.1
631,0.01094116,5122.0
632,0.01140292,5130.0
633,0.01109491,5137.9
634,0.01260423,5145.8
635,0.01148663,5153.9
636,0.01155675,5161.7
637,0.01356030,5169.7
638,0.01207320,5177.7
639,0.01164046,5185.8
640,0.01134517,5193.8
641,0.01143144,5202.0
642,0.01162215,5210.3
643,0.01229259,5218.9
644,0.01047079,5226.9
645,0.01086537,5234.8
646,0.01092011,5242.6
647,0.01186460,5250.5
648,0.01175374,5258.5
649,0.01220973,5266.4
650,0.01171232,5274.3
651,0.01097893,5282.2
652,0.01109508,5290.2
653,0.01117681,5298.3
654,0.01109838,5306.3
655,0.01090798,5314.4
656,0.01093133,5322.8
657,0.01134067,5330.7
658,0.01145465,5338.7
659,0.01093943,5346.7
660,0.01069688,5354.9
661,0.01080573,5362.9
662,0.01090107,5370.6
663,0.01098036,5378.5
664,0.01067263,5386.2
665,0.01032193,5394.6
666,0.01127773,5402.4
667,0.01064549,5410.6
668,0.01069752,5418.5
669,0.01150389,5426.4
670,0.01070458,5434.2
671,0.01140242,5442.1
672,0.00996471,5450.1
673,0.01001237,5458.3
674,0.01125336,5466.2
675,0.01056667,5474.2
676,0.01068826,5482.4
677,0.01087995,5490.8
678,0.01147112,5499.1
679,0.01010181,5507.2
680,0.01088492,5515.2
681,0.00937864,5523.5
682,0.01025266,5531.4
683,0.00973558,5539.3
684,0.01037605,5547.2
685,0.01089521,5555.0
686,0.00918883,5562.9
687,0.01037962,5570.8
688,0.01036181,5578.8
689,0.01106275,5586.5
690,0.00967361,5594.4
691,0.01037040,5602.3
692,0.01107593,5610.3
693,0.01032581,5618.2
694,0.00982848,5626.1
695,0.01023697,5634.1
696,0.01070599,5642.3
697,0.00934943,5650.3
698,0.01035247,5658.2
699,0.00920930,5666.1
700,0.00892376,5674.1
701,0.01050148,5682.4
702,0.00967487,5690.7
703,0.00987702,5699.0
704,0.00936869,5706.8
705,0.01009087,5714.9
706,0.01044763,5722.8
707,0.00895861,5730.6
708,0.01015652,5738.4
709,0.00998935,5746.5
710,0.01045003,5754.3
711,0.01017344,5762.4
712,0.00912792,5770.2
713,0.00971781,5778.1
714,0.00985411,5786.1
715,0.00919339,5794.1
716,0.00933950,5801.9
717,0.00869521,5809.9
718,0.00948276,5818.6
719,0.01050580,5826.5
720,0.01085895,5834.7
721,0.01050955,5842.7
722,0.01009858,5850.8
723,0.00896924,5858.8
724,0.00981765,5867.0
725,0.00940709,5875.2
726,0.00921028,5883.0
727,0.00910928,5890.8
728,0.00950916,5898.5
729,0.00901923,5906.5
730,0.00963736,5914.5
731,0.00974350,5922.3
732,0.00897929,5930.3
733,0.00942117,5938.1
734,0.00904613,5945.9
735,0.00877670,5954.2
736,0.00923191,5962.0
737,0.00861765,5969.9
738,0.00895727,5977.9
739,0.00940374,5985.9
740,0.00906528,5993.7
741,0.00878631,6002.0
742,0.00887006,6010.0
743,0.00939544,6018.3
744,0.00823384,6026.4
745,0.00926994,6034.7
746,0.00905268,6042.5
747,0.00877899,6050.4
748,0.01025230,6058.2
749,0.00934587,6066.4
750,0.00811819,6074.4
751,0.00945460,6082.5
752,0.00871284,6090.6
753,0.00949633,6098.8
754,0.00853074,6106.7
755,0.00976720,6115.2
756,0.00892123,6123.6
757,0.00822943,6131.4
758,0.00896101,6139.3
759,0.00936589,6147.3
760,0.00940150,6155.6
761,0.00865952,6163.5
762,0.00868303,6171.3
763,0.00880161,6179.2
764,0.00855321,6187.4
765,0.00871202,6195.3
766,0.00822476,6203.3
767,0.00915932,6211.3
768,0.00863677,6219.2
769,0.00957027,6227.3
770,0.00889047,6235.2
771,0.00854616,6243.2
772,0.00817799,6251.0
773,0.00805013,6259.0
774,0.00865860,6267.1
775,0.00901074,6275.2
776,0.00795482,6283.2
777,0.00799822,6291.0
778,0.00868341,6298.8
779,0.00799479,6306.8
780,0.00930663,6315.0
781,0.00768136,6322.9
782,0.00783858,6331.0
783,0.00875048,6339.2
784,0.00825453,6347.3
785,0.00900407,6355.4
786,0.00929662,6363.3
787,0.00793963,6371.2
788,0.00868081,6379.1
789,0.00790304,6387.0
790,0.00819682,6394.9
791,0.00851688,6402.8
792,0.00827644,6410.7
793,0.00821037,6418.7
794,0.00728392,6426.6
795,0.00793522,6434.7
796,0.00750643,6442.6
797,0.00776362,6450.4
798,0.00836802,6458.4
799,0.00900307,6466.3
800,0.00820104,6474.5
801,0.00809869,6482.3
802,0.00838917,6490.7
803,0.00800222,6498.9
804,0.00850599,6507.1
805,0.00787211,6514.9
806,0.00814315,6523.0
807,0.00837125,6530.8
808,0.00806586,6538.6
809,0.00817514,6546.8
810,0.00805218,6554.9
811,0.00802259,6563.0
812,0.00841252,6570.8
813,0.00834133,6578.7
814,0.00810045,6587.1
815,0.00775386,6595.4
816,0.00926177,6603.1
817,0.00750780,6611.0
818,0.00781623,6619.1
819,0.00772418,6626.9
820,0.00857560,6635.1
821,0.00812470,6642.9
822,0.00821486,6651.2
823,0.00765743,6659.0
824,0.00839775,6666.8
825,0.00737539,6674.6
826,0.00796897,6682.8
827,0.00736864,6690.7
828,0.00756595,6698.6
829,0.00786539,6706.5
830,0.00752654,6714.4
831,0.00792693,6722.2
832,0.00776215,6730.2
833,0.00850588,6738.7
834,0.00798825,6746.6
835,0.00724070,6754.7
836,0.00774255,6762.8
837,0.00764394,6770.9
838,0.00748850,6778.7
839,0.00794321,6786.5
840,0.00763623,6794.7
841,0.00757178,6803.2
842,0.00811464,6811.1
843,0.00735552,6819.2
844,0.00727533,6827.4
845,0.00798177,6835.4
846,0.00787184,6843.5
847,0.00730696,6851.7
848,0.00738131,6859.5
849,0.00765490,6867.7
850,0.00751784,6875.7
851,0.00774205,6883.6
852,0.00798735,6891.6
853,0.00728021,6899.8
854,0.00751524,6907.8
855,0.00781782,6915.8
856,0.00714343,6923.7
857,0.00664445,6931.7
858,0.00766611,6939.9
859,0.00699167,6948.0
860,0.00824784,6956.1
861,0.00737516,6964.1
862,0.00676791,6972.0
863,0.00680946,6980.1
864,0.00733507,6987.9
865,0.00722079,6995.9
866,0.00692182,7004.2
867,0.00653577,7012.3
868,0.00705677,7020.2
869,0.00738562,7028.5
870,0.00681530,7036.3
871,0.00703969,7044.5
872,0.00660735,7052.3
873,0.00785341,7060.2
874,0.00761389,7068.5
875,0.00755946,7076.5
876,0.00753891,7084.8
877,0.00710830,7093.1
878,0.00698629,7101.1
879,0.00674046,7109.2
880,0.00678335,7117.0
881,0.00689962,7125.0
882,0.00705457,7132.8
883,0.00656019,7140.9
884,0.00748460,7148.9
885,0.00752687,7156.8
886,0.00717631,7165.0
887,0.00707775,7173.3
888,0.00754312,7181.2
889,0.00709989,7189.0
890,0.00672697,7196.9
891,0.00667138,7204.8
892,0.00653950,7213.0
893,0.00675944,7221.0
894,0.00666644,7228.9
895,0.00690564,7236.8
896,0.00647551,7244.7
897,0.00682578,7252.6
898,0.00678357,7260.8
899,0.00656072,7269.2
900,0.00726164,7277.2
901,0.00748962,7285.0
902,0.00669665,7293.3
903,0.00686665,7302.0
904,0.00640786,7309.9
905,0.00625242,7317.9
906,0.00656996,7326.4
907,0.00762711,7334.4
908,0.00689440,7343.0
909,0.00652000,7351.2
910,0.00678884,7359.2
911,0.00713869,7367.1
912,0.00669283,7375.3
913,0.00629545,7383.2
914,0.00742843,7391.3
915,0.00666346,7400.2
916,0.00677752,7408.2
917,0.00645720,7416.0
918,0.00672994,7423.8
919,0.00704011,7431.8
920,0.00655113,7440.0
921,0.00718062,7447.8
922,0.00718273,7455.6
923,0.00585751,7463.6
924,0.00613375,7471.7
925,0.00665708,7479.7
926,0.00672677,7487.7
927,0.00702367,7495.9
928,0.00649891,7503.9
929,0.00788879,7512.1
930,0.00682762,7520.1
931,0.00625132,7528.2
932,0.00743795,7536.0
933,0.00673447,7544.1
934,0.00634361,7552.2
935,0.00605766,7560.1
936,0.00652131,7568.3
937,0.00671192,7576.7
938,0.00613145,7584.5
939,0.00687860,7592.3
940,0.00631725,7600.1
941,0.00703426,7608.3
942,0.00688956,7616.1
943,0.00630530,7624.4
944,0.00618153,7632.3
945,0.00646254,7640.3
946,0.00632639,7648.4
947,0.00638040,7656.5
948,0.00637341,7664.4
949,0.00613491,7672.9
950,0.00637283,7680.7
951,0.00646210,7688.8
952,0.00624028,7697.3
953,0.00643017,7705.4
954,0.00678978,7713.6
955,0.00620075,7721.5
956,0.00692723,7729.4
957,0.00651884,7737.6
958,0.00639654,7745.9
959,0.00603839,7753.9
960,0.00733345,7762.1
961,0.00580109,7769.9
962,0.00610183,7777.8
963,0.00566958,7785.8
964,0.00622410,7794.0
965,0.00581476,7802.1
966,0.00626167,7810.3
967,0.00617455,7818.1
968,0.00615080,7826.2
969,0.00640553,7834.3
970,0.00626870,7842.4
971,0.00645969,7850.4
972,0.00648165,7858.5
973,0.00607256,7866.6
974,0.00606296,7874.4
975,0.00646336,7882.3
976,0.00636438,7890.4
977,0.00602629,7898.3
978,0.00645609,7906.1
979,0.00669528,7914.4
980,0.00597600,7922.2
981,0.00596051,7930.4
982,0.00574400,7938.3
983,0.00640373,7946.3
984,0.00628034,7954.7
985,0.00704463,7962.6
986,0.00557334,7971.0
987,0.00612319,7979.4
988,0.00579337,7987.2
989,0.00587691,7995.6
990,0.00642568,8003.7
991,0.00602732,8011.7
992,0.00612485,8019.7
993,0.00614877,8027.9
994,0.00602536,8035.9
995,0.00622069,8044.2
996,0.00617212,8052.1
997,0.00583322,8060.1
998,0.00605563,8068.3
999,0.00626112,8076.1
1000,0.00572874,8083.6
1001,0.00579248,8091.4
1002,0.00582492,8099.0
1003,0.00589655,8106.8
1004,0.00601198,8114.5
1005,0.00605736,8122.0
1006,0.00591479,8130.0
1007,0.00566020,8137.8
1008,0.00582444,8145.5
1009,0.00638797,8153.2
1010,0.00576068,8160.8
1011,0.00564319,8169.0
1012,0.00579255,8176.8
1013,0.00577161,8184.7
1014,0.00575222,8192.2
1015,0.00542259,8199.9
1016,0.00622656,8207.8
1017,0.00598512,8216.0
1018,0.00575803,8224.0
1019,0.00569553,8232.5
1020,0.00667740,8240.8
1021,0.00605878,8248.8
1022,0.00595609,8256.7
1023,0.00682477,8265.4
1024,0.00591495,8273.5
1025,0.00565864,8281.5
1026,0.00598503,8289.4
1027,0.00628178,8297.3
1028,0.00595230,8305.3
1029,0.00620561,8313.4
1030,0.00603599,8321.2
1031,0.00594757,8329.3
1032,0.00620079,8337.1
1033,0.00627128,8345.0
1034,0.00569073,8352.9
1035,0.00562362,8361.1
1036,0.00575082,8369.1
1037,0.00540057,8376.9
1038,0.00536216,8384.7
1039,0.00553995,8392.5
1040,0.00568555,8401.0
1041,0.00565198,8409.1
1042,0.00549001,8417.2
1043,0.00591917,8425.6
1044,0.00565590,8433.8
1045,0.00540243,8441.7
1046,0.00553214,8449.6
1047,0.00636715,8457.7
1048,0.00517434,8465.6
1049,0.00638616,8473.6
1050,0.00548980,8481.6
1051,0.00548514,8489.5
1052,0.00578122,8498.0
1053,0.00567321,8506.0
1054,0.00579170,8514.1
1055,0.00578018,8521.9
1056,0.00586541,8529.7
1057,0.00542125,8537.5
1058,0.00524898,8545.8
1059,0.00547961,8553.9
1060,0.00538473,8561.9
1061,0.00530984,8570.0
1062,0.00687485,8578.3
1063,0.00589953,8586.3
1064,0.00509050,8594.4
1065,0.00553599,8602.4
1066,0.00553915,8610.6
1067,0.00497568,8618.6
1068,0.00516340,8626.5
1069,0.00587642,8634.7
1070,0.00524703,8642.6
1071,0.00501115,8650.6
1072,0.00555931,8658.6
1073,0.00584648,8666.6
1074,0.00603675,8674.8
1075,0.00525642,8682.8
1076,0.00544609,8690.8
1077,0.00553649,8698.7
1078,0.00523920,8707.3
1079,0.00519676,8715.1
1080,0.00507481,8723.4
1081,0.00497873,8731.8
1082,0.00504683,8740.0
1083,0.00512816,8748.0
1084,0.00535889,8756.1
1085,0.00537587,8764.0
1086,0.00518577,8772.3
1087,0.00527395,8780.2
1088,0.00525363,8788.8
1089,0.00556915,8796.8
1090,0.00481623,8804.9
1091,0.00480702,8812.7
1092,0.00592374,8821.0
1093,0.00481558,8829.0
1094,0.00519627,8837.2
1095,0.00584380,8845.1
1096,0.00491345,8853.3
1097,0.00532570,8861.3
1098,0.00551387,8869.3
1099,0.00583065,8877.1
1100,0.00521097,8885.1
1101,0.00509659,8893.2
1102,0.00531454,8901.1
1103,0.00550280,8909.1
1104,0.00555772,8917.2
1105,0.00542039,8925.7
1106,0.00519053,8933.9
1107,0.00495919,8941.7
1108,0.00615724,8949.7
1109,0.00494613,8958.0
1110,0.00519313,8966.2
1111,0.00513877,8974.5
1112,0.00533698,8982.6
1113,0.00554861,8990.7
1114,0.00521973,8998.6
1115,0.00509592,9006.6
1116,0.00491999,9014.8
1117,0.00506860,9022.7
1118,0.00484931,9030.6
1119,0.00514659,9038.5
1120,0.00541776,9046.7
1121,0.00526030,9054.8
1122,0.00515972,9062.9
1123,0.00543219,9070.9
1124,0.00501553,9078.9
1125,0.00519433,9086.7
1126,0.00522476,9094.5
1127,0.00499472,9102.6
1128,0.00520854,9110.7
1129,0.00492044,9118.6
1130,0.00560308,9126.4
1131,0.00517405,9134.3
1132,0.00497071,9142.3
1133,0.00494633,9150.2
1134,0.00517884,9158.8
1135,0.00469963,9167.0
1136,0.00465912,9174.9
1137,0.00498793,9183.2
1138,0.00520505,9191.1
1139,0.00469787,9199.0
1140,0.00505131,9206.9
1141,0.00491266,9215.2
1142,0.00534971,9223.4
1143,0.00502706,9231.7
1144,0.00541969,9240.0
1145,0.00544829,9247.8
1146,0.00495826,9255.7
1147,0.00453950,9263.6
1148,0.00504394,9271.6
1149,0.00494781,9279.9
1150,0.00458581,9288.1
1151,0.00479150,9296.1
1152,0.00528749,9304.1
1153,0.00533764,9312.0
1154,0.00468385,9320.0
1155,0.00542300,9328.0
1156,0.00447210,9335.9
1157,0.00487009,9343.7
1158,0.00486003,9351.7
1159,0.00462866,9359.8
1160,0.00511304,9367.8
1161,0.00490607,9376.1
1162,0.00481969,9384.4
1163,0.00513545,9392.3
1164,0.00470352,9400.2
1165,0.00505217,9408.2
1166,0.00454671,9416.0
1167,0.00483074,9424.4
1168,0.00485619,9432.2
1169,0.00460209,9440.1
1170,0.00476555,9448.2
1171,0.00455901,9456.0
1172,0.00496510,9464.0
1173,0.00472425,9471.9
1174,0.00449924,9480.1
1175,0.00473662,9488.0
1176,0.00449186,9496.3
1177,0.00486184,9504.4
1178,0.00465235,9512.4
1179,0.00480618,9520.6
1180,0.00497371,9528.6
1181,0.00447489,9536.8
1182,0.00484635,9545.5
1183,0.00498921,9553.5
1184,0.00468234,9561.7
1185,0.00470819,9569.8
1186,0.00474608,9577.8
1187,0.00481923,9585.9
1188,0.00464452,9593.8
1189,0.00493717,9601.6
1190,0.00463851,9609.6
1191,0.00429652,9617.4
1192,0.00446029,9625.9
1193,0.00533337,9633.7
1194,0.00497609,9641.9
1195,0.00425061,9649.9
1196,0.00446690,9658.1
1197,0.00451768,9666.3
1198,0.00453578,9674.3
1199,0.00469410,9682.5
1200,0.00432214,9690.5
1201,0.00464143,9698.6
1202,0.00444249,9706.6
1203,0.00496421,9714.5
1204,0.00454186,9722.4
1205,0.00465330,9730.5
1206,0.00455481,9738.5
1207,0.00440984,9746.7
1208,0.00444710,9754.7
1209,0.00478851,9762.6
1210,0.00444912,9770.6
1211,0.00438064,9778.5
1212,0.00441157,9786.3
1213,0.00470806,9794.2
1214,0.00435014,9802.1
1215,0.00482930,9810.0
1216,0.00455836,9817.9
1217,0.00426147,9825.9
1218,0.00455397,9833.9
1219,0.00485947,9841.8
1220,0.00426845,9849.7
1221,0.00450277,9857.9
1222,0.00467572,9865.7
1223,0.00407554,9873.6
1224,0.00434745,9881.6
1225,0.00441404,9889.7
1226,0.00440455,9897.7
1227,0.00459320,9905.9
1228,0.00465612,9913.7
1229,0.00442590,9922.0
1230,0.00461939,9930.2
1231,0.00445826,9938.1
1232,0.00417300,9946.3
1233,0.00497202,9954.9
1234,0.00437223,9963.3
1235,0.00455178,9971.2
1236,0.00433550,9979.2
1237,0.00445907,9987.1
1238,0.00463279,9995.4
1239,0.00422754,10003.4
1240,0.00416077,10011.2
1241,0.00434155,10019.1
1242,0.00438969,10027.0
1243,0.00437645,10035.0
1244,0.00469938,10043.4
1245,0.00446382,10051.5
1246,0.00440498,10059.5
1247,0.00486584,10067.4
1248,0.00429997,10075.6
1249,0.00439331,10083.7
1250,0.00457186,10091.6
1251,0.00426712,10100.1
1252,0.00444641,10108.1
1253,0.00409960,10116.0
1254,0.00477144,10124.2
1255,0.00429318,10132.2
1256,0.00422603,10140.2
1257,0.00431943,10148.1
1258,0.00389462,10156.0
1259,0.00415671,10163.9
1260,0.00444488,10172.0
1261,0.00408297,10179.8
1262,0.00457219,10187.7
1263,0.00445300,10195.7
1264,0.00404254,10203.7
1265,0.00421440,10211.6
1266,0.00412139,10219.6
1267,0.00390002,10227.8
1268,0.00447110,10235.8
1269,0.00437820,10244.3
1270,0.00409879,10252.2
1271,0.00396152,10260.0
1272,0.00403885,10267.9
1273,0.00404119,10276.0
1274,0.00421474,10284.7
1275,0.00416208,10292.8
1276,0.00394759,10300.8
1277,0.00396842,10308.9
1278,0.00422739,10316.8
1279,0.00427170,10324.7
1280,0.00405411,10333.0
1281,0.00433277,10341.3
1282,0.00451516,10349.2
1283,0.00443731,10357.5
1284,0.00384798,10365.4
1285,0.00428315,10373.2
1286,0.00402579,10381.2
1287,0.00384436,10389.2
1288,0.00454123,10397.1
1289,0.00434994,10405.0
1290,0.00440978,10412.9
1291,0.00395083,10420.9
1292,0.00424975,10428.8
1293,0.00438801,10436.7
1294,0.00389399,10444.8
1295,0.00456814,10452.9
1296,0.00394911,10461.5
1297,0.00429085,10469.6
1298,0.00395856,10477.8
1299,0.00471558,10485.9
1300,0.00399903,10493.8
1301,0.00422979,10501.9
1302,0.00434234,10509.7
1303,0.00390985,10517.7
1304,0.00478112,10525.7
1305,0.00423144,10533.6
1306,0.00401333,10541.7
1307,0.00394567,10549.6
1308,0.00386243,10557.8
1309,0.00445949,10565.7
1310,0.00399617,10574.3
1311,0.00407688,10582.8
1312,0.00421054,10590.6
1313,0.00445926,10598.9
1314,0.00403194,10607.0
1315,0.00403354,10614.8
1316,0.00410840,10622.7
1317,0.00394238,10631.0
1318,0.00427345,10639.0
1319,0.00447274,10647.1
1320,0.00422076,10655.0
1321,0.00394175,10663.2
1322,0.00410670,10671.4
1323,0.00401943,10679.3
1324,0.00448813,10687.4
1325,0.00442807,10695.5
1326,0.00397673,10703.6
1327,0.00391875,10711.5
1328,0.00417565,10719.5
1329,0.00386489,10727.5
1330,0.00443988,10735.7
1331,0.00438780,10743.7
1332,0.00407035,10751.5
1333,0.00405000,10759.4
1334,0.00392897,10767.5
1335,0.00408932,10775.6
1336,0.00447711,10783.4
1337,0.00397508,10792.0
1338,0.00426346,10800.0
1339,0.00361867,10808.0
1340,0.00431629,10816.0
1341,0.00350655,10823.8
1342,0.00383935,10831.8
1343,0.00379858,10839.9
1344,0.00389122,10848.1
1345,0.00426635,10856.2
1346,0.00387120,10864.2
1347,0.00413145,10872.2
1348,0.00408646,10880.3
1349,0.00390183,10888.2
1350,0.00404342,10896.2
1351,0.00395523,10904.4
1352,0.00422413,10912.2
1353,0.00395630,10920.4
1354,0.00380190,10929.0
1355,0.00402128,10936.8
1356,0.00404007,10944.7
1357,0.00389492,10952.9
1358,0.00423909,10960.9
1359,0.00355286,10968.9
1360,0.00425962,10977.3
1361,0.00404074,10985.1
1362,0.00366634,10993.1
1363,0.00406352,11001.0
1364,0.00381129,11008.9
1365,0.00381097,11016.9
1366,0.00404153,11025.2
1367,0.00377371,11033.2
1368,0.00379000,11041.1
1369,0.00487563,11049.1
1370,0.00398801,11057.3
1371,0.00389269,11065.3
1372,0.00394028,11073.3
1373,0.00413002,11081.1
1374,0.00344418,11089.1
1375,0.00389565,11097.3
1376,0.00433122,11105.1
1377,0.00373532,11113.2
1378,0.00386058,11121.1
1379,0.00365221,11129.0
1380,0.00414155,11136.9
1381,0.00375711,11144.8
1382,0.00376548,11153.4
1383,0.00347395,11161.7
1384,0.00387317,11170.1
1385,0.00379585,11178.4
1386,0.00384328,11186.4
1387,0.00375990,11194.2
1388,0.00366491,11202.2
1389,0.00380202,11210.2
1390,0.00364701,11218.4
1391,0.00361189,11226.4
1392,0.00421012,11234.6
1393,0.00381825,11242.9
1394,0.00379577,11250.7
1395,0.00363397,11258.6
1396,0.00362383,11266.5
1397,0.00352755,11274.5
1398,0.00361341,11282.4
1399,0.00347308,11290.5
1400,0.00441367,11298.7
1401,0.00382073,11306.6
1402,0.00391678,11314.5
1403,0.00342123,11322.5
1404,0.00412820,11330.7
1405,0.00350819,11338.7
1406,0.00377444,11346.7
1407,0.00385808,11355.0
1408,0.00411799,11363.2
1409,0.00389499,11371.0
1410,0.00372569,11378.9
1411,0.00389714,11386.8
1412,0.00424805,11394.6
1413,0.00407716,11402.4
1414,0.00346172,11410.3
1415,0.00398836,11418.3
1416,0.00338588,11426.1
1417,0.00395634,11434.0
1418,0.00359734,11442.1
1419,0.00366013,11450.2
1420,0.00340456,11458.1
1421,0.00347458,11466.1
1422,0.00387009,11474.1
1423,0.00360283,11482.3
1424,0.00345813,11490.3
1425,0.00418769,11498.2
1426,0.00334882,11506.0
1427,0.00334166,11514.2
1428,0.00370190,11522.0
1429,0.00331963,11530.0
1430,0.00333646,11538.1
1431,0.00363193,11546.1
1432,0.00373162,11553.9
1433,0.00363445,11562.2
1434,0.00350626,11570.2
1435,0.00375274,11578.4
1436,0.00368161,11586.3
1437,0.00344839,11594.1
1438,0.00414208,11602.2
1439,0.00348058,11610.2
1440,0.00354887,11618.3
1441,0.00361751,11626.2
1442,0.00343558,11634.1
1443,0.00407920,11641.9
1444,0.00344508,11649.9
1445,0.00367535,11657.7
1446,0.00346631,11665.7
1447,0.00346250,11673.7
1448,0.00340970,11681.8
1449,0.00344186,11689.8
1450,0.00450506,11697.6
1451,0.00344734,11706.1
1452,0.00341017,11714.3
1453,0.00333762,11722.2
1454,0.00367196,11730.5
1455,0.00347920,11738.7
1456,0.00397912,11746.8
1457,0.00324321,11755.1
1458,0.00347470,11762.9
1459,0.00409027,11771.3
1460,0.00373019,11779.2
1461,0.00357067,11787.1
1462,0.00327293,11795.3
1463,0.00359084,11803.4
1464,0.00381213,11811.7
1465,0.00348069,11819.8
1466,0.00364816,11827.6
1467,0.00347416,11835.7
1468,0.00394024,11843.9
1469,0.00334391,11851.8
1470,0.00381233,11859.6
1471,0.00348266,11867.4
1472,0.00339511,11875.8
1473,0.00323537,11883.8
1474,0.00349211,11892.1
1475,0.00361054,11899.9
1476,0.00346330,11908.1
1477,0.00314892,11916.8
1478,0.00411469,11924.7
1479,0.00331598,11932.6
1480,0.00396531,11940.6
1481,0.00365331,11948.5
1482,0.00342689,11956.8
1483,0.00365173,11965.0
1484,0.00390408,11973.3
1485,0.00330586,11981.5
1486,0.00361140,11989.6
1487,0.00328603,11997.7
1488,0.00335785,12005.5
1489,0.00369920,12013.8
1490,0.00332651,12021.6
1491,0.00341862,12029.6
1492,0.00341604,12037.5
1493,0.00344994,12045.8
1494,0.00359640,12054.4
1495,0.00357536,12062.5
1496,0.00363127,12070.4
1497,0.00354550,12078.2
1498,0.00357594,12086.1
1499,0.00325064,12094.0
1500,0.00327886,12101.9
1501,0.00364072,12110.0
1502,0.00365035,12117.8
1503,0.00337527,12125.9
1504,0.00370170,12133.7
1505,0.00367125,12141.6
1506,0.00348719,12149.5
1507,0.00317159,12157.6
1508,0.00340535,12165.8
1509,0.00355234,12173.7
1510,0.00358504,12181.6
1511,0.00366688,12189.8
1512,0.00343731,12197.7
1513,0.00346119,12205.6
1514,0.00342909,12213.4
1515,0.00348958,12221.2
1516,0.00338185,12229.2
1517,0.00314133,12237.5
1518,0.00346950,12245.4
1519,0.00343605,12253.5
1520,0.00326905,12261.5
1521,0.00339113,12269.4
1522,0.00341807,12277.5
1523,0.00384357,12285.4
1524,0.00339319,12293.3
1525,0.00306778,12301.1
1526,0.00315135,12308.9
1527,0.00336723,12317.1
1528,0.00332448,12325.2
1529,0.00324336,12333.1
1530,0.00328502,12341.3
1531,0.00339943,12349.2
1532,0.00329595,12357.4
1533,0.00363927,12365.6
1534,0.00327829,12373.6
1535,0.00346618,12381.6
1536,0.00325861,12389.6
1537,0.00322455,12397.6
1538,0.00291661,12405.6
1539,0.00330036,12413.6
1540,0.00398955,12421.7
1541,0.00317743,12429.6
1542,0.00344534,12437.5
1543,0.00317333,12445.2
1544,0.00354491,12453.2
1545,0.00318080,12461.2
1546,0.00437462,12469.1
1547,0.00361252,12477.0
1548,0.00303056,12485.0
1549,0.00332006,12493.1
1550,0.00365225,12501.0
1551,0.00297195,12508.8
1552,0.00327118,12516.8
1553,0.00325375,12524.8
1554,0.00316515,12532.6
1555,0.00333140,12540.7
1556,0.00310564,12549.0
1557,0.00368517,12556.8
1558,0.00305565,12564.6
1559,0.00305140,12572.6
1560,0.00316286,12581.0
1561,0.00294352,12588.9
1562,0.00339590,12596.8
1563,0.00296569,12604.8
1564,0.00326162,12612.7
1565,0.00310478,12620.6
1566,0.00326664,12628.4
1567,0.00322400,12636.2
1568,0.00330179,12644.2
1569,0.00322903,12652.3
1570,0.00380678,12660.4
1571,0.00312854,12668.5
1572,0.00304736,12676.6
1573,0.00372893,12684.7
1574,0.00338620,12692.9
1575,0.00321672,12701.0
1576,0.00355966,12708.9
1577,0.00302765,12717.2
1578,0.00296117,12725.1
1579,0.00325081,12733.3
1580,0.00347677,12741.2
1581,0.00310211,12749.0
1582,0.00350705,12757.1
1583,0.00344145,12765.0
1584,0.00313734,12772.8
1585,0.00324614,12780.9
1586,0.00322640,12789.0
1587,0.00324448,12797.1
1588,0.00329602,12805.3
1589,0.00314528,12813.5
1590,0.00312418,12821.5
1591,0.00334542,12829.5
1592,0.00315858,12837.4
1593,0.00330558,12845.7
1594,0.00299186,12853.9
1595,0.00314977,12862.0
1596,0.00329720,12870.0
1597,0.00305498,12878.7
1598,0.00307363,12886.8
1599,0.00298199,12895.0
1600,0.00317282,12903.1
1601,0.00345465,12911.3
1602,0.00315997,12919.1
1603,0.00323199,12926.9
1604,0.00338135,12934.9
1605,0.00361420,12943.4
1606,0.00323194,12951.7
1607,0.00328435,12959.8
1608,0.00349408,12967.7
1609,0.00291766,12976.0
1610,0.00331797,12984.2
1611,0.00308582,12992.0
1612,0.00326515,13000.1
1613,0.00328903,13008.1
1614,0.00317217,13016.0
1615,0.00302692,13023.8
1616,0.00289586,13031.6
1617,0.00308046,13039.8
1618,0.00328905,13047.7
1619,0.00289317,13055.6
1620,0.00302724,13063.4
1621,0.00301337,13071.3
1622,0.00299750,13079.3
1623,0.00299290,13087.1
1624,0.00317836,13095.0
1625,0.00327488,13102.9
1626,0.00293388,13111.1
1627,0.00297895,13119.1
1628,0.00305677,13127.3
1629,0.00322711,13135.3
1630,0.00335340,13143.2
1631,0.00298691,13151.4
1632,0.00369417,13159.3
1633,0.00315300,13167.1
1634,0.00297253,13175.1
1635,0.00307277,13183.2
1636,0.00328197,13191.4
1637,0.00301396,13199.2
1638,0.00346473,13207.1
1639,0.00302190,13215.1
1640,0.00309061,13223.4
1641,0.00327288,13231.2
1642,0.00333398,13239.1
1643,0.00328708,13247.0
1644,0.00308194,13255.2
1645,0.00294503,13263.5
1646,0.00307107,13271.4
1647,0.00297865,13279.3
1648,0.00336263,13287.4
1649,0.00291565,13295.4
1650,0.00309505,13303.3
1651,0.00306609,13311.2
1652,0.00274650,13319.5
1653,0.00329094,13328.2
1654,0.00303307,13336.2
1655,0.00308695,13344.3
1656,0.00328097,13352.6
1657,0.00290060,13361.0
1658,0.00301083,13369.2
1659,0.00300401,13377.6
1660,0.00324522,13385.4
1661,0.00286511,13393.3
1662,0.00268860,13401.1
1663,0.00284287,13409.1
1664,0.00321597,13417.3
1665,0.00330034,13425.2
1666,0.00332242,13433.2
1667,0.00278640,13441.2
1668,0.00295461,13449.0
1669,0.00290820,13457.1
1670,0.00316796,13465.0
1671,0.00316296,13472.9
1672,0.00331983,13480.9
1673,0.00287150,13489.1
1674,0.00317926,13497.4
1675,0.00312986,13505.5
1676,0.00325135,13513.6
1677,0.00308209,13521.6
1678,0.00295390,13529.4
1679,0.00278862,13537.2
1680,0.00309598,13545.3
1681,0.00328549,13553.5
1682,0.00277127,13561.8
1683,0.00293347,13569.8
1684,0.00312605,13577.6
1685,0.00306978,13585.5
1686,0.00278750,13593.6
1687,0.00302486,13601.7
1688,0.00284183,13609.8
1689,0.00282937,13617.6
1690,0.00287157,13625.8
1691,0.00317669,13633.6
1692,0.00319703,13641.8
1693,0.00299330,13650.2
1694,0.00287163,13658.2
1695,0.00298158,13666.0
1696,0.00307165,13673.9
1697,0.00277441,13681.8
1698,0.00265596,13689.6
1699,0.00299313,13698.0
1700,0.00277238,13706.0
1701,0.00267592,13714.1
1702,0.00299638,13722.4
1703,0.00317398,13730.7
1704,0.00304295,13739.0
1705,0.00311086,13747.0
1706,0.00295050,13755.1
1707,0.00297204,13763.2
1708,0.00289624,13771.6
1709,0.00276570,13779.8
1710,0.00309939,13788.0
1711,0.00273323,13796.4
1712,0.00315783,13804.4
1713,0.00277460,13812.3
1714,0.00294817,13820.4
1715,0.00325608,13828.2
1716,0.00314979,13836.3
1717,0.00289108,13844.2
1718,0.00280069,13852.2
1719,0.00280974,13860.0
1720,0.00307043,13867.9
1721,0.00276456,13876.2
1722,0.00263577,13884.2
1723,0.00294475,13892.3
1724,0.00268423,13900.2
1725,0.00330710,13908.2
1726,0.00292068,13916.4
1727,0.00278703,13924.3
1728,0.00269674,13932.5
1729,0.00323388,13940.5
1730,0.00282545,13948.5
1731,0.00291623,13956.7
1732,0.00294654,13964.9
1733,0.00301600,13972.9
1734,0.00272297,13980.7
1735,0.00316621,13988.5
1736,0.00261876,13996.6
1737,0.00306980,14004.4
1738,0.00279840,14012.4
1739,0.00279283,14020.7
1740,0.00283984,14028.8
1741,0.00310916,14037.5
1742,0.00296450,14045.4
1743,0.00293216,14053.3
1744,0.00276639,14061.2
1745,0.00279808,14069.2
1746,0.00292235,14077.4
1747,0.00251427,14085.3
1748,0.00296406,14093.6
1749,0.00297247,14101.4
1750,0.00281395,14109.2
1751,0.00286475,14117.3
1752,0.00288751,14125.3
1753,0.00295795,14133.3
1754,0.00269222,14141.2
1755,0.00276404,14149.0
1756,0.00310859,14157.0
1757,0.00279360,14164.8
1758,0.00290111,14172.8
1759,0.00265684,14180.8
1760,0.00290608,14188.6
1761,0.00313674,14196.4
1762,0.00309189,14204.3
1763,0.00290655,14212.3
1764,0.00302234,14220.2
1765,0.00285780,14228.3
1766,0.00269855,14236.3
1767,0.00280871,14244.5
1768,0.00287849,14252.7
1769,0.00269376,14261.5
1770,0.00301192,14269.7
1771,0.00284925,14277.7
1772,0.00292158,14285.5
1773,0.00270749,14293.6
1774,0.00278227,14301.8
1775,0.00268061,14310.3
1776,0.00291489,14318.5
1777,0.00279239,14326.7
1778,0.00275844,14334.6
1779,0.00277401,14342.6
1780,0.00267969,14350.7
1781,0.00244354,14358.7
1782,0.00272897,14366.7
1783,0.00249753,14374.8
1784,0.00270416,14382.7
1785,0.00251980,14390.7
1786,0.00307397,14398.7
1787,0.00270653,14406.5
1788,0.00284152,14414.5
1789,0.00275576,14422.5
1790,0.00290632,14430.4
1791,0.00284989,14438.3
1792,0.00270286,14446.2
1793,0.00304891,14454.0
1794,0.00290720,14462.1
1795,0.00318711,14470.0
1796,0.00274582,14478.0
1797,0.00294066,14486.0
1798,0.00301065,14493.9
1799,0.00288101,14502.1
1800,0.00249701,14510.0
1801,0.00279858,14518.1
1802,0.00291711,14525.9
1803,0.00283192,14534.0
1804,0.00268693,14542.1
1805,0.00317718,14550.2
1806,0.00270475,14558.3
1807,0.00246543,14566.3
1808,0.00286112,14574.1
1809,0.00302781,14581.9
1810,0.00256083,14590.0
1811,0.00262989,14597.8
1812,0.00281784,14605.7
1813,0.00310400,14613.9
1814,0.00267368,14621.8
1815,0.00249013,14629.8
1816,0.00253428,14637.6
1817,0.00311056,14645.4
1818,0.00276957,14653.5
1819,0.00234686,14661.5
1820,0.00272616,14669.6
1821,0.00261631,14677.4
1822,0.00265195,14685.6
1823,0.00285511,14693.4
1824,0.00261352,14701.3
1825,0.00266754,14709.1
1826,0.00250251,14717.0
1827,0.00257916,14724.9
1828,0.00286981,14732.8
1829,0.00259826,14740.7
1830,0.00243973,14748.8
1831,0.00264143,14756.7
1832,0.00242396,14764.6
1833,0.00282277,14772.9
1834,0.00241268,14781.1
1835,0.00252936,14789.1
1836,0.00284570,14796.9
1837,0.00243080,14804.8
1838,0.00247005,14813.0
1839,0.00264324,14821.1
1840,0.00268188,14829.3
1841,0.00259339,14837.9
1842,0.00244519,14845.7
1843,0.00251718,14853.8
1844,0.00334055,14861.9
1845,0.00282357,14869.8
1846,0.00273980,14878.1
1847,0.00270811,14886.2
1848,0.00266071,14894.2
1849,0.00253073,14902.4
1850,0.00251365,14910.5
1851,0.00239548,14918.6
1852,0.00247957,14926.7
1853,0.00251219,14934.7
1854,0.00279507,14942.5
1855,0.00292958,14950.9
1856,0.00276661,14958.7
1857,0.00255746,14966.6
1858,0.00232871,14974.6
1859,0.00254050,14982.4
1860,0.00266004,14990.4
1861,0.00247651,14998.6
1862,0.00283060,15006.9
1863,0.00294868,15014.7
1864,0.00253025,15022.6
1865,0.00240592,15030.6
1866,0.00261768,15038.5
1867,0.00256719,15046.3
1868,0.00244884,15054.2
1869,0.00273431,15062.2
1870,0.00250773,15070.3
1871,0.00260476,15078.3
1872,0.00227282,15086.5
1873,0.00248268,15094.3
1874,0.00249606,15102.1
1875,0.00261144,15110.1
1876,0.00266216,15117.9
1877,0.00230622,15125.9
1878,0.00254577,15133.9
1879,0.00259228,15141.9
1880,0.00288143,15149.8
1881,0.00275569,15157.7
1882,0.00260817,15165.7
1883,0.00236878,15173.6
1884,0.00256892,15181.8
1885,0.00267755,15190.0
1886,0.00262612,15197.9
1887,0.00268477,15205.9
1888,0.00270527,15213.9
1889,0.00245939,15221.7
1890,0.00247047,15230.3
1891,0.00251180,15238.7
1892,0.00237958,15246.6
1893,0.00257526,15254.9
1894,0.00269620,15262.7
1895,0.00270927,15271.0
1896,0.00259868,15278.9
1897,0.00248742,15287.0
1898,0.00288765,15295.0
1899,0.00253595,15303.0
1900,0.00250546,15311.3
1901,0.00249011,15319.4
1902,0.00254728,15327.6
1903,0.00261790,15335.4
1904,0.00266603,15343.3
1905,0.00249265,15351.4
1906,0.00248635,15359.3
1907,0.00237957,15367.3
1908,0.00243494,15375.5
1909,0.00282608,15383.8
1910,0.00239439,15392.1
1911,0.00259290,15400.1
1912,0.00273697,15408.0
1913,0.00258000,15416.2
1914,0.00261327,15424.6
1915,0.00235416,15432.7
1916,0.00256737,15440.9
1917,0.00232186,15449.2
1918,0.00278327,15457.3
1919,0.00265355,15465.4
1920,0.00261593,15473.4
1921,0.00260707,15481.3
1922,0.00227419,15489.2
1923,0.00248809,15497.0
1924,0.00249597,15505.1
1925,0.00227175,15513.3
1926,0.00232670,15521.6
1927,0.00228258,15529.5
1928,0.00277204,15537.8
1929,0.00238882,15546.1
1930,0.00278436,15554.6
1931,0.00255494,15562.4
1932,0.00247496,15570.4
1933,0.00247787,15578.2
1934,0.00225581,15586.1
1935,0.00251127,15594.0
1936,0.00251943,15601.9
1937,0.00275634,15609.8
1938,0.00259773,15617.9
1939,0.00298617,15625.8
1940,0.00250648,15633.8
1941,0.00239985,15641.8
1942,0.00265286,15649.8
1943,0.00244724,15657.7
1944,0.00241456,15665.7
1945,0.00240355,15673.7
1946,0.00260680,15681.9
1947,0.00258821,15689.7
1948,0.00247333,15697.7
1949,0.00257932,15705.7
1950,0.00242804,15713.6
1951,0.00267562,15721.5
1952,0.00257833,15729.4
1953,0.00254119,15737.7
1954,0.00250970,15745.9
1955,0.00245788,15753.7
1956,0.00239635,15761.8
1957,0.00278305,15769.6
1958,0.00246178,15778.0
1959,0.00242050,15786.0
1960,0.00219209,15793.9
1961,0.00258210,15802.0
1962,0.00233369,15810.1
1963,0.00257623,15818.1
1964,0.00249925,15826.3
1965,0.00234592,15834.6
1966,0.00242063,15842.4
1967,0.00252436,15850.4
1968,0.00234860,15858.6
1969,0.00259499,15866.8
1970,0.00264351,15875.0
1971,0.00234155,15882.9
1972,0.00234913,15891.0
1973,0.00261168,15899.1
1974,0.00244881,15907.3
1975,0.00230875,15915.4
1976,0.00248758,15923.3
1977,0.00211311,15931.4
1978,0.00218328,15939.7
1979,0.00244462,15948.0
1980,0.00247933,15955.8
1981,0.00237444,15963.7
1982,0.00235790,15971.6
1983,0.00264651,15979.4
1984,0.00223993,15988.1
1985,0.00213654,15996.1
1986,0.00238907,16004.3
1987,0.00256938,16012.3
1988,0.00252016,16020.4
1989,0.00240334,16028.4
1990,0.00231623,16036.4
1991,0.00248981,16044.6
1992,0.00260806,16052.7
1993,0.00243483,16060.8
1994,0.00221088,16068.9
1995,0.00241445,16076.9
1996,0.00209814,16084.9
1997,0.00217605,16092.8
1998,0.00235963,16101.5
1999,0.00233555,16109.6
2000,0.00269378,16117.7
2001,0.00257324,16125.7
2002,0.00224015,16134.0
2003,0.00223329,16142.0
2004,0.00278880,16149.8
2005,0.00207403,16157.7
2006,0.00238356,16165.7
2007,0.00251927,16173.6
2008,0.00246277,16181.5
2009,0.00234984,16189.3
2010,0.00228025,16197.3
2011,0.00239031,16205.3
2012,0.00236657,16213.1
2013,0.00234091,16221.2
2014,0.00221450,16229.3
2015,0.00230522,16237.1
2016,0.00245779,16245.3
2017,0.00239962,16253.4
2018,0.00238587,16261.3
2019,0.00247242,16269.2
2020,0.00224922,16277.1
2021,0.00255234,16285.0
2022,0.00239286,16292.9
2023,0.00261413,16300.8
2024,0.00233984,16309.1
2025,0.00239506,16317.0
2026,0.00240645,16324.9
2027,0.00217362,16333.2
2028,0.00230464,16341.1
2029,0.00215443,16349.0
2030,0.00230345,16357.1
2031,0.00272701,16365.0
2032,0.00249165,16372.9
2033,0.00218841,16381.4
2034,0.00208070,16389.8
2035,0.00236543,16398.1
2036,0.00229370,16406.0
2037,0.00263903,16414.0
2038,0.00223967,16421.8
2039,0.00220493,16429.7
2040,0.00223953,16437.6
2041,0.00231796,16445.4
2042,0.00222731,16453.2
2043,0.00231060,16461.6
2044,0.00236279,16469.7
2045,0.00234317,16477.8
2046,0.00238104,16485.6
2047,0.00223577,16494.0
2048,0.00231838,16502.0
2049,0.00228134,16509.9
2050,0.00225467,16517.7
2051,0.00245010,16526.0
2052,0.00232809,16534.2
2053,0.00259422,16542.5
2054,0.00224766,16550.4
2055,0.00232824,16558.3
2056,0.00234564,16566.7
2057,0.00220663,16574.6
2058,0.00242466,16582.4
2059,0.00215246,16590.2
2060,0.00231307,16598.2
2061,0.00242778,16606.1
2062,0.00208191,16614.1
2063,0.00225397,16622.2
2064,0.00230083,16630.3
2065,0.00227166,16638.3
2066,0.00230685,16646.5
2067,0.00237824,16654.5
2068,0.00222798,16662.6
2069,0.00232694,16670.5
2070,0.00234284,16678.3
2071,0.00223535,16686.2
2072,0.00217695,16694.6
2073,0.00214279,16702.6
2074,0.00230371,16710.5
2075,0.00245794,16718.3
2076,0.00224513,16726.6
2077,0.00276968,16734.5
2078,0.00238242,16742.5
2079,0.00231002,16750.4
2080,0.00230353,16758.5
2081,0.00218053,16766.4
2082,0.00213732,16774.2
2083,0.00235658,16782.2
2084,0.00232668,16790.4
2085,0.00212671,16798.2
2086,0.00204560,16806.1
2087,0.00233146,16813.9
2088,0.00247863,16822.4
2089,0.00236640,16830.6
2090,0.00244600,16838.6
2091,0.00231275,16846.8
2092,0.00232556,16854.7
2093,0.00211174,16862.8
2094,0.00239781,16870.7
2095,0.00203380,16878.7
2096,0.00211717,16886.7
2097,0.00213165,16894.5
2098,0.00220388,16902.3
2099,0.00230627,16910.4
2100,0.00245657,16918.6
2101,0.00221530,16926.6
2102,0.00267813,16934.5
2103,0.00251532,16942.9
2104,0.00222043,16951.2
2105,0.00206462,16959.3
2106,0.00229535,16967.2
2107,0.00214639,16975.2
2108,0.00231153,16983.3
2109,0.00233783,16991.5
2110,0.00209775,16999.6
2111,0.00224510,17007.5
2112,0.00242104,17015.4
2113,0.00232907,17023.8
2114,0.00282993,17031.5
2115,0.00204203,17039.5
2116,0.00223474,17047.5
2117,0.00222828,17055.6
2118,0.00223211,17063.7
2119,0.00232196,17071.6
2120,0.00217534,17079.7
2121,0.00220175,17087.7
2122,0.00247779,17095.6
2123,0.00218555,17103.7
2124,0.00229126,17111.8
2125,0.00221312,17119.7
2126,0.00219517,17127.5
2127,0.00206580,17135.7
2128,0.00224535,17143.6
2129,0.00223439,17151.5
2130,0.00217855,17159.6
2131,0.00203240,17167.5
2132,0.00206571,17175.6
2133,0.00203079,17183.7
2134,0.00219029,17192.2
2135,0.00210889,17200.3
2136,0.00219230,17208.5
2137,0.00225681,17216.8
2138,0.00195514,17224.8
2139,0.00227804,17232.9
2140,0.00230873,17240.9
2141,0.00225994,17249.2
2142,0.00209077,17257.4
2143,0.00216538,17265.5
2144,0.00212884,17273.5
2145,0.00211844,17281.7
2146,0.00232752,17289.9
2147,0.00240621,17298.2
2148,0.00235791,17306.0
2149,0.00224554,17314.0
2150,0.00199331,17322.1
2151,0.00221150,17330.2
2152,0.00208343,17338.1
2153,0.00216898,17346.1
2154,0.00193442,17353.9
2155,0.00230922,17361.9
2156,0.00215153,17369.8
2157,0.00211518,17377.6
2158,0.00239641,17385.9
2159,0.00215839,17393.8
2160,0.00219393,17402.1
2161,0.00224787,17410.1
2162,0.00222841,17417.9
2163,0.00232103,17426.3
2164,0.00220677,17434.4
2165,0.00215397,17442.2
2166,0.00204443,17450.3
2167,0.00222038,17458.3
2168,0.00229510,17466.4
2169,0.00224949,17474.4
2170,0.00233808,17483.0
2171,0.00207095,17491.1
2172,0.00214970,17499.1
2173,0.00224153,17507.0
2174,0.00215156,17514.9
2175,0.00215782,17523.1
2176,0.00254521,17530.9
2177,0.00238714,17538.9
2178,0.00194047,17547.0
2179,0.00216749,17554.8
2180,0.00208979,17562.6
2181,0.00243786,17570.5
2182,0.00228059,17578.8
2183,0.00253180,17586.7
2184,0.00223657,17594.6
2185,0.00196284,17602.6
2186,0.00212876,17610.5
2187,0.00219224,17618.9
2188,0.00237015,17627.0
2189,0.00251152,17635.0
2190,0.00208903,17642.9
2191,0.00235366,17651.1
2192,0.00195904,17658.8
2193,0.00214689,17667.2
2194,0.00259195,17675.2
2195,0.00236227,17683.4
2196,0.00223220,17691.2
2197,0.00200579,17699.1
2198,0.00208603,17707.2
2199,0.00192546,17715.0
2200,0.00214871,17723.0
2201,0.00203952,17731.0
2202,0.00206460,17738.9
2203,0.00202020,17746.8
2204,0.00214169,17754.7
2205,0.00197710,17762.6
2206,0.00225158,17770.6
2207,0.00209567,17778.4
2208,0.00184844,17786.3
2209,0.00207810,17794.6
2210,0.00230675,17802.4
2211,0.00197858,17810.3
2212,0.00236663,17818.3
2213,0.00211346,17826.5
2214,0.00203655,17834.5
2215,0.00202282,17842.6
2216,0.00206695,17850.6
2217,0.00220097,17858.8
2218,0.00210789,17866.9
2219,0.00206482,17875.1
2220,0.00213938,17883.0
2221,0.00192142,17890.9
2222,0.00196101,17899.0
2223,0.00214739,17906.9
2224,0.00258894,17914.8
2225,0.00209386,17922.8
2226,0.00207597,17930.9
2227,0.00197177,17939.0
2228,0.00226155,17947.0
2229,0.00230052,17955.2
2230,0.00211580,17963.3
2231,0.00190477,17971.4
2232,0.00204545,17979.2
2233,0.00223521,17987.1
2234,0.00217003,17994.9
2235,0.00209539,18002.7
2236,0.00214974,18010.7
2237,0.00213974,18018.6
2238,0.00218648,18026.5
2239,0.00226826,18034.4
2240,0.00192535,18042.2
2241,0.00198807,18050.5
2242,0.00184912,18058.6
2243,0.00183961,18066.4
2244,0.00227683,18074.7
2245,0.00220425,18082.8
2246,0.00199709,18090.6
2247,0.00218392,18099.0
2248,0.00183451,18107.1
2249,0.00213420,18115.3
2250,0.00209825,18123.2
2251,0.00222452,18131.3
2252,0.00201060,18139.3
2253,0.00212366,18147.1
2254,0.00209228,18155.2
2255,0.00209545,18163.0
2256,0.00226374,18171.1
2257,0.00193253,18179.0
2258,0.00195856,18187.2
2259,0.00221490,18195.1
2260,0.00197149,18202.9
2261,0.00195014,18210.8
2262,0.00229960,18218.8
2263,0.00189052,18226.8
2264,0.00192803,18234.8
2265,0.00204021,18243.1
2266,0.00186089,18251.1
2267,0.00206607,18259.3
2268,0.00226639,18267.6
2269,0.00200658,18275.5
2270,0.00189342,18283.6
2271,0.00197156,18291.7
2272,0.00197056,18299.8
2273,0.00179988,18307.8
2274,0.00189122,18315.9
2275,0.00236273,18323.9
2276,0.00202745,18332.1
2277,0.00223701,18340.2
2278,0.00189819,18348.6
2279,0.00195303,18356.9
2280,0.00192570,18364.7
2281,0.00212525,18372.8
2282,0.00212164,18380.9
2283,0.00192495,18389.2
2284,0.00201152,18397.1
2285,0.00199955,18405.3
2286,0.00197226,18413.2
2287,0.00225205,18421.3
2288,0.00179169,18429.1
2289,0.00228329,18437.1
2290,0.00213477,18445.3
2291,0.00201873,18453.3
2292,0.00198495,18461.3
2293,0.00187029,18469.3
2294,0.00216067,18477.3
2295,0.00198862,18485.8
2296,0.00186969,18494.2
2297,0.00221120,18502.2
2298,0.00214547,18510.1
2299,0.00205947,18518.0
2300,0.00220940,18525.9
2301,0.00216849,18534.2
2302,0.00225031,18542.0
2303,0.00212005,18549.9
2304,0.00219208,18557.8
2305,0.00201720,18565.6
2306,0.00201030,18573.6
2307,0.00196815,18581.5
2308,0.00214197,18589.4
2309,0.00196027,18597.2
2310,0.00203960,18605.3
2311,0.00211466,18613.4
2312,0.00210546,18621.7
2313,0.00186302,18629.5
2314,0.00203863,18637.6
2315,0.00208631,18645.5
2316,0.00175787,18653.4
2317,0.00209454,18661.8
2318,0.00187577,18669.6
2319,0.00200036,18677.5
2320,0.00191823,18685.3
2321,0.00194815,18693.3
2322,0.00204806,18701.3
2323,0.00189125,18709.1
2324,0.00180149,18717.2
2325,0.00214449,18725.1
2326,0.00193610,18733.4
2327,0.00229286,18741.5
2328,0.00232970,18749.7
2329,0.00189127,18757.5
2330,0.00224550,18766.2
2331,0.00213504,18774.8
2332,0.00181113,18782.8
2333,0.00193366,18790.7
2334,0.00205247,18798.6
2335,0.00202224,18806.7
2336,0.00209320,18814.6
2337,0.00177645,18823.1
2338,0.00185976,18830.9
2339,0.00195134,18839.1
2340,0.00201946,18847.3
2341,0.00190320,18855.3
2342,0.00180205,18863.7
2343,0.00189672,18871.6
2344,0.00184707,18879.8
2345,0.00221310,18888.3
2346,0.00193346,18896.7
2347,0.00179299,18904.6
2348,0.00208158,18912.8
2349,0.00186897,18920.6
2350,0.00190503,18928.8
2351,0.00213750,18937.0
2352,0.00185311,18944.9
2353,0.00172168,18953.0
2354,0.00196461,18961.1
2355,0.00192865,18969.2
2356,0.00183327,18977.2
2357,0.00187832,18985.6
2358,0.00204746,18993.9
2359,0.00200794,19002.2
2360,0.00234582,19010.1
2361,0.00185996,19018.1
2362,0.00212387,19025.9
2363,0.00175028,19034.1
2364,0.00184445,19042.0
2365,0.00215724,19050.0
2366,0.00195504,19058.1
2367,0.00209462,19066.4
2368,0.00172253,19074.9
2369,0.00177949,19083.0
2370,0.00210518,19091.1
2371,0.00174209,19099.8
2372,0.00177003,19107.9
2373,0.00195433,19115.8
2374,0.00197859,19123.6
2375,0.00201779,19131.9
2376,0.00188509,19139.7
2377,0.00200393,19147.8
2378,0.00194290,19156.0
2379,0.00192708,19164.0
2380,0.00209821,19172.3
2381,0.00176005,19180.5
2382,0.00192089,19188.7
2383,0.00219975,19197.0
2384,0.00207268,19205.9
2385,0.00178572,19213.9
2386,0.00186153,19222.1
2387,0.00180982,19230.1
2388,0.00184647,19238.0
2389,0.00198650,19246.3
2390,0.00174067,19254.4
2391,0.00179233,19262.4
2392,0.00205682,19270.2
2393,0.00200819,19278.0
2394,0.00180418,19286.0
2395,0.00219786,19294.5
2396,0.00198812,19302.6
2397,0.00179979,19310.5
2398,0.00212899,19318.4
2399,0.00189308,19326.4
2400,0.00194526,19334.5
2401,0.00207488,19342.3
2402,0.00188509,19350.1
2403,0.00178809,19358.0
2404,0.00192690,19366.1
2405,0.00213579,19374.2
2406,0.00166897,19382.2
2407,0.00193092,19390.2
2408,0.00203046,19398.5
2409,0.00182985,19406.5
2410,0.00194169,19414.7
2411,0.00229833,19422.8
2412,0.00179995,19430.6
2413,0.00172489,19438.7
2414,0.00182014,19446.5
2415,0.00189059,19455.0
2416,0.00181921,19462.9
2417,0.00200452,19470.8
2418,0.00174532,19478.7
2419,0.00185852,19486.7
2420,0.00222276,19494.9
2421,0.00180337,19502.7
2422,0.00210082,19510.6
2423,0.00190237,19518.6
2424,0.00180784,19526.5
2425,0.00206614,19534.3
2426,0.00196055,19542.4
2427,0.00187712,19550.7
2428,0.00199151,19558.8
2429,0.00182718,19567.1
2430,0.00183886,19575.0
2431,0.00163844,19583.1
2432,0.00186237,19591.0
2433,0.00187046,19599.2
2434,0.00190178,19607.5
2435,0.00194203,19615.5
2436,0.00170663,19623.5
2437,0.00176455,19631.8
2438,0.00190982,19639.9
2439,0.00178902,19647.9
2440,0.00185103,19655.8
2441,0.00209722,19663.8
2442,0.00186648,19671.9
2443,0.00168976,19680.2
2444,0.00205787,19688.1
2445,0.00215348,19696.2
2446,0.00199291,19704.3
2447,0.00201243,19712.4
2448,0.00179314,19720.8
2449,0.00164104,19729.0
2450,0.00177892,19737.3
2451,0.00197465,19745.3
2452,0.00197356,19753.4
2453,0.00187980,19761.3
2454,0.00191956,19769.6
2455,0.00165126,19777.5
2456,0.00186185,19785.3
2457,0.00175169,19793.3
2458,0.00193412,19801.5
2459,0.00163769,19809.4
2460,0.00195552,19817.3
2461,0.00211704,19825.2
2462,0.00216381,19833.1
2463,0.00206572,19840.9
2464,0.00185428,19848.9
2465,0.00177857,19857.0
2466,0.00186011,19864.9
2467,0.00179458,19872.9
2468,0.00205762,19880.9
2469,0.00189481,19889.1
2470,0.00169803,19897.2
2471,0.00204553,19905.3
2472,0.00194672,19913.3
2473,0.00198434,19921.1
2474,0.00169141,19929.2
2475,0.00171529,19937.1
2476,0.00191218,19945.3
2477,0.00197619,19953.1
2478,0.00220619,19961.2
2479,0.00174076,19969.6
2480,0.00213723,19977.8
2481,0.00160434,19985.7
2482,0.00173054,19993.9
2483,0.00204712,20002.3
2484,0.00192168,20010.3
2485,0.00193599,20018.4
2486,0.00163964,20026.3
2487,0.00182695,20034.3
2488,0.00175375,20042.2
2489,0.00180858,20050.3
2490,0.00188104,20058.3
2491,0.00200305,20066.2
2492,0.00179621,20074.5
2493,0.00193622,20082.5
2494,0.00188556,20090.6
2495,0.00172346,20098.7
2496,0.00187662,20106.9
2497,0.00198015,20114.8
2498,0.00173460,20123.3
2499,0.00156323,20131.1
2500,0.00164515,20139.3
2501,0.00176492,20147.3
2502,0.00181343,20155.3
2503,0.00165880,20163.7
2504,0.00203261,20171.7
2505,0.00173177,20180.2
2506,0.00185994,20188.0
2507,0.00182938,20196.1
2508,0.00166533,20204.1
2509,0.00194086,20212.2
2510,0.00201966,20220.3
2511,0.00174864,20228.2
2512,0.00162303,20236.3
2513,0.00177540,20244.1
2514,0.00184604,20251.9
2515,0.00195533,20259.9
2516,0.00175397,20267.8
2517,0.00185348,20275.9
2518,0.00179630,20283.9
2519,0.00179521,20292.1
2520,0.00208481,20300.1
2521,0.00176868,20308.0
2522,0.00192803,20316.4
2523,0.00170239,20325.1
2524,0.00158130,20333.2
2525,0.00198951,20341.1
2526,0.00172916,20349.3
2527,0.00190534,20357.3
2528,0.00190684,20365.2
2529,0.00180856,20373.1
2530,0.00206982,20381.0
2531,0.00202590,20388.9
2532,0.00172375,20396.9
2533,0.00181713,20404.7
2534,0.00182881,20412.9
2535,0.00192545,20421.0
2536,0.00171375,20429.4
2537,0.00185211,20437.4
2538,0.00188000,20445.3
2539,0.00191619,20453.1
2540,0.00169342,20460.9
2541,0.00201294,20468.9
2542,0.00187930,20476.8
2543,0.00167444,20484.7
2544,0.00164992,20492.6
2545,0.00180198,20500.4
2546,0.00187176,20508.5
2547,0.00186985,20516.4
2548,0.00176542,20524.5
2549,0.00172912,20532.8
2550,0.00174688,20540.8
2551,0.00170718,20548.9
2552,0.00169774,20556.8
2553,0.00228636,20564.8
2554,0.00195234,20573.1
2555,0.00169560,20581.2
2556,0.00178734,20589.3
2557,0.00153034,20597.4
2558,0.00182158,20605.4
2559,0.00172516,20613.6
2560,0.00177875,20621.4
2561,0.00194500,20629.4
2562,0.00177220,20637.3
2563,0.00228923,20645.4
2564,0.00178538,20653.4
2565,0.00165651,20661.2
2566,0.00196793,20669.1
2567,0.00169844,20677.1
2568,0.00163887,20684.9
2569,0.00182477,20693.1
2570,0.00189947,20701.2
2571,0.00181662,20709.5
2572,0.00181378,20717.5
2573,0.00167232,20725.7
2574,0.00165348,20733.8
2575,0.00178923,20741.7
2576,0.00169390,20750.0
2577,0.00170337,20758.1
2578,0.00178914,20766.3
2579,0.00159577,20774.2
2580,0.00186213,20782.4
2581,0.00183283,20790.4
2582,0.00161118,20798.3
2583,0.00166786,20806.2
2584,0.00182675,20814.2
2585,0.00171583,20822.3
2586,0.00152445,20830.4
2587,0.00170071,20838.6
2588,0.00171153,20846.5
2589,0.00150423,20854.7
2590,0.00165266,20862.9
2591,0.00173127,20871.0
2592,0.00179778,20878.9
2593,0.00172469,20887.2
2594,0.00169536,20895.3
2595,0.00168358,20903.4
2596,0.00177528,20911.6
2597,0.00170811,20919.6
2598,0.00199214,20927.7
2599,0.00183798,20935.7
2600,0.00174289,20943.9
2601,0.00168876,20952.1
2602,0.00178090,20960.1
2603,0.00173513,20968.2
2604,0.00163590,20976.1
2605,0.00169756,20984.4
2606,0.00162159,20992.4
2607,0.00180339,21000.4
2608,0.00171501,21008.4
2609,0.00203524,21016.5
2610,0.00162149,21024.4
2611,0.00183569,21032.3
2612,0.00172470,21040.7
2613,0.00166886,21048.9
2614,0.00173186,21056.9
2615,0.00151761,21064.8
2616,0.00170783,21072.7
2617,0.00171952,21081.0
2618,0.00171278,21089.9
2619,0.00185693,21098.1
2620,0.00182579,21105.9
2621,0.00166171,21114.0
2622,0.00185101,21121.8
2623,0.00173823,21129.9
2624,0.00179985,21138.0
2625,0.00166381,21146.0
2626,0.00162216,21154.0
2627,0.00184678,21161.8
2628,0.00185513,21170.0
2629,0.00181039,21177.8
2630,0.00151695,21186.1
2631,0.00197119,21193.9
2632,0.00178938,21202.1
2633,0.00185895,21210.4
2634,0.00183254,21218.6
2635,0.00185211,21226.4
2636,0.00167135,21234.8
2637,0.00151422,21242.6
2638,0.00172908,21250.7
2639,0.00172284,21258.5
2640,0.00163392,21266.4
2641,0.00159121,21274.6
2642,0.00160905,21282.9
2643,0.00179464,21291.0
2644,0.00182278,21299.1
2645,0.00162123,21307.1
2646,0.00158011,21315.7
2647,0.00148170,21323.6
2648,0.00150539,21331.6
2649,0.00165820,21339.7
2650,0.00176964,21347.6
2651,0.00158540,21355.6
2652,0.00160331,21363.5
2653,0.00160235,21371.9
2654,0.00172168,21380.0
2655,0.00172297,21387.9
2656,0.00149587,21395.9
2657,0.00167996,21404.1
2658,0.00181096,21412.3
2659,0.00176799,21420.6
2660,0.00153300,21428.5
2661,0.00173487,21436.6
2662,0.00164593,21444.6
2663,0.00162153,21453.1
2664,0.00180798,21461.0
2665,0.00164621,21468.8
2666,0.00179134,21477.1
2667,0.00160123,21485.0
2668,0.00166279,21492.9
2669,0.00143184,21501.2
2670,0.00161380,21509.5
2671,0.00170388,21517.4
2672,0.00160394,21525.6
2673,0.00151500,21533.7
2674,0.00183133,21541.8
2675,0.00156921,21550.1
2676,0.00151420,21558.1
2677,0.00155259,21566.3
2678,0.00176071,21574.4
2679,0.00147954,21582.5
2680,0.00159780,21590.2
2681,0.00165434,21598.4
2682,0.00175586,21606.5
2683,0.00159873,21614.4
2684,0.00170951,21622.3
2685,0.00167204,21630.5
2686,0.00170855,21638.4
2687,0.00151288,21646.6
2688,0.00176257,21654.4
2689,0.00151041,21662.4
2690,0.00172796,21670.2
2691,0.00182466,21678.1
2692,0.00169913,21686.1
2693,0.00175184,21694.1
2694,0.00169299,21702.2
2695,0.00158671,21710.2
2696,0.00169764,21718.6
2697,0.00167794,21726.8
2698,0.00160436,21735.4
2699,0.00169759,21743.6
2700,0.00182540,21751.5
2701,0.00152561,21759.5
2702,0.00164930,21767.3
2703,0.00169199,21775.6
2704,0.00179733,21784.0
2705,0.00154905,21792.1
2706,0.00145677,21800.0
2707,0.00170279,21808.1
2708,0.00169583,21816.3
2709,0.00151956,21824.3
2710,0.00176693,21832.2
2711,0.00174284,21840.5
2712,0.00165213,21848.3
2713,0.00150822,21856.2
2714,0.00156795,21864.1
2715,0.00170988,21871.9
2716,0.00176089,21879.8
2717,0.00142109,21887.9
2718,0.00164123,21895.9
2719,0.00201676,21903.8
2720,0.00153722,21912.0
2721,0.00151873,21919.8
2722,0.00156414,21927.9
2723,0.00168310,21936.1
2724,0.00135545,21943.9
2725,0.00163743,21951.8
2726,0.00166418,21959.7
2727,0.00163981,21967.7
2728,0.00169544,21975.6
2729,0.00174807,21983.8
2730,0.00162813,21992.1
2731,0.00156124,22000.1
2732,0.00162023,22008.1
2733,0.00168663,22016.2
2734,0.00156553,22024.0
2735,0.00146452,22031.9
2736,0.00168272,22039.9
2737,0.00171473,22047.9
2738,0.00163063,22056.2
2739,0.00152689,22064.3
2740,0.00174350,22072.1
2741,0.00152200,22080.1
2742,0.00172809,22088.1
2743,0.00176335,22096.0
2744,0.00172048,22103.9
2745,0.00143118,22112.1
2746,0.00180447,22120.5
2747,0.00174834,22128.6
2748,0.00152582,22136.6
2749,0.00161274,22144.6
2750,0.00173497,22152.8
2751,0.00144305,22160.7
2752,0.00159481,22168.8
2753,0.00159360,22176.8
2754,0.00157353,22185.0
2755,0.00149598,22193.3
2756,0.00170579,22201.5
2757,0.00155485,22209.5
2758,0.00154372,22217.4
2759,0.00147225,22225.4
2760,0.00152089,22233.7
2761,0.00163420,22241.8
2762,0.00190868,22249.8
2763,0.00153012,22257.8
2764,0.00170903,22265.7
2765,0.00164628,22273.7
2766,0.00152364,22281.5
2767,0.00163590,22289.8
2768,0.00161249,22297.7
2769,0.00190179,22305.6
2770,0.00192370,22313.4
2771,0.00158435,22321.5
2772,0.00144145,22329.5
2773,0.00180749,22337.6
2774,0.00165514,22345.6
2775,0.00172224,22353.5
2776,0.00155514,22361.4
2777,0.00154209,22369.4
2778,0.00167736,22377.2
2779,0.00152088,22385.2
2780,0.00142013,22393.6
2781,0.00171427,22401.6
2782,0.00140713,22409.6
2783,0.00184913,22417.7
2784,0.00164604,22425.6
2785,0.00176730,22433.5
2786,0.00161111,22441.4
2787,0.00145643,22449.2
2788,0.00169160,22457.3
2789,0.00172238,22465.2
2790,0.00147029,22473.0
2791,0.00157454,22480.8
2792,0.00138945,22488.8
2793,0.00169189,22496.9
2794,0.00149273,22504.7
2795,0.00153772,22512.7
2796,0.00169318,22520.5
2797,0.00140533,22528.6
2798,0.00144507,22536.6
2799,0.00158620,22544.6
2800,0.00161469,22552.8
2801,0.00190616,22560.6
2802,0.00165637,22568.7
2803,0.00142427,22576.6
2804,0.00158457,22584.7
2805,0.00166541,22592.7
2806,0.00140611,22600.5
2807,0.00171263,22608.5
2808,0.00171275,22616.4
2809,0.00160290,22624.5
2810,0.00138837,22632.8
2811,0.00163913,22640.8
2812,0.00151407,22648.6
2813,0.00138087,22656.5
2814,0.00164457,22664.6
2815,0.00137162,22672.6
2816,0.00145492,22680.7
2817,0.00155369,22688.8
2818,0.00160769,22696.8
2819,0.00174510,22704.8
2820,0.00161565,22712.7
2821,0.00153932,22720.7
2822,0.00164712,22728.8
2823,0.00169892,22736.9
2824,0.00145359,22745.0
2825,0.00155350,22753.0
2826,0.00156387,22761.0
2827,0.00159305,22769.3
2828,0.00162102,22777.2
2829,0.00158577,22785.5
2830,0.00157578,22793.7
2831,0.00180157,22801.9
2832,0.00146448,22810.1
2833,0.00170265,22818.3
2834,0.00151505,22826.4
2835,0.00159460,22834.3
2836,0.00159774,22842.2
2837,0.00164913,22850.5
2838,0.00154676,22858.7
2839,0.00163445,22866.6
2840,0.00138281,22874.9
2841,0.00131888,22882.9
2842,0.00142416,22891.1
2843,0.00190011,22899.2
2844,0.00154904,22907.2
2845,0.00189014,22915.1
2846,0.00152384,22923.3
2847,0.00168391,22931.1
2848,0.00142548,22939.3
2849,0.00142928,22947.2
2850,0.00175172,22955.8
2851,0.00153526,22964.3
2852,0.00160387,22972.3
2853,0.00141752,22980.1
2854,0.00162642,22988.1
2855,0.00177911,22995.9
2856,0.00158462,23003.9
2857,0.00158051,23011.8
2858,0.00143742,23019.9
2859,0.00139527,23027.9
2860,0.00157140,23036.0
2861,0.00149031,23044.1
2862,0.00140524,23052.1
2863,0.00154333,23060.1
2864,0.00163275,23068.0
2865,0.00144498,23075.9
2866,0.00152904,23083.8
2867,0.00140551,23091.7
2868,0.00155289,23099.5
2869,0.00154283,23107.6
2870,0.00154425,23115.7
2871,0.00167345,23123.8
2872,0.00142338,23131.9
2873,0.00143404,23139.8
2874,0.00148879,23147.9
2875,0.00164151,23156.2
2876,0.00155544,23164.1
2877,0.00161957,23172.4
2878,0.00142619,23180.5
2879,0.00145609,23188.5
2880,0.00152516,23196.4
2881,0.00138803,23204.4
2882,0.00152767,23212.4
2883,0.00141520,23220.2
2884,0.00161201,23228.2
2885,0.00153912,23236.2
2886,0.00159246,23244.1
2887,0.00152565,23252.2
2888,0.00150848,23260.3
2889,0.00134987,23268.2
2890,0.00179188,23276.4
2891,0.00151167,23284.4
2892,0.00166833,23292.5
2893,0.00145083,23300.7
2894,0.00161634,23308.6
2895,0.00160238,23316.4
2896,0.00144928,23324.6
2897,0.00142590,23332.5
2898,0.00208693,23340.8
2899,0.00139608,23349.2
2900,0.00151147,23357.4
2901,0.00159898,23365.2
2902,0.00156271,23373.1
2903,0.00140727,23381.2
2904,0.00156430,23389.1
2905,0.00179587,23396.9
2906,0.00146694,23405.3
2907,0.00156422,23413.3
2908,0.00155183,23421.2
2909,0.00131563,23429.2
2910,0.00149966,23437.3
2911,0.00142606,23445.3
2912,0.00153885,23453.1
2913,0.00158502,23461.6
2914,0.00150174,23469.4
2915,0.00166271,23477.2
2916,0.00153905,23485.1
2917,0.00151404,23493.2
2918,0.00152958,23501.3
2919,0.00146506,23509.4
2920,0.00158295,23517.4
2921,0.00135745,23525.4
2922,0.00151211,23533.6
2923,0.00163046,23541.5
2924,0.00150052,23549.5
2925,0.00146898,23557.5
2926,0.00176071,23565.3
2927,0.00154810,23573.4
2928,0.00144256,23581.2
2929,0.00174909,23589.7
2930,0.00202015,23597.5
2931,0.00144167,23605.8
2932,0.00158541,23613.8
2933,0.00188408,23621.9
2934,0.00141725,23629.8
2935,0.00144281,23637.7
2936,0.00138817,23645.8
2937,0.00143552,23653.8
2938,0.00158557,23661.8
2939,0.00145541,23670.0
2940,0.00162922,23678.0
2941,0.00176261,23686.4
2942,0.00145139,23694.4
2943,0.00151030,23702.4
2944,0.00124540,23710.3
2945,0.00160494,23718.2
2946,0.00137609,23726.1
2947,0.00154784,23734.3
2948,0.00160915,23742.3
2949,0.00152093,23750.4
2950,0.00147088,23758.5
2951,0.00145411,23766.5
2952,0.00179278,23774.4
2953,0.00157989,23782.5
2954,0.00156423,23790.4
2955,0.00137965,23798.2
2956,0.00150712,23806.3
2957,0.00151592,23814.3
2958,0.00145627,23822.7
2959,0.00141604,23830.5
2960,0.00142690,23838.5
2961,0.00174135,23846.5
2962,0.00143829,23854.3
2963,0.00137923,23862.6
2964,0.00153036,23870.9
2965,0.00164132,23879.3
2966,0.00151927,23887.4
2967,0.00126502,23895.8
2968,0.00119127,23903.6
2969,0.00163042,23911.6
2970,0.00144192,23919.4
2971,0.00139506,23927.4
2972,0.00140858,23935.2
2973,0.00152771,23943.5
2974,0.00158852,23951.8
2975,0.00146225,23960.1
2976,0.00150473,23968.6
2977,0.00133992,23976.7
2978,0.00147252,23984.6
2979,0.00144979,23992.8
2980,0.00170024,24001.0
2981,0.00142269,24008.9
2982,0.00154028,24017.0
2983,0.00139375,24025.1
2984,0.00152680,24033.0
2985,0.00144299,24041.2
2986,0.00145250,24049.1
2987,0.00133321,24057.1
2988,0.00161546,24065.1
2989,0.00164820,24072.9
2990,0.00155669,24080.9
2991,0.00138925,24088.9
2992,0.00135635,24097.2
2993,0.00147449,24105.2
2994,0.00147084,24113.4
2995,0.00153425,24121.2
2996,0.00145929,24129.2
2997,0.00128606,24137.1
2998,0.00137992,24145.1
2999,0.00145577,24152.9
3000,0.00157173,24161.5
3001,0.00150191,24169.7
3002,0.00139441,24177.9
3003,0.00187789,24186.2
3004,0.00126557,24194.4
3005,0.00135693,24202.3
3006,0.00156442,24210.2
3007,0.00147959,24218.6
3008,0.00135621,24226.7
3009,0.00138671,24234.8
3010,0.00141138,24242.8
3011,0.00143569,24250.8
3012,0.00146415,24258.6
3013,0.00151569,24266.5
3014,0.00123894,24274.3
3015,0.00134255,24282.1
3016,0.00149849,24290.1
3017,0.00158250,24298.3
3018,0.00136940,24306.3
3019,0.00140983,24314.4
3020,0.00140596,24322.6
3021,0.00127960,24330.8
3022,0.00150659,24338.7
3023,0.00138778,24346.6
3024,0.00138377,24354.8
3025,0.00151848,24362.6
3026,0.00164044,24371.0
3027,0.00121785,24378.8
3028,0.00142163,24387.2
3029,0.00140547,24395.0
3030,0.00150464,24403.0
3031,0.00146882,24411.8
3032,0.00133501,24419.7
3033,0.00180961,24427.5
3034,0.00164176,24435.6
3035,0.00156016,24443.8
3036,0.00126244,24451.8
3037,0.00138341,24459.6
3038,0.00138158,24467.6
3039,0.00156058,24475.8
3040,0.00131205,24483.8
3041,0.00157048,24491.7
3042,0.00131514,24499.8
3043,0.00141010,24507.6
3044,0.00137121,24515.9
3045,0.00123011,24524.0
3046,0.00161861,24531.9
3047,0.00159913,24539.9
3048,0.00147308,24548.1
3049,0.00133860,24556.1
3050,0.00134248,24564.2
3051,0.00141954,24572.5
3052,0.00135736,24580.5
3053,0.00119960,24588.6
3054,0.00153308,24596.5
3055,0.00154357,24604.4
3056,0.00150248,24612.6
3057,0.00150716,24620.6
3058,0.00144127,24628.5
3059,0.00123495,24637.1
3060,0.00129068,24645.0
3061,0.00134643,24652.9
3062,0.00130341,24660.8
3063,0.00152107,24668.9
3064,0.00155058,24677.0
3065,0.00143856,24684.9
3066,0.00127676,24692.8
3067,0.00143980,24700.9
3068,0.00135016,24709.3
3069,0.00140479,24717.4
3070,0.00128101,24725.5
3071,0.00145306,24733.5
3072,0.00145524,24741.7
3073,0.00119467,24750.1
3074,0.00132186,24758.1
3075,0.00127981,24766.1
3076,0.00151048,24774.1
3077,0.00141803,24782.5
3078,0.00119311,24790.4
3079,0.00155093,24798.2
3080,0.00134656,24806.5
3081,0.00141048,24814.8
3082,0.00140446,24822.9
3083,0.00138227,24831.1
3084,0.00134774,24839.2
3085,0.00133614,24847.2
3086,0.00151644,24855.0
3087,0.00145856,24863.0
3088,0.00129425,24871.2
3089,0.00139638,24879.1
3090,0.00119037,24886.9
3091,0.00143014,24894.9
3092,0.00147786,24903.0
3093,0.00136390,24911.1
3094,0.00148429,24919.1
3095,0.00132115,24927.2
3096,0.00140073,24935.0
3097,0.00121952,24942.9
3098,0.00154910,24950.9
3099,0.00126793,24958.9
3100,0.00166040,24967.2
3101,0.00136121,24975.4
3102,0.00130683,24983.3
3103,0.00143906,24991.1
3104,0.00142511,24999.4
3105,0.00137579,25007.3
3106,0.00120912,25015.7
3107,0.00154106,25023.7
3108,0.00127732,25031.5
3109,0.00150028,25039.5
3110,0.00144183,25047.3
3111,0.00140529,25055.4
3112,0.00134962,25063.7
3113,0.00137718,25071.6
3114,0.00135545,25079.7
3115,0.00143999,25087.8
3116,0.00134454,25095.7
3117,0.00131883,25103.7
3118,0.00119600,25111.8
3119,0.00156051,25119.6
3120,0.00128978,25127.7
3121,0.00130701,25135.9
3122,0.00129627,25143.9
3123,0.00138186,25152.1
3124,0.00126122,25160.0
3125,0.00147099,25168.0
3126,0.00128766,25175.9
3127,0.00144168,25184.1
3128,0.00134311,25192.1
3129,0.00140548,25200.3
3130,0.00126014,25208.8
3131,0.00140146,25216.7
3132,0.00139798,25224.6
3133,0.00153013,25232.3
3134,0.00122294,25240.2
3135,0.00138228,25248.1
3136,0.00130394,25256.1
3137,0.00128227,25263.9
3138,0.00159891,25271.8
3139,0.00143972,25279.9
3140,0.00148405,25287.7
3141,0.00123850,25296.0
3142,0.00124928,25304.3
3143,0.00140158,25312.4
3144,0.00134890,25320.2
3145,0.00128604,25328.3
3146,0.00139997,25336.7
3147,0.00119824,25345.0
3148,0.00132297,25352.9
3149,0.00122445,25360.8
3150,0.00132965,25368.8
3151,0.00130302,25377.3
3152,0.00136002,25385.3
3153,0.00138655,25393.2
3154,0.00141555,25401.1
3155,0.00140004,25408.9
3156,0.00179617,25416.8
3157,0.00156092,25424.8
3158,0.00136108,25432.6
3159,0.00137447,25440.7
3160,0.00145630,25448.7
3161,0.00134356,25457.2
3162,0.00136736,25465.1
3163,0.00142431,25473.1
3164,0.00139880,25481.1
3165,0.00141904,25489.1
3166,0.00149294,25497.1
3167,0.00142638,25505.3
3168,0.00145292,25513.4
3169,0.00136817,25521.5
3170,0.00141188,25529.6
3171,0.00146090,25537.9
3172,0.00137481,25545.7
3173,0.00125278,25553.9
3174,0.00141913,25562.2
3175,0.00135478,25570.4
3176,0.00137022,25578.2
3177,0.00134807,25586.4
3178,0.00132154,25594.3
3179,0.00116735,25602.3
3180,0.00137531,25610.3
3181,0.00141433,25618.2
3182,0.00134514,25626.2
3183,0.00152363,25634.0
3184,0.00125260,25641.8
3185,0.00148427,25649.8
3186,0.00118915,25657.7
3187,0.00128356,25665.5
3188,0.00148591,25673.5
3189,0.00151223,25681.7
3190,0.00132103,25689.8
3191,0.00140427,25697.7
3192,0.00135603,25705.8
3193,0.00145030,25713.8
3194,0.00146840,25722.1
3195,0.00132861,25730.2
3196,0.00137019,25738.4
3197,0.00141961,25746.7
3198,0.00124915,25755.1
3199,0.00139607,25763.2
3200,0.00130221,25771.1
3201,0.00123334,25779.1
3202,0.00146419,25787.1
3203,0.00129205,25794.9
3204,0.00134740,25803.0
3205,0.00159735,25810.9
3206,0.00119652,25818.9
3207,0.00133308,25827.1
3208,0.00135172,25835.1
3209,0.00140214,25843.2
3210,0.00134555,25851.2
3211,0.00145125,25859.5
3212,0.00138800,25867.3
3213,0.00131329,25875.4
3214,0.00122825,25883.2
3215,0.00127444,25891.0
3216,0.00130005,25899.0
3217,0.00124095,25907.2
3218,0.00138133,25915.2
3219,0.00127057,25923.2
3220,0.00121555,25931.4
3221,0.00116875,25939.3
3222,0.00130780,25947.7
3223,0.00124584,25955.7
3224,0.00134488,25964.0
3225,0.00126283,25972.4
3226,0.00147033,25980.6
3227,0.00133823,25988.7
3228,0.00132090,25996.5
3229,0.00128627,26004.6
3230,0.00140262,26012.8
3231,0.00128109,26021.2
3232,0.00125323,26029.3
3233,0.00116328,26037.4
3234,0.00134516,26045.3
3235,0.00131328,26053.3
3236,0.00144302,26061.2
3237,0.00128882,26069.2
3238,0.00135865,26077.4
3239,0.00171558,26085.3
3240,0.00134899,26093.3
3241,0.00127294,26101.6
3242,0.00120682,26109.6
3243,0.00118973,26117.5
3244,0.00142758,26125.6
3245,0.00132690,26133.6
3246,0.00123754,26141.5
3247,0.00136543,26149.7
3248,0.00126799,26157.6
3249,0.00148770,26165.5
3250,0.00132338,26173.6
3251,0.00125661,26181.7
3252,0.00147474,26189.8
3253,0.00126019,26197.9
3254,0.00122995,26205.9
3255,0.00154667,26214.0
3256,0.00121411,26221.8
3257,0.00118351,26230.2
3258,0.00126932,26238.1
3259,0.00116689,26246.0
3260,0.00147273,26253.9
3261,0.00138461,26261.8
3262,0.00125588,26269.7
3263,0.00109813,26277.7
3264,0.00133040,26285.6
3265,0.00118130,26293.7
3266,0.00121875,26301.6
3267,0.00124527,26309.9
3268,0.00134683,26317.8
3269,0.00118967,26326.0
3270,0.00123205,26334.1
3271,0.00129936,26342.4
3272,0.00123612,26350.3
3273,0.00106433,26358.4
3274,0.00126190,26366.4
3275,0.00149625,26374.3
3276,0.00139368,26382.5
3277,0.00126829,26390.3
3278,0.00106688,26398.3
3279,0.00125355,26406.1
3280,0.00154451,26413.9
3281,0.00123696,26421.9
3282,0.00130948,26429.9
3283,0.00135433,26437.8
3284,0.00139543,26445.9
3285,0.00125049,26453.8
3286,0.00132882,26461.8
3287,0.00117111,26470.0
3288,0.00126299,26478.0
3289,0.00120567,26485.9
3290,0.00113057,26493.7
3291,0.00148261,26501.8
3292,0.00117971,26509.7
3293,0.00126262,26517.9
3294,0.00119952,26526.0
3295,0.00118902,26534.0
3296,0.00118640,26542.0
3297,0.00144121,26549.9
3298,0.00111037,26558.1
3299,0.00132600,26566.0
3300,0.00123833,26574.0
3301,0.00128765,26582.0
3302,0.00151658,26590.0
3303,0.00117445,26598.0
3304,0.00115995,26605.9
3305,0.00129118,26613.9
3306,0.00133564,26621.9
3307,0.00150419,26629.8
3308,0.00128620,26637.8
3309,0.00121551,26646.0
3310,0.00140739,26653.9
3311,0.00119682,26662.1
3312,0.00131157,26670.0
3313,0.00123438,26677.9
3314,0.00123131,26686.0
3315,0.00135985,26694.1
3316,0.00144936,26702.0
3317,0.00124447,26709.9
3318,0.00115018,26718.2
3319,0.00110220,26726.3
3320,0.00151671,26734.3
3321,0.00110438,26742.3
3322,0.00105060,26750.1
3323,0.00117779,26758.1
3324,0.00120576,26766.5
3325,0.00131251,26774.6
3326,0.00136953,26782.5
3327,0.00124185,26790.6
3328,0.00135599,26798.8
3329,0.00125292,26807.1
3330,0.00113077,26815.4
3331,0.00127944,26823.4
3332,0.00116437,26831.7
3333,0.00130498,26839.5
3334,0.00128789,26847.6
3335,0.00124108,26855.4
3336,0.00112340,26863.2
3337,0.00119521,26871.6
3338,0.00119601,26879.7
3339,0.00148525,26887.8
3340,0.00148075,26895.9
3341,0.00113151,26903.8
3342,0.00128593,26912.0
3343,0.00138104,26920.1
3344,0.00122225,26928.0
3345,0.00131936,26936.1
3346,0.00121587,26944.1
3347,0.00122552,26952.1
3348,0.00125337,26960.2
3349,0.00119100,26968.3
3350,0.00105831,26976.2
3351,0.00119564,26984.3
3352,0.00120028,26992.3
3353,0.00122652,27000.3
3354,0.00133594,27008.3
3355,0.00124612,27016.3
3356,0.00134486,27024.3
3357,0.00132936,27032.4
3358,0.00119488,27040.2
3359,0.00126085,27048.1
3360,0.00151291,27056.2
3361,0.00131245,27064.2
3362,0.00130203,27072.2
3363,0.00120305,27080.1
3364,0.00117746,27088.1
3365,0.00119855,27096.6
3366,0.00139060,27104.5
3367,0.00121873,27112.8
3368,0.00138498,27121.1
3369,0.00134910,27129.1
3370,0.00120719,27137.1
3371,0.00146267,27145.1
3372,0.00126215,27153.0
3373,0.00116493,27160.9
3374,0.00136883,27169.3
3375,0.00153671,27177.5
3376,0.00153122,27185.8
3377,0.00119862,27193.8
3378,0.00107828,27201.6
3379,0.00128116,27209.4
3380,0.00116476,27217.3
3381,0.00146328,27225.5
3382,0.00122309,27233.9
3383,0.00121741,27241.8
3384,0.00131025,27250.0
3385,0.00117672,27257.9
3386,0.00118971,27266.0
3387,0.00140676,27273.9
3388,0.00112785,27281.9
3389,0.00124369,27290.0
3390,0.00128851,27298.0
3391,0.00115899,27305.9
3392,0.00118550,27313.7
3393,0.00121279,27321.7
3394,0.00144100,27329.9
3395,0.00109314,27337.8
3396,0.00162401,27345.8
3397,0.00128890,27353.6
3398,0.00125465,27361.6
3399,0.00132112,27369.6
3400,0.00129970,27377.6
3401,0.00114673,27385.6
3402,0.00124205,27393.8
3403,0.00107913,27402.2
3404,0.00125555,27410.1
3405,0.00144774,27418.2
3406,0.00118877,27426.3
3407,0.00123260,27434.4
3408,0.00119795,27442.3
3409,0.00122242,27450.2
3410,0.00136703,27458.0
3411,0.00127257,27465.9
3412,0.00150839,27473.9
3413,0.00124791,27481.9
3414,0.00121422,27489.8
3415,0.00130857,27497.8
3416,0.00124940,27505.8
3417,0.00115287,27514.0
3418,0.00120212,27522.0
3419,0.00120417,27530.0
3420,0.00109467,27537.8
3421,0.00117454,27545.8
3422,0.00125202,27553.8
3423,0.00134550,27561.7
3424,0.00121280,27570.2
3425,0.00153894,27578.2
3426,0.00125979,27587.0
3427,0.00129241,27595.1
3428,0.00130258,27603.0
3429,0.00135714,27611.2
3430,0.00131967,27619.1
3431,0.00124877,27627.1
3432,0.00105352,27635.3
3433,0.00119992,27643.3
3434,0.00122202,27651.3
3435,0.00117285,27659.2
3436,0.00110571,27667.4
3437,0.00121291,27675.4
3438,0.00114849,27683.3
3439,0.00117850,27691.3
3440,0.00121555,27699.1
3441,0.00125884,27707.2
3442,0.00104218,27715.0
3443,0.00111295,27723.1
3444,0.00121562,27731.5
3445,0.00127626,27739.7
3446,0.00130512,27747.7
3447,0.00115009,27755.5
3448,0.00130685,27763.6
3449,0.00122693,27771.5
3450,0.00123115,27779.7
3451,0.00124431,27788.1
3452,0.00112148,27796.2
3453,0.00126232,27804.4
3454,0.00122378,27812.2
3455,0.00114209,27820.2
3456,0.00120480,27828.2
3457,0.00110329,27836.4
3458,0.00123306,27844.4
3459,0.00112259,27852.6
3460,0.00131164,27860.6
3461,0.00122782,27868.8
3462,0.00137696,27876.6
3463,0.00120509,27884.5
3464,0.00123008,27892.5
3465,0.00114578,27900.4
3466,0.00110031,27908.4
3467,0.00128502,27916.3
3468,0.00132279,27924.2
3469,0.00113647,27932.3
3470,0.00105504,27940.2
3471,0.00120837,27948.2
3472,0.00112710,27956.1
3473,0.00116308,27964.2
3474,0.00108493,27972.6
3475,0.00126325,27980.6
3476,0.00126649,27988.5
3477,0.00119522,27996.4
3478,0.00103145,28004.3
3479,0.00119786,28012.4
3480,0.00112219,28020.4
3481,0.00127480,28028.5
3482,0.00126458,28036.3
3483,0.00109494,28044.5
3484,0.00106656,28052.4
3485,0.00119662,28060.2
3486,0.00115777,28068.1
3487,0.00121851,28076.1
3488,0.00125736,28084.0
3489,0.00141551,28091.9
3490,0.00111167,28100.1
3491,0.00117381,28108.2
3492,0.00121559,28116.7
3493,0.00123869,28124.5
3494,0.00125210,28132.4
3495,0.00108822,28140.6
3496,0.00111549,28148.6
3497,0.00109789,28156.8
3498,0.00136616,28165.0
3499,0.00108302,28172.9
3500,0.00126771,28181.1
3501,0.00128216,28189.1
3502,0.00132722,28197.0
3503,0.00128280,28205.0
3504,0.00107271,28213.0
3505,0.00115405,28221.5
3506,0.00115393,28229.5
3507,0.00127025,28237.6
3508,0.00144336,28245.5
3509,0.00108675,28253.4
3510,0.00122043,28261.4
3511,0.00125398,28269.2
3512,0.00112539,28277.0
3513,0.00112954,28285.1
3514,0.00116543,28293.1
3515,0.00115744,28302.0
3516,0.00101823,28310.0
3517,0.00133148,28318.0
3518,0.00132730,28326.1
3519,0.00128575,28334.0
3520,0.00116678,28342.1
3521,0.00120735,28350.4
3522,0.00097339,28358.2
3523,0.00122880,28366.3
3524,0.00122720,28374.2
3525,0.00115343,28382.1
3526,0.00115495,28390.1
3527,0.00119083,28398.3
3528,0.00108001,28406.3
3529,0.00132896,28414.4
3530,0.00120906,28422.4
3531,0.00125514,28430.6
3532,0.00124945,28439.0
3533,0.00095830,28446.9
3534,0.00123922,28454.8
3535,0.00120866,28463.0
3536,0.00132982,28471.0
3537,0.00114907,28479.2
3538,0.00130749,28487.5
3539,0.00134055,28495.4
3540,0.00108717,28503.6
3541,0.00122595,28511.6
3542,0.00120935,28519.7
3543,0.00135336,28527.8
3544,0.00122651,28535.7
3545,0.00115908,28544.0
3546,0.00129421,28552.0
3547,0.00131573,28560.2
3548,0.00119872,28568.5
3549,0.00108110,28576.8
3550,0.00119607,28585.1
3551,0.00110789,28593.1
3552,0.00114926,28600.9
3553,0.00121692,28608.8
3554,0.00110653,28616.7
3555,0.00118026,28624.6
3556,0.00111284,28632.6
3557,0.00113880,28640.4
3558,0.00109289,28648.3
3559,0.00124614,28656.4
3560,0.00119199,28665.0
3561,0.00125022,28672.9
3562,0.00112834,28680.8
3563,0.00107254,28688.7
3564,0.00129698,28696.7
3565,0.00123238,28705.0
3566,0.00136133,28712.9
3567,0.00104414,28721.0
3568,0.00119996,28729.8
3569,0.00123886,28737.7
3570,0.00110160,28745.9
3571,0.00117793,28753.9
3572,0.00128416,28761.8
3573,0.00123063,28769.7
3574,0.00113864,28777.8
3575,0.00113108,28786.0
3576,0.00116340,28794.0
3577,0.00128715,28802.2
3578,0.00115793,28810.3
3579,0.00115014,28818.4
3580,0.00108919,28826.5
3581,0.00143586,28834.4
3582,0.00110156,28842.3
3583,0.00105085,28850.2
3584,0.00112545,28858.2
3585,0.00122193,28866.7
3586,0.00115567,28874.7
3587,0.00122735,28882.6
3588,0.00117236,28890.8
3589,0.00102602,28898.7
3590,0.00117047,28906.8
3591,0.00132110,28914.7
3592,0.00113902,28922.8
3593,0.00111317,28931.5
3594,0.00110356,28939.8
3595,0.00115585,28948.0
3596,0.00118959,28955.8
3597,0.00103784,28963.9
3598,0.00124103,28971.9
3599,0.00104453,28980.1
3600,0.00123291,28988.3
3601,0.00105999,28996.5
3602,0.00116447,29004.3
3603,0.00137976,29012.4
3604,0.00112046,29020.5
3605,0.00113861,29028.3
3606,0.00115226,29036.4
3607,0.00099332,29044.5
3608,0.00097655,29052.7
3609,0.00115293,29061.0
3610,0.00103797,29068.8
3611,0.00119010,29077.2
3612,0.00108880,29085.0
3613,0.00106952,29092.9
3614,0.00127172,29101.1
3615,0.00121733,29109.6
3616,0.00114927,29117.5
3617,0.00105760,29125.4
3618,0.00120806,29133.4
3619,0.00100888,29141.3
3620,0.00119329,29149.3
3621,0.00123681,29157.5
3622,0.00112348,29165.6
3623,0.00117450,29173.5
3624,0.00110680,29181.3
3625,0.00117056,29189.4
3626,0.00107190,29197.2
3627,0.00098767,29205.4
3628,0.00118901,29213.3
3629,0.00134738,29221.6
3630,0.00117894,29229.5
3631,0.00103353,29237.9
3632,0.00126562,29246.2
3633,0.00114466,29254.1
3634,0.00099495,29262.0
3635,0.00133907,29269.9
3636,0.00100491,29277.7
3637,0.00117612,29286.2
3638,0.00107055,29294.4
3639,0.00096640,29302.6
3640,0.00123966,29310.5
3641,0.00126336,29318.5
3642,0.00103715,29326.5
3643,0.00115520,29334.5
3644,0.00119789,29342.5
3645,0.00100453,29350.8
3646,0.00111842,29358.8
3647,0.00102457,29367.0
3648,0.00111025,29375.1
3649,0.00111824,29383.1
3650,0.00109421,29391.1
3651,0.00104224,29398.9
3652,0.00112335,29406.8
3653,0.00131277,29414.9
3654,0.00097571,29422.9
3655,0.00130234,29431.0
3656,0.00106310,29439.0
3657,0.00101393,29447.1
3658,0.00129884,29455.2
3659,0.00099798,29463.0
3660,0.00113901,29470.8
3661,0.00114630,29478.7
3662,0.00121626,29487.1
3663,0.00109312,29494.9
3664,0.00120591,29502.8
3665,0.00109224,29511.0
3666,0.00124781,29518.9
3667,0.00104926,29526.9
3668,0.00096192,29534.8
3669,0.00128068,29543.1
3670,0.00114168,29551.2
3671,0.00110710,29559.1
3672,0.00112677,29567.3
3673,0.00104638,29575.5
3674,0.00115522,29583.4
3675,0.00104594,29591.5
3676,0.00099587,29599.7
3677,0.00096986,29607.5
3678,0.00120350,29615.4
3679,0.00099979,29623.3
3680,0.00121825,29631.6
3681,0.00111141,29639.8
3682,0.00112005,29647.8
3683,0.00105035,29655.8
3684,0.00100851,29664.0
3685,0.00126106,29672.0
3686,0.00135727,29679.8
3687,0.00109955,29687.8
3688,0.00120830,29695.9
3689,0.00098143,29703.9
3690,0.00113103,29711.7
3691,0.00104707,29719.7
3692,0.00112850,29727.7
3693,0.00101246,29735.6
3694,0.00102426,29743.7
3695,0.00104829,29752.1
3696,0.00114320,29760.0
3697,0.00126221,29768.0
3698,0.00120601,29776.1
3699,0.00107206,29783.9
3700,0.00113707,29791.8
3701,0.00110330,29799.8
3702,0.00112575,29807.7
3703,0.00097195,29815.9
3704,0.00101841,29823.8
3705,0.00101745,29832.1
3706,0.00116210,29839.9
3707,0.00104507,29848.3
3708,0.00120035,29856.2
3709,0.00114751,29864.4
3710,0.00112001,29872.3
3711,0.00109334,29880.1
3712,0.00101675,29888.1
3713,0.00106637,29896.5
3714,0.00099754,29904.8
3715,0.00113390,29912.6
3716,0.00131490,29920.5
3717,0.00116339,29928.6
3718,0.00100198,29936.8
3719,0.00114041,29944.8
3720,0.00117588,29952.7
3721,0.00118947,29960.8
3722,0.00114269,29968.7
3723,0.00113809,29976.9
3724,0.00104409,29985.3
3725,0.00113888,29993.2
3726,0.00103963,30001.2
3727,0.00098093,30009.1
3728,0.00118367,30017.0
3729,0.00133473,30025.1
3730,0.00122699,30033.1
3731,0.00104737,30040.9
3732,0.00136113,30048.9
3733,0.00101979,30056.7
3734,0.00101348,30064.7
3735,0.00110194,30072.8
3736,0.00111465,30080.8
3737,0.00108756,30089.0
3738,0.00109466,30097.0
3739,0.00108619,30105.0
3740,0.00105038,30113.2
3741,0.00118689,30121.1
3742,0.00095512,30129.1
3743,0.00119103,30137.2
3744,0.00107492,30145.3
3745,0.00118380,30153.4
3746,0.00099347,30161.4
3747,0.00114023,30169.3
3748,0.00106708,30177.2
3749,0.00096109,30185.1
3750,0.00102103,30193.3
3751,0.00108544,30201.6
3752,0.00100594,30209.5
3753,0.00122508,30217.7
3754,0.00104416,30225.7
3755,0.00114526,30233.7
3756,0.00112216,30241.8
3757,0.00112190,30249.8
3758,0.00117642,30258.0
3759,0.00104208,30266.1
3760,0.00126689,30274.3
3761,0.00105486,30282.3
3762,0.00101572,30290.2
3763,0.00125594,30298.0
3764,0.00116159,30306.2
3765,0.00101471,30314.1
3766,0.00120296,30322.1
3767,0.00133191,30330.6
3768,0.00111269,30338.5
3769,0.00106774,30346.5
3770,0.00124128,30354.4
3771,0.00114041,30362.7
3772,0.00096281,30370.5
3773,0.00098124,30378.6
3774,0.00107866,30386.7
3775,0.00104789,30394.6
3776,0.00117699,30402.5
3777,0.00106065,30410.4
3778,0.00143651,30418.3
3779,0.00118857,30426.4
3780,0.00107360,30434.3
3781,0.00096381,30442.3
3782,0.00106526,30450.7
3783,0.00102745,30458.6
3784,0.00129991,30466.4
3785,0.00110654,30474.7
3786,0.00112957,30483.2
3787,0.00106037,30491.0
3788,0.00119282,30499.3
3789,0.00103883,30507.3
3790,0.00107287,30515.1
3791,0.00105979,30523.3
3792,0.00109101,30531.1
3793,0.00112600,30539.1
3794,0.00101799,30547.7
3795,0.00139482,30555.8
3796,0.00106719,30563.8
3797,0.00120417,30572.0
3798,0.00110251,30580.1
3799,0.00109567,30588.2
3800,0.00104000,30596.1
3801,0.00101613,30604.3
3802,0.00103324,30612.1
3803,0.00106913,30620.5
3804,0.00115701,30628.5
3805,0.00107038,30636.4
3806,0.00094807,30644.5
3807,0.00103248,30652.5
3808,0.00104460,30660.3
3809,0.00111606,30668.1
3810,0.00113862,30676.3
3811,0.00099520,30684.6
3812,0.00103852,30692.8
3813,0.00093034,30701.2
3814,0.00118117,30709.8
3815,0.00116076,30717.8
3816,0.00122851,30725.8
3817,0.00099707,30733.7
3818,0.00105923,30741.9
3819,0.00101387,30749.9
3820,0.00113396,30757.8
3821,0.00112602,30765.7
3822,0.00107294,30773.9
3823,0.00104585,30781.8
3824,0.00093091,30790.0
3825,0.00100024,30797.9
3826,0.00100363,30806.2
3827,0.00118961,30814.5
3828,0.00107084,30822.5
3829,0.00092424,30830.4
3830,0.00118237,30838.7
3831,0.00096546,30846.5
3832,0.00105870,30854.7
3833,0.00098531,30862.6
3834,0.00108490,30870.6
3835,0.00092756,30878.7
3836,0.00104374,30886.6
3837,0.00102316,30894.6
3838,0.00109317,30902.4
3839,0.00112593,30910.7
3840,0.00098654,30919.1
3841,0.00108245,30927.3
3842,0.00101011,30935.2
3843,0.00108445,30943.3
3844,0.00107532,30951.3
3845,0.00110225,30959.3
3846,0.00113148,30967.1
3847,0.00099224,30975.1
3848,0.00100179,30983.1
3849,0.00103283,30991.5
3850,0.00113911,30999.4
3851,0.00109213,31007.4
3852,0.00106606,31015.6
3853,0.00123877,31023.6
3854,0.00104293,31031.6
3855,0.00090105,31039.6
3856,0.00115812,31047.9
3857,0.00105601,31056.1
3858,0.00101696,31064.5
3859,0.00095450,31072.4
3860,0.00109086,31080.4
3861,0.00106116,31088.8
3862,0.00108621,31096.9
3863,0.00102926,31105.2
3864,0.00113383,31113.3
3865,0.00118067,31121.5
3866,0.00112040,31129.5
3867,0.00099735,31137.4
3868,0.00118591,31145.4
3869,0.00089418,31153.5
3870,0.00107631,31161.6
3871,0.00097525,31169.6
3872,0.00096886,31177.4
3873,0.00105094,31185.7
3874,0.00088974,31194.0
3875,0.00100043,31202.1
3876,0.00090729,31210.1
3877,0.00115224,31218.0
3878,0.00116485,31226.1
3879,0.00093842,31234.0
3880,0.00094258,31242.2
3881,0.00107410,31250.0
3882,0.00102428,31258.2
3883,0.00104434,31266.0
3884,0.00110825,31274.0
3885,0.00116584,31282.7
3886,0.00153041,31290.7
3887,0.00089503,31298.6
3888,0.00089703,31306.5
3889,0.00098860,31314.3
3890,0.00115713,31322.5
3891,0.00119527,31330.4
3892,0.00116654,31338.3
3893,0.00090494,31346.2
3894,0.00114201,31354.1
3895,0.00100382,31362.4
3896,0.00107687,31370.6
3897,0.00104818,31378.6
3898,0.00097013,31386.6
3899,0.00094810,31394.4
3900,0.00112908,31402.6
3901,0.00102669,31410.6
3902,0.00123955,31418.6
3903,0.00106790,31426.5
3904,0.00123075,31434.7
3905,0.00104750,31442.7
3906,0.00110372,31450.8
3907,0.00093519,31458.9
3908,0.00096664,31467.2
3909,0.00103699,31475.1
3910,0.00099238,31483.0
3911,0.00116956,31491.1
3912,0.00104780,31498.9
3913,0.00091889,31506.8
3914,0.00133092,31515.0
3915,0.00110729,31523.1
3916,0.00096873,31531.1
3917,0.00093311,31539.4
3918,0.00104486,31547.4
3919,0.00099474,31555.5
3920,0.00106072,31563.4
3921,0.00096843,31571.4
3922,0.00104734,31579.5
3923,0.00108530,31587.5
3924,0.00114648,31595.6
3925,0.00097299,31603.5
3926,0.00128610,31611.6
3927,0.00093026,31619.4
3928,0.00093354,31627.4
3929,0.00100209,31635.3
3930,0.00113384,31643.6
3931,0.00108449,31651.5
3932,0.00107502,31659.3
3933,0.00092317,31667.1
3934,0.00112598,31674.9
3935,0.00086406,31682.9
3936,0.00119642,31690.9
3937,0.00099377,31699.3
3938,0.00095650,31707.1
3939,0.00113731,31715.0
3940,0.00107121,31723.0
3941,0.00089674,31730.9
3942,0.00106464,31738.7
3943,0.00105448,31746.8
3944,0.00122708,31754.9
3945,0.00096098,31762.9
3946,0.00105277,31771.1
3947,0.00104562,31779.1
3948,0.00108934,31787.3
3949,0.00097983,31795.2
3950,0.00093950,31803.2
3951,0.00106586,31811.4
3952,0.00116904,31819.3
3953,0.00103673,31827.7
3954,0.00093600,31835.8
3955,0.00107596,31843.8
3956,0.00090270,31851.8
3957,0.00100407,31860.0
3958,0.00100387,31868.2
3959,0.00092956,31876.1
3960,0.00123452,31884.3
3961,0.00093769,31892.3
3962,0.00098863,31900.2
3963,0.00116694,31908.4
3964,0.00110477,31916.5
3965,0.00109964,31925.1
3966,0.00096159,31933.1
3967,0.00096942,31941.0
3968,0.00089358,31949.0
3969,0.00099128,31956.9
3970,0.00133934,31964.7
3971,0.00108047,31972.8
3972,0.00101895,31980.8
3973,0.00121175,31989.0
3974,0.00086110,31996.9
3975,0.00111007,32005.1
3976,0.00120093,32013.0
3977,0.00104420,32020.9
3978,0.00107667,32028.7
3979,0.00095039,32036.7
3980,0.00101941,32045.0
3981,0.00100207,32052.8
3982,0.00094976,32060.8
3983,0.00116277,32069.0
3984,0.00096651,32077.4
3985,0.00094234,32085.2
3986,0.00099960,32093.3
3987,0.00085752,32101.8
3988,0.00096518,32110.0
3989,0.00103334,32117.9
3990,0.00112935,32126.1
3991,0.00107630,32134.2
3992,0.00121393,32142.1
3993,0.00099542,32150.0
3994,0.00084508,32157.9
3995,0.00098779,32166.1
3996,0.00096705,32174.1
3997,0.00110212,32182.4
3998,0.00098437,32190.9
3999,0.00099472,32198.9
4000,0.00095329,32207.0
4001,0.00082829,32215.0
4002,0.00111665,32222.8
4003,0.00105614,32230.8
4004,0.00094890,32238.8
4005,0.00095087,32246.6
4006,0.00111715,32254.5
4007,0.00094426,32262.5
4008,0.00091299,32270.6
4009,0.00104466,32278.6
4010,0.00094558,32286.5
4011,0.00102342,32294.7
4012,0.00094253,32302.5
4013,0.00104361,32310.5
4014,0.00105579,32318.6
4015,0.00100193,32326.9
4016,0.00101914,32335.4
4017,0.00089823,32343.3
4018,0.00097455,32351.3
4019,0.00104637,32359.2
4020,0.00098347,32367.1
4021,0.00091408,32375.0
4022,0.00090251,32383.0
4023,0.00104736,32391.0
4024,0.00106053,32399.0
4025,0.00107539,32406.8
4026,0.00109727,32414.7
4027,0.00099938,32422.6
4028,0.00096865,32430.5
4029,0.00096241,32438.8
4030,0.00092970,32446.8
4031,0.00088944,32454.8
4032,0.00102982,32462.7
4033,0.00105941,32471.0
4034,0.00080879,32479.0
4035,0.00103205,32486.8
4036,0.00110029,32494.6
4037,0.00084459,32503.1
4038,0.00092990,32511.0
4039,0.00093910,32519.4
4040,0.00125433,32527.3
4041,0.00096660,32535.5
4042,0.00107178,32543.8
4043,0.00111640,32552.1
4044,0.00102504,32560.0
4045,0.00090853,32568.0
4046,0.00121402,32575.9
4047,0.00125022,32583.8
4048,0.00089322,32592.1
4049,0.00088583,32600.2
4050,0.00102676,32608.3
4051,0.00113256,32616.1
4052,0.00109372,32624.2
4053,0.00088999,32632.3
4054,0.00097301,32640.8
4055,0.00097602,32648.7
4056,0.00108172,32656.9
4057,0.00109133,32665.1
4058,0.00119546,32673.1
4059,0.00085306,32680.9
4060,0.00093533,32688.8
4061,0.00102473,32697.0
4062,0.00123094,32704.9
4063,0.00106140,32712.8
4064,0.00098630,32721.1
4065,0.00095186,32729.0
4066,0.00094883,32736.9
4067,0.00093503,32744.9
4068,0.00089207,32753.0
4069,0.00090594,32761.0
4070,0.00090710,32768.9
4071,0.00102496,32776.8
4072,0.00091557,32784.8
4073,0.00086810,32792.9
4074,0.00098368,32801.3
4075,0.00087846,32809.7
4076,0.00097713,32817.6
4077,0.00104586,32825.4
4078,0.00144383,32833.3
4079,0.00090859,32841.2
4080,0.00094708,32849.3
4081,0.00100881,32857.4
4082,0.00107826,32865.4
4083,0.00100084,32873.2
4084,0.00100853,32881.1
4085,0.00092406,32888.9
4086,0.00098656,32897.2
4087,0.00101693,32905.0
4088,0.00095784,32912.9
4089,0.00094596,32920.8
4090,0.00119561,32928.9
4091,0.00092589,32936.8
4092,0.00102751,32944.9
4093,0.00089233,32952.8
4094,0.00112082,32961.2
4095,0.00106468,32969.1
4096,0.00107378,32977.1
4097,0.00101889,32984.9
4098,0.00101544,32992.8
4099,0.00096674,33000.7
4100,0.00099307,33008.8
4101,0.00094988,33017.0
4102,0.00093182,33025.1
4103,0.00111535,33033.2
4104,0.00102666,33041.2
4105,0.00106533,33049.3
4106,0.00101656,33057.2
4107,0.00086851,33065.4
4108,0.00091766,33073.4
4109,0.00092180,33081.5
4110,0.00109750,33089.5
4111,0.00101945,33097.8
4112,0.00115299,33105.6
4113,0.00113913,33113.4
4114,0.00124606,33121.6
4115,0.00093868,33129.6
4116,0.00094715,33137.7
4117,0.00098198,33145.7
4118,0.00093007,33153.7
4119,0.00115549,33161.5
4120,0.00105108,33169.4
4121,0.00115812,33177.4
4122,0.00097365,33185.5
4123,0.00098191,33193.4
4124,0.00099570,33201.3
4125,0.00102417,33209.3
4126,0.00091803,33217.6
4127,0.00109685,33226.1
4128,0.00083030,33234.0
4129,0.00097494,33242.1
4130,0.00086976,33249.9
4131,0.00105747,33257.7
4132,0.00091054,33265.7
4133,0.00099714,33273.8
4134,0.00089252,33281.8
4135,0.00111641,33289.7
4136,0.00097798,33297.6
4137,0.00089060,33305.5
4138,0.00088396,33313.4
4139,0.00086247,33321.4
4140,0.00115524,33329.5
4141,0.00080308,33337.6
4142,0.00100582,33345.6
4143,0.00102382,33353.7
4144,0.00095903,33361.8
4145,0.00091975,33369.8
4146,0.00094615,33377.8
4147,0.00099101,33385.9
4148,0.00089619,33394.0
4149,0.00087456,33402.0
4150,0.00090865,33410.1
4151,0.00096679,33418.8
4152,0.00096753,33426.7
4153,0.00108061,33434.7
4154,0.00104316,33442.6
4155,0.00104098,33450.5
4156,0.00089486,33458.8
4157,0.00095200,33466.7
4158,0.00106838,33474.6
4159,0.00086324,33482.5
4160,0.00096559,33490.4
4161,0.00081754,33498.2
4162,0.00104991,33506.3
4163,0.00110989,33514.8
4164,0.00085101,33522.7
4165,0.00107695,33530.9
4166,0.00084937,33539.1
4167,0.00091091,33547.1
4168,0.00089253,33555.1
4169,0.00094129,33562.9
4170,0.00079795,33571.0
4171,0.00103975,33579.0
4172,0.00094994,33586.8
4173,0.00108203,33594.9
4174,0.00093452,33603.1
4175,0.00087618,33611.3
4176,0.00097232,33619.6
4177,0.00095886,33627.8
4178,0.00094635,33635.8
4179,0.00100043,33643.9
4180,0.00104101,33651.8
4181,0.00098572,33659.8
4182,0.00081363,33667.9
4183,0.00093273,33675.9
4184,0.00084767,33684.1
4185,0.00088619,33692.0
4186,0.00099390,33700.3
4187,0.00104408,33708.7
4188,0.00080380,33716.7
4189,0.00092161,33724.6
4190,0.00092467,33732.6
4191,0.00107312,33740.7
4192,0.00090518,33748.8
4193,0.00101457,33757.0
4194,0.00097353,33765.0
4195,0.00094756,33773.1
4196,0.00089908,33780.9
4197,0.00111082,33788.8
4198,0.00088948,33796.7
4199,0.00091631,33804.5
4200,0.00095815,33812.5
4201,0.00108317,33820.3
4202,0.00091554,33828.3
4203,0.00092878,33836.5
4204,0.00091156,33844.3
4205,0.00114374,33852.2
4206,0.00104039,33860.5
4207,0.00091676,33868.6
4208,0.00090441,33876.8
4209,0.00101532,33884.9
4210,0.00082293,33892.7
4211,0.00108076,33900.7
4212,0.00090301,33908.8
4213,0.00097581,33917.0
4214,0.00091464,33925.0
4215,0.00103353,33932.9
4216,0.00089056,33940.8
4217,0.00104866,33948.9
4218,0.00083483,33956.9
4219,0.00099526,33964.7
4220,0.00083031,33972.9
4221,0.00099919,33981.0
4222,0.00084492,33988.9
4223,0.00111898,33996.8
4224,0.00096692,34004.9
4225,0.00087711,34013.5
4226,0.00096950,34021.7
4227,0.00098485,34029.7
4228,0.00085858,34038.1
4229,0.00092799,34046.4
4230,0.00083632,34054.3
4231,0.00087657,34062.1
4232,0.00100293,34070.1
4233,0.00081207,34078.0
4234,0.00103123,34085.8
4235,0.00081174,34093.9
4236,0.00115382,34101.8
4237,0.00093127,34109.7
4238,0.00079829,34118.1
4239,0.00108201,34125.9
4240,0.00083149,34134.0
4241,0.00077854,34141.9
4242,0.00088141,34150.1
4243,0.00093367,34158.1
4244,0.00107731,34166.4
4245,0.00097454,34174.2
4246,0.00091957,34182.3
4247,0.00101227,34190.4
4248,0.00093739,34198.5
4249,0.00101871,34206.4
4250,0.00091042,34214.7
4251,0.00078719,34222.6
4252,0.00085532,34230.5
4253,0.00094336,34238.6
4254,0.00094855,34246.7
4255,0.00096680,34254.8
4256,0.00085839,34263.0
4257,0.00091627,34271.2
4258,0.00090168,34279.7
4259,0.00089973,34287.7
4260,0.00096080,34296.1
4261,0.00088842,34304.1
4262,0.00078115,34312.1
4263,0.00096610,34319.9
4264,0.00091939,34328.3
4265,0.00091674,34336.3
4266,0.00093777,34344.3
4267,0.00100145,34352.3
4268,0.00098630,34360.7
4269,0.00092378,34368.6
4270,0.00091192,34376.9
4271,0.00091731,34385.1
4272,0.00098954,34393.1
4273,0.00081115,34401.1
4274,0.00086852,34409.3
4275,0.00097481,34417.4
4276,0.00092697,34425.9
4277,0.00095488,34434.2
4278,0.00089397,34442.4
4279,0.00093872,34451.0
4280,0.00097839,34459.1
4281,0.00098607,34467.1
4282,0.00095371,34475.0
4283,0.00078934,34483.1
4284,0.00104125,34491.1
4285,0.00105056,34499.3
4286,0.00092019,34507.3
4287,0.00084906,34515.4
4288,0.00079196,34523.2
4289,0.00101571,34531.0
4290,0.00093888,34539.4
4291,0.00090398,34547.5
4292,0.00095040,34555.4
4293,0.00096681,34563.4
4294,0.00087048,34571.5
4295,0.00083111,34579.4
4296,0.00096549,34587.4
4297,0.00088697,34595.4
4298,0.00108295,34603.8
4299,0.00084807,34611.8
4300,0.00103782,34619.8
4301,0.00093050,34627.9
4302,0.00088119,34635.7
4303,0.00101234,34643.7
4304,0.00092188,34652.2
4305,0.00085151,34660.5
4306,0.00092231,34668.7
4307,0.00091826,34676.8
4308,0.00096551,34684.7
4309,0.00089105,34692.7
4310,0.00084648,34700.9
4311,0.00082462,34708.8
4312,0.00089347,34716.7
4313,0.00082259,34724.7
4314,0.00094112,34732.6
4315,0.00084273,34740.5
4316,0.00085816,34748.6
4317,0.00091741,34756.9
4318,0.00090466,34765.0
4319,0.00120276,34772.8
4320,0.00084504,34780.9
4321,0.00105812,34789.0
4322,0.00089297,34796.9
4323,0.00090345,34805.1
4324,0.00089128,34813.5
4325,0.00077917,34821.7
4326,0.00093697,34830.0
4327,0.00098432,34838.0
4328,0.00104520,34846.2
4329,0.00100844,34854.2
4330,0.00083053,34862.3
4331,0.00091041,34870.5
4332,0.00091983,34878.7
4333,0.00100126,34887.0
4334,0.00093421,34894.8
4335,0.00084763,34902.8
4336,0.00099570,34910.6
4337,0.00113943,34918.5
4338,0.00078512,34926.4
4339,0.00078155,34934.3
4340,0.00086501,34942.2
4341,0.00094916,34950.6
4342,0.00086406,34958.4
4343,0.00104754,34966.8
4344,0.00093170,34974.6
4345,0.00086869,34982.6
4346,0.00084838,34990.4
4347,0.00084390,34998.5
4348,0.00102934,35006.5
4349,0.00081770,35014.6
4350,0.00083120,35022.6
4351,0.00095228,35030.7
4352,0.00103379,35038.7
4353,0.00100353,35046.6
4354,0.00086375,35054.6
4355,0.00083120,35062.6
4356,0.00098093,35070.4
4357,0.00082029,35078.3
4358,0.00076075,35086.3
4359,0.00088726,35094.4
4360,0.00083361,35102.4
4361,0.00094635,35110.6
4362,0.00083232,35118.5
4363,0.00081503,35126.4
4364,0.00117065,35134.5
4365,0.00087732,35142.6
4366,0.00088357,35150.5
4367,0.00085489,35158.4
4368,0.00101193,35166.5
4369,0.00091714,35174.7
4370,0.00088588,35182.9
4371,0.00083698,35191.1
4372,0.00077599,35199.2
4373,0.00089859,35207.2
4374,0.00094757,35215.3
4375,0.00110058,35223.3
4376,0.00106126,35231.6
4377,0.00078978,35239.4
4378,0.00083174,35247.4
4379,0.00100516,35255.5
4380,0.00093063,35263.6
4381,0.00093354,35271.8
4382,0.00087175,35280.1
4383,0.00079455,35288.0
4384,0.00099453,35296.0
4385,0.00100278,35304.1
4386,0.00089612,35312.0
4387,0.00095871,35320.0
4388,0.00077638,35327.8
4389,0.00089599,35336.0
4390,0.00086575,35344.3
4391,0.00093635,35352.7
4392,0.00088981,35360.6
4393,0.00116040,35368.6
4394,0.00095366,35376.5
4395,0.00110318,35384.5
4396,0.00077565,35392.5
4397,0.00086603,35400.5
4398,0.00085022,35408.4
4399,0.00096512,35416.7
4400,0.00083417,35424.8
4401,0.00086038,35433.0
4402,0.00077130,35441.3
4403,0.00089892,35449.2
4404,0.00106093,35457.1
4405,0.00094100,35465.2
4406,0.00085269,35473.3
4407,0.00090746,35481.5
4408,0.00087165,35489.5
4409,0.00097510,35497.6
4410,0.00085416,35505.7
4411,0.00085957,35513.5
4412,0.00094269,35521.4
4413,0.00102828,35529.5
4414,0.00081448,35537.5
4415,0.00090779,35545.4
4416,0.00085533,35553.4
4417,0.00086400,35561.6
4418,0.00104651,35569.6
4419,0.00100815,35577.6
4420,0.00098175,35585.5
4421,0.00080639,35593.6
4422,0.00083460,35601.5
4423,0.00084417,35609.5
4424,0.00090435,35617.7
4425,0.00080396,35625.6
4426,0.00092846,35633.8
4427,0.00087864,35641.9
4428,0.00092935,35649.8
4429,0.00089123,35658.0
4430,0.00091466,35666.0
4431,0.00081250,35674.0
4432,0.00083928,35681.8
4433,0.00094853,35690.0
4434,0.00092220,35697.8
4435,0.00079931,35705.7
4436,0.00091633,35714.1
4437,0.00095771,35722.3
4438,0.00091008,35730.4
4439,0.00098696,35738.5
4440,0.00092583,35746.7
4441,0.00087063,35754.7
4442,0.00094387,35762.8
4443,0.00094407,35770.7
4444,0.00084432,35778.9
4445,0.00101048,35786.9
4446,0.00090826,35795.0
4447,0.00081031,35803.1
4448,0.00082030,35811.0
4449,0.00087241,35819.3
4450,0.00083328,35827.2
4451,0.00081268,35835.3
4452,0.00084880,35843.2
4453,0.00091782,35851.5
4454,0.00077525,35859.8
4455,0.00078418,35867.7
4456,0.00089786,35875.7
4457,0.00101474,35883.7
4458,0.00080103,35891.9
4459,0.00089687,35900.4
4460,0.00101499,35908.8
4461,0.00081985,35916.8
4462,0.00075380,35924.7
4463,0.00088614,35932.7
4464,0.00076349,35940.7
4465,0.00092744,35948.5
4466,0.00085345,35956.5
4467,0.00091031,35964.8
4468,0.00077283,35972.9
4469,0.00089046,35981.0
4470,0.00084370,35989.1
4471,0.00089764,35997.2
4472,0.00092031,36005.0
4473,0.00078860,36013.4
4474,0.00087627,36021.5
4475,0.00087649,36029.4
4476,0.00079469,36037.2
4477,0.00093479,36045.1
4478,0.00077818,36053.0
4479,0.00080301,36061.0
4480,0.00104529,36069.4
4481,0.00089041,36077.3
4482,0.00087696,36085.3
4483,0.00108303,36093.4
4484,0.00096562,36101.3
4485,0.00092020,36109.1
4486,0.00093420,36117.3
4487,0.00090317,36125.6
4488,0.00096215,36133.6
4489,0.00085626,36141.5
4490,0.00077861,36149.3
4491,0.00093569,36157.3
4492,0.00078602,36165.3
4493,0.00072401,36173.1
4494,0.00085552,36181.2
4495,0.00081308,36189.2
4496,0.00074178,36197.3
4497,0.00081572,36205.1
4498,0.00081103,36212.9
4499,0.00099698,36221.1
4500,0.00100126,36229.1
4501,0.00079635,36237.3
4502,0.00077610,36245.1
4503,0.00091132,36253.3
4504,0.00095132,36261.1
4505,0.00088432,36269.1
4506,0.00091380,36277.5
4507,0.00094663,36285.4
4508,0.00086118,36293.5
4509,0.00097963,36301.5
4510,0.00089261,36309.4
4511,0.00079796,36317.6
4512,0.00098806,36325.7
4513,0.00090769,36333.8
4514,0.00081468,36341.8
4515,0.00087431,36349.6
4516,0.00081667,36357.7
4517,0.00083127,36365.8
4518,0.00103524,36374.0
4519,0.00085746,36382.2
4520,0.00070166,36390.0
4521,0.00074380,36398.3
4522,0.00083413,36406.2
4523,0.00077492,36414.3
4524,0.00082747,36422.4
4525,0.00079072,36430.4
4526,0.00110773,36438.6
4527,0.00086112,36446.5
4528,0.00087661,36454.7
4529,0.00090160,36462.8
4530,0.00087259,36470.9
4531,0.00100346,36479.0
4532,0.00081352,36486.8
4533,0.00095266,36495.1
4534,0.00079094,36503.3
4535,0.00081329,36511.7
4536,0.00100407,36520.0
4537,0.00073308,36527.9
4538,0.00086128,36536.1
4539,0.00104930,36544.0
4540,0.00076002,36551.9
4541,0.00091734,36559.8
4542,0.00091450,36567.8
4543,0.00079136,36575.8
4544,0.00084662,36583.7
4545,0.00088906,36591.6
4546,0.00098007,36599.8
4547,0.00077545,36607.7
4548,0.00078886,36615.6
4549,0.00082411,36623.9
4550,0.00092282,36632.1
4551,0.00089157,36640.0
4552,0.00089765,36648.0
4553,0.00103584,36656.1
4554,0.00071256,36664.2
4555,0.00079333,36672.6
4556,0.00086543,36680.9
4557,0.00078561,36689.0
4558,0.00086039,36697.2
4559,0.00091221,36705.3
4560,0.00086882,36713.2
4561,0.00090801,36721.0
4562,0.00074940,36729.3
4563,0.00094538,36737.6
4564,0.00083638,36745.7
4565,0.00070305,36753.9
4566,0.00091065,36761.8
4567,0.00082300,36770.0
4568,0.00098617,36778.0
4569,0.00088917,36786.5
4570,0.00080158,36794.7
4571,0.00087993,36802.9
4572,0.00098459,36811.3
4573,0.00078752,36819.6
4574,0.00088667,36827.7
4575,0.00081752,36835.5
4576,0.00080349,36843.7
4577,0.00096682,36851.7
4578,0.00077590,36860.1
4579,0.00090819,36868.4
4580,0.00084332,36876.6
4581,0.00080954,36884.5
4582,0.00084569,36892.5
4583,0.00076866,36900.4
4584,0.00093355,36908.3
4585,0.00077864,36916.5
4586,0.00089435,36924.3
4587,0.00086292,36932.3
4588,0.00079775,36940.5
4589,0.00089209,36948.8
4590,0.00089913,36956.7
4591,0.00099457,36964.8
4592,0.00078523,36972.7
4593,0.00078889,36981.0
4594,0.00094579,36989.2
4595,0.00094061,36997.5
4596,0.00076747,37005.9
4597,0.00076239,37013.9
4598,0.00084809,37022.5
4599,0.00098478,37031.0
4600,0.00079886,37039.0
4601,0.00078830,37047.1
4602,0.00098310,37055.1
4603,0.00086606,37063.2
4604,0.00086179,37071.0
4605,0.00085531,37079.0
4606,0.00076037,37087.2
4607,0.00091087,37095.4
4608,0.00085935,37103.6
4609,0.00087361,37111.8
4610,0.00066557,37119.7
4611,0.00094685,37127.7
4612,0.00112953,37135.6
4613,0.00095688,37143.9
4614,0.00086604,37151.9
4615,0.00085342,37159.7
4616,0.00109372,37168.0
4617,0.00097108,37175.8
4618,0.00091974,37183.8
4619,0.00090597,37191.9
4620,0.00079369,37199.9
4621,0.00088598,37208.0
4622,0.00096119,37215.8
4623,0.00104085,37224.0
4624,0.00075315,37231.8
4625,0.00088370,37239.6
4626,0.00082431,37247.6
4627,0.00088424,37255.7
4628,0.00086607,37264.0
4629,0.00088783,37272.0
4630,0.00078273,37280.1
4631,0.00076828,37288.0
4632,0.00086560,37295.8
4633,0.00079575,37303.8
4634,0.00088786,37312.3
4635,0.00084020,37320.4
4636,0.00086069,37328.3
4637,0.00103139,37336.4
4638,0.00088467,37344.4
4639,0.00086367,37352.7
4640,0.00072689,37360.9
4641,0.00089671,37369.1
4642,0.00066525,37377.3
4643,0.00088893,37385.1
4644,0.00078416,37393.0
4645,0.00106138,37401.0
4646,0.00084233,37408.9
4647,0.00089267,37416.9
4648,0.00087252,37424.9
4649,0.00076645,37433.1
4650,0.00087517,37441.1
4651,0.00082423,37448.9
4652,0.00084873,37457.3
4653,0.00082303,37465.3
4654,0.00095922,37473.6
4655,0.00079678,37481.7
4656,0.00096744,37489.6
4657,0.00080534,37497.6
4658,0.00083009,37505.6
4659,0.00070685,37513.5
4660,0.00084777,37521.7
4661,0.00087489,37529.5
4662,0.00093184,37537.8
4663,0.00081135,37545.7
4664,0.00076509,37554.0
4665,0.00087188,37562.0
4666,0.00112420,37569.9
4667,0.00086019,37578.0
4668,0.00066552,37586.5
4669,0.00091978,37594.3
4670,0.00113027,37602.7
4671,0.00086094,37610.7
4672,0.00076225,37618.5
4673,0.00083733,37626.4
4674,0.00085498,37634.3
4675,0.00085741,37642.6
4676,0.00092746,37651.0
4677,0.00081757,37659.2
4678,0.00077485,37667.4
4679,0.00079948,37675.6
4680,0.00075685,37683.6
4681,0.00103045,37692.0
4682,0.00092972,37700.2
4683,0.00088983,37708.1
4684,0.00071209,37716.3
4685,0.00083273,37724.2
4686,0.00072003,37732.4
4687,0.00080154,37740.3
4688,0.00076458,37748.5
4689,0.00085468,37756.3
4690,0.00080767,37764.4
4691,0.00077771,37772.5
4692,0.00082681,37780.7
4693,0.00073298,37788.7
4694,0.00077371,37796.5
4695,0.00075807,37804.4
4696,0.00071757,37812.3
4697,0.00081146,37820.4
4698,0.00075481,37828.4
4699,0.00090212,37836.9
4700,0.00081719,37845.1
4701,0.00092900,37853.1
4702,0.00076664,37861.3
4703,0.00085448,37869.3
4704,0.00083563,37877.1
4705,0.00083437,37884.9
4706,0.00094584,37893.0
4707,0.00090802,37900.9
4708,0.00089680,37908.8
4709,0.00088122,37916.8
4710,0.00069401,37924.9
4711,0.00089050,37933.2
4712,0.00088081,37941.5
4713,0.00093857,37949.3
4714,0.00079043,37957.2
4715,0.00080545,37965.2
4716,0.00074473,37973.3
4717,0.00091055,37981.1
4718,0.00070234,37988.9
4719,0.00078838,37996.8
4720,0.00082221,38005.1
4721,0.00079918,38012.9
4722,0.00093022,38020.7
4723,0.00087697,38028.8
4724,0.00071912,38037.0
4725,0.00078512,38044.9
4726,0.00086553,38053.1
4727,0.00076060,38061.1
4728,0.00083559,38069.2
4729,0.00086360,38077.7
4730,0.00079794,38085.7
4731,0.00082373,38094.1
4732,0.00090712,38102.6
4733,0.00077332,38110.4
4734,0.00079375,38118.4
4735,0.00074442,38126.3
4736,0.00097005,38134.7
4737,0.00084493,38142.9
4738,0.00080771,38150.9
4739,0.00083341,38158.8
4740,0.00078632,38166.8
4741,0.00078521,38175.2
4742,0.00077629,38183.3
4743,0.00084608,38191.6
4744,0.00087653,38199.6
4745,0.00075203,38207.6
4746,0.00079422,38215.7
4747,0.00083012,38223.9
4748,0.00060987,38232.2
4749,0.00110664,38240.6
4750,0.00072000,38248.8
4751,0.00077500,38256.8
4752,0.00083500,38265.3
4753,0.00102529,38273.2
4754,0.00084199,38281.2
4755,0.00093648,38289.3
4756,0.00074549,38297.5
4757,0.00066323,38305.4
4758,0.00075561,38313.2
4759,0.00077480,38321.5
4760,0.00094949,38329.7
4761,0.00072562,38337.8
4762,0.00073745,38345.8
4763,0.00085370,38354.0
4764,0.00082347,38362.2
4765,0.00077855,38370.3
4766,0.00084584,38378.6
4767,0.00081786,38386.6
4768,0.00082628,38394.5
4769,0.00082156,38402.6
4770,0.00079564,38410.7
4771,0.00079466,38418.9
4772,0.00082452,38427.3
4773,0.00083253,38435.3
4774,0.00084835,38443.2
4775,0.00078855,38451.2
4776,0.00078985,38459.6
4777,0.00090493,38468.0
4778,0.00089114,38475.9
4779,0.00075870,38483.9
4780,0.00086355,38491.9
4781,0.00090028,38499.9
4782,0.00085189,38507.8
4783,0.00077858,38515.9
4784,0.00071232,38523.8
4785,0.00080719,38531.7
4786,0.00082794,38539.7
4787,0.00087353,38547.5
4788,0.00068565,38555.3
4789,0.00077621,38563.5
4790,0.00079826,38571.3
4791,0.00078201,38579.1
4792,0.00079544,38587.1
4793,0.00073096,38595.2
4794,0.00080823,38603.2
4795,0.00076900,38611.4
4796,0.00073309,38619.4
4797,0.00083858,38627.2
4798,0.00087096,38635.2
4799,0.00073195,38643.1
4800,0.00095369,38651.0
4801,0.00097702,38659.1
4802,0.00085765,38667.3
4803,0.00079392,38675.1
4804,0.00092088,38683.1
4805,0.00092876,38691.2
4806,0.00085757,38699.2
4807,0.00074816,38707.2
4808,0.00071473,38715.4
4809,0.00080358,38723.4
4810,0.00086212,38731.5
4811,0.00072601,38739.8
4812,0.00071754,38747.7
4813,0.00098933,38755.6
4814,0.00073014,38764.0
4815,0.00080617,38771.8
4816,0.00075020,38779.8
4817,0.00069224,38788.0
4818,0.00074915,38795.9
4819,0.00083035,38803.8
4820,0.00072341,38811.7
4821,0.00090129,38819.7
4822,0.00089986,38827.9
4823,0.00092692,38836.2
4824,0.00078657,38844.3
4825,0.00082453,38852.1
4826,0.00076140,38860.5
4827,0.00079373,38868.8
4828,0.00088651,38877.0
4829,0.00095895,38884.8
4830,0.00074885,38893.0
4831,0.00072026,38900.9
4832,0.00070563,38909.6
4833,0.00082038,38917.9
4834,0.00080852,38926.3
4835,0.00093405,38934.1
4836,0.00095788,38942.2
4837,0.00091881,38950.3
4838,0.00079014,38958.3
4839,0.00081313,38966.4
4840,0.00082581,38974.7
4841,0.00088533,38982.7
4842,0.00082866,38990.7
4843,0.00074440,38998.8
4844,0.00092976,39006.6
4845,0.00096844,39014.8
4846,0.00101327,39023.1
4847,0.00072698,39031.0
4848,0.00073633,39039.2
4849,0.00086370,39047.1
4850,0.00094941,39055.1
4851,0.00073025,39063.1
4852,0.00074046,39070.9
4853,0.00084340,39079.2
4854,0.00077205,39087.3
4855,0.00077479,39095.4
4856,0.00080084,39103.5
4857,0.00101450,39111.5
4858,0.00075322,39119.7
4859,0.00066208,39127.9
4860,0.00064826,39136.0
4861,0.00082796,39144.2
4862,0.00082104,39152.6
4863,0.00083258,39160.6
4864,0.00087163,39168.4
4865,0.00084687,39177.0
4866,0.00072364,39185.0
4867,0.00085219,39192.9
4868,0.00083404,39200.9
4869,0.00069381,39209.2
4870,0.00087576,39217.1
4871,0.00074818,39225.4
4872,0.00082361,39233.4
4873,0.00065635,39241.3
4874,0.00067554,39249.2
4875,0.00090645,39257.2
4876,0.00078933,39265.1
4877,0.00081201,39273.6
4878,0.00075349,39281.5
4879,0.00074721,39289.9
4880,0.00077666,39298.1
4881,0.00085697,39306.2
4882,0.00086132,39314.9
4883,0.00075545,39323.2
4884,0.00073975,39331.9
4885,0.00085704,39340.2
4886,0.00073084,39348.4
4887,0.00073779,39356.5
4888,0.00090239,39364.4
4889,0.00078768,39372.5
4890,0.00090669,39380.8
4891,0.00071341,39388.9
4892,0.00088395,39397.1
4893,0.00078170,39405.3
4894,0.00091169,39413.2
4895,0.00075496,39421.0
4896,0.00078146,39429.2
4897,0.00077089,39437.4
4898,0.00088935,39445.3
4899,0.00072258,39453.3
4900,0.00073139,39461.1
4901,0.00088504,39469.1
4902,0.00077549,39476.9
4903,0.00066933,39484.9
4904,0.00070590,39492.9
4905,0.00078255,39500.9
4906,0.00097064,39508.9
4907,0.00065311,39517.1
4908,0.00075016,39525.2
4909,0.00079274,39533.4
4910,0.00079761,39541.6
4911,0.00081640,39550.0
4912,0.00071196,39558.0
4913,0.00071062,39566.2
4914,0.00078315,39574.5
4915,0.00077094,39582.4
4916,0.00080694,39590.4
4917,0.00062656,39598.7
4918,0.00073352,39606.5
4919,0.00070182,39614.4
4920,0.00088881,39622.4
4921,0.00074641,39630.2
4922,0.00081355,39638.1
4923,0.00078487,39646.2
4924,0.00072658,39654.5
4925,0.00084484,39662.7
4926,0.00071207,39670.9
4927,0.00068162,39679.0
4928,0.00084320,39687.1
4929,0.00088055,39695.3
4930,0.00068635,39703.4
4931,0.00082029,39711.5
4932,0.00079373,39719.5
4933,0.00076501,39727.6
4934,0.00087782,39735.7
4935,0.00076757,39743.9
4936,0.00095224,39751.9
4937,0.00077962,39760.0
4938,0.00072546,39768.1
4939,0.00084948,39775.9
4940,0.00088293,39784.2
4941,0.00065514,39792.2
4942,0.00070712,39800.1
4943,0.00078515,39808.5
4944,0.00076426,39816.6
4945,0.00076401,39824.4
4946,0.00081858,39832.4
4947,0.00073737,39840.3
4948,0.00078374,39848.2
4949,0.00083207,39856.5
4950,0.00070975,39864.7
4951,0.00081323,39872.5
4952,0.00072982,39880.6
4953,0.00077800,39888.4
4954,0.00075540,39896.3
4955,0.00074378,39904.5
4956,0.00089299,39912.4
4957,0.00088407,39920.5
4958,0.00077488,39928.5
4959,0.00076960,39936.4
4960,0.00079147,39944.6
4961,0.00069125,39952.9
4962,0.00076327,39961.2
4963,0.00093507,39969.1
4964,0.00073465,39977.1
4965,0.00081595,39985.0
4966,0.00068994,39993.0
4967,0.00083811,40001.4
4968,0.00077987,40009.2
4969,0.00077888,40017.2
4970,0.00082922,40025.2
4971,0.00077568,40033.4
4972,0.00080075,40041.3
4973,0.00077488,40049.2
4974,0.00086291,40057.1
4975,0.00086490,40065.0
4976,0.00079679,40073.4
4977,0.00076665,40081.5
4978,0.00074013,40089.6
4979,0.00079900,40097.6
4980,0.00076480,40105.5
4981,0.00077446,40113.5
4982,0.00065629,40121.7
4983,0.00079216,40129.6
4984,0.00076198,40138.2
4985,0.00072745,40146.1
4986,0.00084457,40154.2
4987,0.00070269,40162.2
4988,0.00075232,40170.3
4989,0.00077317,40178.3
4990,0.00080786,40186.7
4991,0.00070839,40195.1
4992,0.00071326,40203.0
4993,0.00092420,40211.1
4994,0.00090851,40219.1
4995,0.00070978,40227.0
4996,0.00093470,40235.6
4997,0.00063987,40243.6
4998,0.00078512,40251.5
4999,0.00072603,40259.8
5000,0.00075356,40267.9
5001,0.00079270,40275.9
5002,0.00081596,40283.9
5003,0.00084133,40291.8
5004,0.00071960,40299.8
5005,0.00076292,40307.8
5006,0.00081513,40315.8
5007,0.00071614,40323.7
5008,0.00075523,40331.7
5009,0.00079464,40339.6
5010,0.00070290,40347.8
5011,0.00084057,40355.8
5012,0.00068258,40363.8
5013,0.00083438,40371.7
5014,0.00072159,40379.8
5015,0.00064589,40387.7
5016,0.00069909,40395.7
5017,0.00098016,40403.6
5018,0.00073225,40411.4
5019,0.00084631,40419.6
5020,0.00081249,40427.7
5021,0.00071016,40435.8
5022,0.00075509,40443.9
5023,0.00083749,40451.7
5024,0.00074666,40459.9
5025,0.00062106,40468.0
5026,0.00078671,40476.1
5027,0.00080347,40484.2
5028,0.00098228,40492.0
5029,0.00080898,40499.9
5030,0.00076900,40508.2
5031,0.00072366,40516.0
5032,0.00073242,40523.8
5033,0.00081649,40531.8
5034,0.00078516,40539.7
5035,0.00085040,40547.8
5036,0.00067180,40555.8
5037,0.00082630,40563.8
5038,0.00072464,40572.3
5039,0.00077095,40580.4
5040,0.00078141,40588.3
5041,0.00076471,40596.7
5042,0.00074685,40604.6
5043,0.00068344,40612.4
5044,0.00072893,40620.7
5045,0.00082136,40628.9
5046,0.00070345,40636.8
5047,0.00067398,40645.1
5048,0.00076118,40653.1
5049,0.00078251,40661.1
5050,0.00074363,40669.6
5051,0.00070329,40677.5
5052,0.00090081,40685.7
5053,0.00064923,40694.2
5054,0.00071064,40702.0
5055,0.00085335,40710.6
5056,0.00071370,40718.6
5057,0.00075859,40726.6
5058,0.00082512,40734.7
5059,0.00082426,40742.5
5060,0.00078759,40750.3
5061,0.00073251,40758.4
5062,0.00068905,40766.3
5063,0.00071462,40774.2
5064,0.00073353,40782.1
5065,0.00075555,40790.2
5066,0.00073604,40798.3
5067,0.00075044,40806.3
5068,0.00069552,40814.4
5069,0.00084218,40822.3
5070,0.00072933,40830.1
5071,0.00088382,40838.1
5072,0.00069169,40846.0
5073,0.00090609,40853.9
5074,0.00078082,40862.0
5075,0.00061858,40869.9
5076,0.00096877,40878.1
5077,0.00072849,40886.1
5078,0.00066969,40894.3
5079,0.00097060,40902.1
5080,0.00075971,40910.4
5081,0.00070955,40918.3
5082,0.00076157,40926.2
5083,0.00074798,40934.5
5084,0.00085038,40942.3
5085,0.00082106,40950.4
5086,0.00064501,40958.5
5087,0.00075974,40966.5
5088,0.00067261,40974.6
5089,0.00083255,40982.7
5090,0.00071596,40990.8
5091,0.00068310,40998.9
5092,0.00068712,41006.9
5093,0.00072883,41015.1
5094,0.00074205,41023.1
5095,0.00073576,41030.9
5096,0.00093203,41039.1
5097,0.00092301,41047.0
5098,0.00066269,41055.0
5099,0.00072199,41063.0
5100,0.00102316,41071.5
5101,0.00072784,41079.5
5102,0.00077436,41087.8
5103,0.00072269,41095.7
5104,0.00076031,41103.8
5105,0.00082804,41111.7
5106,0.00068336,41119.9
5107,0.00088958,41128.6
5108,0.00068461,41136.5
5109,0.00071472,41144.8
5110,0.00069045,41152.7
5111,0.00066581,41160.7
5112,0.00070324,41168.8
5113,0.00070574,41176.7
5114,0.00075296,41184.7
5115,0.00073787,41193.1
5116,0.00073290,41201.5
5117,0.00073994,41209.4
5118,0.00077949,41217.7
5119,0.00075218,41225.5
5120,0.00068533,41233.5
5121,0.00077746,41241.4
5122,0.00071364,41249.4
5123,0.00080575,41257.5
5124,0.00079100,41265.6
5125,0.00070964,41273.7
5126,0.00069329,41281.9
5127,0.00079271,41290.2
5128,0.00072806,41298.2
5129,0.00080818,41306.4
5130,0.00070349,41314.5
5131,0.00070200,41322.6
5132,0.00074209,41330.7
5133,0.00073228,41338.5
5134,0.00079488,41346.5
5135,0.00073407,41354.3
5136,0.00089719,41362.3
5137,0.00083369,41370.2
5138,0.00074329,41378.1
5139,0.00075865,41386.4
5140,0.00072224,41394.3
5141,0.00074457,41402.3
5142,0.00080306,41410.2
5143,0.00072813,41418.3
5144,0.00072547,41426.2
5145,0.00066805,41434.1
5146,0.00076090,41442.5
5147,0.00070848,41450.3
5148,0.00080472,41458.4
5149,0.00074128,41466.6
5150,0.00071163,41474.8
5151,0.00070546,41482.8
5152,0.00071891,41490.9
5153,0.00068861,41499.0
5154,0.00080749,41507.1
5155,0.00071883,41515.2
5156,0.00079020,41523.3
5157,0.00070881,41531.4
5158,0.00067586,41539.5
5159,0.00066819,41547.4
5160,0.00060312,41555.4
5161,0.00080483,41563.6
5162,0.00063607,41571.4
5163,0.00087967,41579.4
5164,0.00070668,41587.2
5165,0.00076694,41595.6
5166,0.00075877,41603.5
5167,0.00088672,41611.3
5168,0.00069545,41619.5
5169,0.00072293,41627.6
5170,0.00063002,41635.5
5171,0.00077769,41643.7
5172,0.00073319,41651.9
5173,0.00091602,41659.9
5174,0.00072233,41668.1
5175,0.00070094,41676.6
5176,0.00071896,41684.9
5177,0.00076160,41693.3
5178,0.00067461,41701.1
5179,0.00078915,41709.0
5180,0.00066106,41717.0
5181,0.00076156,41724.9
5182,0.00095917,41733.2
5183,0.00069676,41741.1
5184,0.00079189,41749.1
5185,0.00079775,41757.3
5186,0.00073750,41765.1
5187,0.00072352,41773.1
5188,0.00065530,41781.3
5189,0.00089966,41789.3
5190,0.00065747,41797.4
5191,0.00071423,41805.5
5192,0.00055577,41814.0
5193,0.00083778,41822.3
5194,0.00073613,41830.4
5195,0.00081991,41838.3
5196,0.00077295,41846.4
5197,0.00084134,41854.7
5198,0.00080307,41862.5
5199,0.00065168,41870.6
5200,0.00074665,41878.9
5201,0.00074084,41887.3
5202,0.00069971,41895.3
5203,0.00079720,41903.3
5204,0.00067569,41911.6
5205,0.00075103,41919.5
5206,0.00063456,41927.7
5207,0.00076909,41936.0
5208,0.00064892,41944.0
5209,0.00085189,41952.0
5210,0.00077190,41960.2
5211,0.00077666,41968.1
5212,0.00082783,41976.3
5213,0.00073247,41984.3
5214,0.00065633,41992.2
5215,0.00069687,42000.0
5216,0.00105839,42008.4
5217,0.00075513,42016.4
5218,0.00075097,42024.8
5219,0.00073536,42033.0
5220,0.00069981,42040.9
5221,0.00074390,42048.8
5222,0.00093087,42057.0
5223,0.00058207,42065.2
5224,0.00078233,42073.5
5225,0.00069266,42081.6
5226,0.00073982,42089.4
5227,0.00094490,42097.3
5228,0.00088416,42105.3
5229,0.00073106,42113.4
5230,0.00080576,42121.3
5231,0.00074808,42129.7
5232,0.00074437,42137.7
5233,0.00076730,42145.9
5234,0.00078727,42153.9
5235,0.00069455,42161.9
5236,0.00073405,42170.2
5237,0.00075868,42178.1
5238,0.00076682,42186.2
5239,0.00070890,42194.4
5240,0.00057455,42202.3
5241,0.00081324,42210.2
5242,0.00072670,42218.2
5243,0.00072690,42226.5
5244,0.00081592,42234.3
5245,0.00090624,42242.2
5246,0.00087326,42250.2
5247,0.00083380,42258.3
5248,0.00072719,42266.2
5249,0.00059970,42274.0
5250,0.00073189,42282.1
5251,0.00079046,42290.1
5252,0.00059142,42298.3
5253,0.00071610,42306.2
5254,0.00076568,42314.6
5255,0.00065553,42322.6
5256,0.00078839,42330.7
5257,0.00081347,42339.0
5258,0.00072515,42347.5
5259,0.00075496,42355.6
5260,0.00059115,42363.5
5261,0.00073188,42371.3
5262,0.00082287,42379.2
5263,0.00089794,42387.2
5264,0.00077987,42395.4
5265,0.00065469,42403.5
5266,0.00069772,42411.6
5267,0.00075383,42419.6
5268,0.00073225,42428.2
5269,0.00073040,42436.5
5270,0.00080541,42444.5
5271,0.00080023,42452.3
5272,0.00070325,42460.3
5273,0.00066711,42468.3
5274,0.00069724,42476.3
5275,0.00072281,42484.2
5276,0.00082659,42492.0
5277,0.00067641,42500.0
5278,0.00068279,42508.0
5279,0.00065166,42516.2
5280,0.00085912,42524.3
5281,0.00067810,42532.3
5282,0.00087651,42540.4
5283,0.00077287,42548.6
5284,0.00070958,42556.7
5285,0.00064915,42564.7
5286,0.00070599,42572.8
5287,0.00067869,42580.7
5288,0.00073405,42589.0
5289,0.00065735,42597.2
5290,0.00077040,42605.1
5291,0.00064871,42613.0
5292,0.00078747,42621.1
5293,0.00067413,42629.0
5294,0.00058813,42637.0
5295,0.00086826,42644.9
5296,0.00067141,42653.2
5297,0.00063005,42661.2
5298,0.00075987,42669.1
5299,0.00065382,42677.3
5300,0.00062557,42685.2
5301,0.00090718,42693.4
5302,0.00074155,42701.5
5303,0.00065676,42709.4
5304,0.00066932,42717.2
5305,0.00078367,42725.2
5306,0.00078245,42733.4
5307,0.00063140,42741.3
5308,0.00069423,42749.3
5309,0.00077035,42757.1
5310,0.00068380,42764.9
5311,0.00077625,42773.6
5312,0.00066390,42781.6
5313,0.00075934,42789.8
5314,0.00075441,42798.1
5315,0.00067141,42806.1
5316,0.00064263,42814.3
5317,0.00067546,42822.1
5318,0.00070648,42830.0
5319,0.00069079,42838.3
5320,0.00083062,42846.3
5321,0.00079271,42854.2
5322,0.00065201,42862.6
5323,0.00067641,42870.4
5324,0.00084175,42878.3
5325,0.00063941,42886.4
5326,0.00068617,42894.3
5327,0.00069184,42902.6
5328,0.00079054,42910.4
5329,0.00067411,42918.5
5330,0.00064772,42926.4
5331,0.00064895,42934.3
5332,0.00070796,42942.2
5333,0.00083809,42950.0
5334,0.00087401,42958.0
5335,0.00062487,42966.0
5336,0.00082055,42974.1
5337,0.00065864,42982.3
5338,0.00062148,42990.4
5339,0.00068149,42998.3
5340,0.00073286,43006.2
5341,0.00070681,43014.5
5342,0.00081934,43022.4
5343,0.00069090,43030.4
5344,0.00078287,43038.3
5345,0.00070881,43046.3
5346,0.00082074,43054.9
5347,0.00059446,43062.8
5348,0.00076202,43071.1
5349,0.00074012,43079.3
5350,0.00077372,43087.4
5351,0.00079993,43095.5
5352,0.00063063,43103.9
5353,0.00067883,43112.2
5354,0.00075154,43120.5
5355,0.00066789,43128.3
5356,0.00062071,43136.1
5357,0.00074222,43144.0
5358,0.00074659,43152.0
5359,0.00080955,43160.1
5360,0.00070470,43168.2
5361,0.00059225,43176.0
5362,0.00071683,43184.1
5363,0.00077552,43192.0
5364,0.00075986,43200.2
5365,0.00069059,43208.2
5366,0.00070160,43216.3
5367,0.00068704,43224.2
5368,0.00069533,43232.1
5369,0.00071204,43240.0
5370,0.00064031,43248.0
5371,0.00069675,43255.8
5372,0.00085024,43263.8
5373,0.00064931,43271.7
5374,0.00078473,43279.8
5375,0.00068589,43287.9
5376,0.00073871,43296.1
5377,0.00069209,43304.2
5378,0.00077935,43312.1
5379,0.00066856,43320.3
5380,0.00069215,43328.8
5381,0.00077823,43336.8
5382,0.00063244,43344.7
5383,0.00083066,43352.9
5384,0.00074756,43360.9
5385,0.00064691,43368.9
5386,0.00078579,43376.7
5387,0.00068229,43385.7
5388,0.00063969,43394.0
5389,0.00076590,43402.1
5390,0.00062793,43410.1
5391,0.00083842,43418.0
5392,0.00072293,43426.0
5393,0.00068627,43434.1
5394,0.00062858,43442.3
5395,0.00072576,43450.0
5396,0.00061239,43458.5
5397,0.00077900,43466.6
5398,0.00077592,43474.5
5399,0.00072842,43482.8
5400,0.00077532,43490.6
5401,0.00059191,43498.4
5402,0.00061601,43506.4
5403,0.00073898,43514.6
5404,0.00053026,43522.5
5405,0.00075712,43530.4
5406,0.00072759,43538.3
5407,0.00065676,43546.4
5408,0.00066597,43554.2
5409,0.00072344,43562.2
5410,0.00068436,43570.5
5411,0.00072881,43578.6
5412,0.00077517,43586.7
5413,0.00057571,43594.7
5414,0.00055354,43603.0
5415,0.00094939,43611.3
5416,0.00068381,43619.9
5417,0.00076219,43628.3
5418,0.00074112,43636.3
5419,0.00068253,43644.4
5420,0.00065007,43652.6
5421,0.00068341,43660.6
5422,0.00062498,43668.5
5423,0.00077554,43676.5
5424,0.00077882,43684.6
5425,0.00077959,43693.0
5426,0.00065146,43700.9
5427,0.00076129,43708.8
5428,0.00078353,43716.8
5429,0.00083322,43724.8
5430,0.00067610,43733.0
5431,0.00073880,43741.5
5432,0.00071063,43749.6
5433,0.00065354,43757.9
5434,0.00056265,43765.7
5435,0.00073989,43773.5
5436,0.00087602,43781.5
5437,0.00059127,43789.6
5438,0.00072856,43797.8
5439,0.00064177,43806.1
5440,0.00063555,43814.5
5441,0.00063531,43822.8
5442,0.00078567,43831.4
5443,0.00074462,43839.3
5444,0.00061728,43847.2
5445,0.00059429,43855.4
5446,0.00065095,43863.7
5447,0.00074482,43871.8
5448,0.00068595,43879.9
5449,0.00064519,43888.5
5450,0.00063758,43896.8
5451,0.00061965,43904.9
5452,0.00070350,43913.1
5453,0.00062132,43920.9
5454,0.00063347,43929.1
5455,0.00070709,43937.2
5456,0.00075247,43945.0
5457,0.00075195,43953.0
5458,0.00074700,43960.9
5459,0.00065627,43969.1
5460,0.00065739,43977.1
5461,0.00067586,43985.3
5462,0.00067024,43993.4
5463,0.00067243,44001.2
5464,0.00080321,44009.4
5465,0.00070885,44017.4
5466,0.00074759,44025.1
5467,0.00059091,44033.1
5468,0.00068224,44041.1
5469,0.00072230,44049.2
5470,0.00056413,44057.3
5471,0.00065969,44065.6
5472,0.00069231,44073.5
5473,0.00069208,44081.6
5474,0.00076099,44089.6
5475,0.00054582,44097.4
5476,0.00083107,44105.4
5477,0.00075977,44113.3
5478,0.00059900,44121.4
5479,0.00072406,44129.2
5480,0.00068029,44137.2
5481,0.00059173,44145.3
5482,0.00072834,44153.6
5483,0.00076452,44161.9
5484,0.00070623,44170.0
5485,0.00066618,44178.1
5486,0.00065200,44186.2
5487,0.00075119,44194.1
5488,0.00063737,44201.9
5489,0.00065418,44209.9
5490,0.00065440,44217.8
5491,0.00069948,44226.1
5492,0.00064626,44234.0
5493,0.00063696,44242.1
5494,0.00084796,44249.9
5495,0.00061713,44257.7
5496,0.00082611,44265.7
5497,0.00063790,44273.7
5498,0.00080776,44281.9
5499,0.00059531,44290.0
5500,0.00071986,44298.3
5501,0.00058305,44306.3
5502,0.00066173,44314.7
5503,0.00070199,44322.8
5504,0.00088972,44330.8
5505,0.00068767,44338.9
5506,0.00075626,44346.9
5507,0.00058023,44354.9
5508,0.00054771,44363.1
5509,0.00062428,44370.9
5510,0.00076320,44378.8
5511,0.00078295,44386.7
5512,0.00065839,44394.6
5513,0.00060987,44402.6
5514,0.00069369,44410.8
5515,0.00061046,44418.6
5516,0.00058981,44426.5
5517,0.00071261,44434.7
5518,0.00073074,44442.7
5519,0.00070716,44450.6
5520,0.00059035,44458.5
5521,0.00083936,44466.6
5522,0.00074493,44474.7
5523,0.00058904,44482.7
5524,0.00067344,44490.9
5525,0.00084093,44499.2
5526,0.00071780,44507.3
5527,0.00065425,44515.4
5528,0.00078757,44523.2
5529,0.00062424,44531.3
5530,0.00059765,44539.4
5531,0.00078599,44547.8
5532,0.00063282,44555.8
5533,0.00081311,44563.8
5534,0.00057454,44571.7
5535,0.00067996,44579.9
5536,0.00065242,44587.8
5537,0.00070422,44595.6
5538,0.00069606,44603.5
5539,0.00068553,44611.4
5540,0.00062689,44619.5
5541,0.00067397,44627.4
5542,0.00056299,44635.4
5543,0.00055962,44643.4
5544,0.00077172,44651.4
5545,0.00068396,44659.6
5546,0.00062951,44667.7
5547,0.00061927,44676.0
5548,0.00078182,44684.2
5549,0.00058886,44692.3
5550,0.00062038,44700.3
5551,0.00065869,44708.2
5552,0.00085180,44716.4
5553,0.00054630,44724.4
5554,0.00064363,44732.4
5555,0.00066006,44740.7
5556,0.00070472,44748.7
5557,0.00068842,44757.0
5558,0.00065711,44764.9
5559,0.00069623,44772.7
5560,0.00064224,44781.1
5561,0.00060717,44789.2
5562,0.00070390,44797.0
5563,0.00067479,44804.9
5564,0.00085972,44812.8
5565,0.00059909,44820.8
5566,0.00076148,44829.0
5567,0.00072526,44837.2
5568,0.00067534,44845.7
5569,0.00056952,44854.0
5570,0.00073662,44862.0
5571,0.00066573,44870.4
5572,0.00077973,44878.7
5573,0.00062222,44886.6
5574,0.00076383,44894.9
5575,0.00059908,44903.2
5576,0.00076826,44911.3
5577,0.00067970,44919.3
5578,0.00090348,44927.3
5579,0.00057493,44935.8
5580,0.00082392,44943.9
5581,0.00059562,44951.7
5582,0.00076744,44960.1
5583,0.00057898,44968.2
5584,0.00068071,44976.0
5585,0.00064482,44983.9
5586,0.00073513,44991.9
5587,0.00059730,44999.9
5588,0.00072398,45007.7
5589,0.00049277,45015.9
5590,0.00060678,45023.9
5591,0.00060455,45031.9
5592,0.00079245,45039.7
5593,0.00074064,45047.6
5594,0.00068386,45055.9
5595,0.00063806,45064.0
5596,0.00063974,45072.0
5597,0.00066847,45079.9
5598,0.00071453,45088.0
5599,0.00057428,45096.0
5600,0.00066840,45104.2
5601,0.00065294,45112.0
5602,0.00062075,45120.1
5603,0.00063911,45128.6
5604,0.00068407,45136.8
5605,0.00075997,45145.0
5606,0.00059379,45153.0
5607,0.00060183,45160.9
5608,0.00062656,45169.0
5609,0.00069544,45176.9
5610,0.00064151,45184.9
5611,0.00069216,45193.4
5612,0.00075191,45201.3
5613,0.00066203,45209.5
5614,0.00058756,45217.5
5615,0.00068731,45225.6
5616,0.00078456,45233.7
5617,0.00066444,45241.6
5618,0.00068363,45249.6
5619,0.00060225,45257.5
5620,0.00063293,45265.5
5621,0.00080510,45273.4
5622,0.00055572,45281.3
5623,0.00074447,45289.2
5624,0.00073038,45297.1
5625,0.00074239,45305.4
5626,0.00058960,45313.3
5627,0.00066581,45321.6
5628,0.00080533,45329.8
5629,0.00063474,45337.7
5630,0.00065400,45345.7
5631,0.00064074,45353.8
5632,0.00068486,45361.9
5633,0.00060726,45370.3
5634,0.00054112,45378.4
5635,0.00075270,45386.5
5636,0.00073900,45394.7
5637,0.00073957,45402.7
5638,0.00075878,45411.3
5639,0.00053072,45419.3
5640,0.00068895,45427.3
5641,0.00063544,45435.4
5642,0.00067115,45443.4
5643,0.00066762,45451.4
5644,0.00068707,45459.8
5645,0.00069706,45467.9
5646,0.00069431,45475.9
5647,0.00064966,45483.8
5648,0.00066416,45491.9
5649,0.00068893,45500.2
5650,0.00058914,45508.0
5651,0.00065956,45515.9
5652,0.00072876,45524.0
5653,0.00061136,45532.0
5654,0.00077984,45540.0
5655,0.00054496,45547.9
5656,0.00074690,45555.8
5657,0.00081246,45563.8
5658,0.00062364,45571.6
5659,0.00071064,45579.4
5660,0.00051884,45587.4
5661,0.00068661,45595.2
5662,0.00069256,45603.0
5663,0.00063233,45611.1
5664,0.00062475,45619.2
5665,0.00068391,45627.2
5666,0.00061454,45635.6
5667,0.00072346,45644.1
5668,0.00053658,45652.1
5669,0.00076215,45660.1
5670,0.00059238,45668.4
5671,0.00068601,45676.2
5672,0.00071874,45684.2
5673,0.00064679,45692.4
5674,0.00070272,45700.2
5675,0.00067794,45708.0
5676,0.00062300,45715.8
5677,0.00059047,45724.0
5678,0.00063482,45732.0
5679,0.00064951,45740.0
5680,0.00084573,45748.2
5681,0.00065863,45756.1
5682,0.00065627,45764.2
5683,0.00054250,45772.8
5684,0.00071803,45781.0
5685,0.00076873,45788.9
5686,0.00069496,45796.8
5687,0.00091048,45805.0
5688,0.00059266,45813.2
5689,0.00066918,45821.1
5690,0.00062683,45829.4
5691,0.00059368,45837.4
5692,0.00063863,45845.4
5693,0.00073552,45853.2
5694,0.00057157,45861.6
5695,0.00067671,45869.5
5696,0.00059782,45877.6
5697,0.00060603,45885.7
5698,0.00076863,45893.6
5699,0.00062129,45901.5
5700,0.00072681,45909.9
5701,0.00070400,45918.0
5702,0.00059419,45926.2
5703,0.00071764,45934.3
5704,0.00066071,45942.4
5705,0.00061584,45950.6
5706,0.00058228,45958.7
5707,0.00077364,45966.7
5708,0.00073828,45974.5
5709,0.00074078,45982.6
5710,0.00059421,45990.9
5711,0.00061343,45999.1
5712,0.00076042,46007.4
5713,0.00063783,46015.2
5714,0.00062727,46023.2
5715,0.00055286,46031.2
5716,0.00061546,46039.4
5717,0.00067869,46047.5
5718,0.00069907,46055.8
5719,0.00070300,46064.0
5720,0.00059199,46072.0
5721,0.00067868,46079.9
5722,0.00069700,46088.0
5723,0.00068655,46096.1
5724,0.00051472,46104.1
5725,0.00057215,46112.3
5726,0.00073706,46120.1
5727,0.00056292,46128.2
5728,0.00076746,46136.2
5729,0.00063116,46144.3
5730,0.00063071,46152.1
5731,0.00057445,46160.1
5732,0.00064870,46168.2
5733,0.00062810,46176.1
5734,0.00063645,46183.9
5735,0.00060561,46191.8
5736,0.00057160,46199.7
5737,0.00072542,46208.0
5738,0.00061664,46215.9
5739,0.00069695,46223.9
5740,0.00065067,46231.9
5741,0.00076796,46239.8
5742,0.00059057,46247.7
5743,0.00065340,46255.5
5744,0.00061246,46263.6
5745,0.00084892,46271.5
5746,0.00058012,46279.5
5747,0.00064821,46287.6
5748,0.00053614,46295.4
5749,0.00065465,46303.9
5750,0.00056771,46312.2
5751,0.00057918,46320.1
5752,0.00069502,46328.1
5753,0.00066988,46336.4
5754,0.00062000,46344.7
5755,0.00069805,46353.0
5756,0.00064998,46361.3
5757,0.00066379,46369.5
5758,0.00066603,46377.6
5759,0.00057941,46385.9
5760,0.00061475,46394.0
5761,0.00055988,46402.2
5762,0.00075311,46410.3
5763,0.00073441,46418.8
5764,0.00056212,46426.8
5765,0.00075609,46434.6
5766,0.00061450,46443.2
5767,0.00069260,46451.1
5768,0.00070496,46459.1
5769,0.00064421,46466.9
5770,0.00068371,46475.0
5771,0.00064468,46482.9
5772,0.00062337,46490.7
5773,0.00077731,46498.6
5774,0.00078058,46506.5
5775,0.00051963,46514.3
5776,0.00072392,46522.3
5777,0.00072342,46530.3
5778,0.00068670,46538.2
5779,0.00077868,46546.3
5780,0.00069141,46554.5
5781,0.00077243,46562.3
5782,0.00057582,46570.6
5783,0.00076240,46578.7
5784,0.00054224,46586.6
5785,0.00070239,46594.8
5786,0.00069467,46602.7
5787,0.00060041,46611.0
5788,0.00062692,46618.9
5789,0.00064400,46627.1
5790,0.00059334,46635.0
5791,0.00082448,46642.9
5792,0.00057562,46650.8
5793,0.00065130,46658.6
5794,0.00068011,46666.6
5795,0.00064147,46674.5
5796,0.00061360,46682.5
5797,0.00069196,46690.7
5798,0.00060530,46698.9
5799,0.00071924,46706.9
5800,0.00066798,46714.9
5801,0.00056942,46723.9
5802,0.00072101,46732.0
5803,0.00063142,46740.1
5804,0.00073972,46748.2
5805,0.00064106,46756.2
5806,0.00060165,46764.3
5807,0.00049228,46772.1
5808,0.00088397,46780.0
5809,0.00065239,46788.0
5810,0.00064066,46796.4
5811,0.00060518,46804.3
5812,0.00073000,46812.2
5813,0.00063513,46820.3
5814,0.00075905,46828.2
5815,0.00066639,46836.5
5816,0.00060658,46844.4
5817,0.00072991,46852.3
5818,0.00059158,46860.3
5819,0.00069892,46868.3
5820,0.00049511,46876.4
5821,0.00054965,46884.7
5822,0.00063201,46892.6
5823,0.00067200,46900.8
5824,0.00072953,46908.7
5825,0.00055562,46916.6
5826,0.00085781,46924.6
5827,0.00056893,46932.7
5828,0.00065849,46941.0
5829,0.00061406,46948.9
5830,0.00066856,46956.8
5831,0.00056824,46964.8
5832,0.00065101,46973.0
5833,0.00075693,46981.3
5834,0.00090413,46989.6
5835,0.00067379,46997.6
5836,0.00058355,47005.4
5837,0.00064690,47013.5
5838,0.00056759,47021.5
5839,0.00058245,47029.5
5840,0.00061752,47037.4
5841,0.00063211,47045.5
5842,0.00065759,47053.4
5843,0.00068020,47061.9
5844,0.00057003,47069.9
5845,0.00065686,47078.1
5846,0.00058053,47086.4
5847,0.00067277,47094.3
5848,0.00071073,47102.5
5849,0.00065339,47110.4
5850,0.00060189,47118.3
5851,0.00050408,47126.5
5852,0.00059894,47134.6
5853,0.00063331,47142.9
5854,0.00083132,47150.8
5855,0.00063451,47158.7
5856,0.00064134,47167.0
5857,0.00073055,47174.9
5858,0.00072577,47182.8
5859,0.00054149,47190.9
5860,0.00058913,47198.9
5861,0.00065058,47207.0
5862,0.00069477,47214.9
5863,0.00068451,47222.7
5864,0.00072695,47230.7
5865,0.00062579,47238.5
5866,0.00054367,47246.6
5867,0.00049989,47254.6
5868,0.00061841,47262.8
5869,0.00061042,47270.7
5870,0.00064961,47279.1
5871,0.00060303,47287.1
5872,0.00069167,47294.9
5873,0.00066071,47302.7
5874,0.00050621,47310.5
5875,0.00063668,47318.9
5876,0.00057629,47326.7
5877,0.00089133,47335.0
5878,0.00060117,47343.1
5879,0.00058866,47351.3
5880,0.00067382,47359.1
5881,0.00063721,47367.1
5882,0.00066210,47375.1
5883,0.00061764,47383.0
5884,0.00067744,47391.4
5885,0.00054951,47399.4
5886,0.00060267,47407.6
5887,0.00067683,47415.8
5888,0.00061484,47423.6
5889,0.00086243,47432.1
5890,0.00079296,47440.0
5891,0.00068983,47448.2
5892,0.00056811,47456.0
5893,0.00074223,47463.9
5894,0.00064605,47471.8
5895,0.00056661,47479.8
5896,0.00072713,47488.0
5897,0.00070944,47496.0
5898,0.00061852,47504.2
5899,0.00067184,47512.3
5900,0.00058463,47520.4
5901,0.00055049,47528.5
5902,0.00062462,47536.6
5903,0.00065128,47544.5
5904,0.00062856,47552.9
5905,0.00059360,47560.9
5906,0.00064807,47569.0
5907,0.00069569,47576.8
5908,0.00066185,47584.6
5909,0.00075148,47592.4
5910,0.00058714,47600.3
5911,0.00050971,47608.1
5912,0.00061245,47616.0
5913,0.00064912,47623.9
5914,0.00060830,47631.8
5915,0.00053786,47639.6
5916,0.00067522,47647.9
5917,0.00079104,47655.9
5918,0.00062309,47664.1
5919,0.00060077,47672.4
5920,0.00054604,47680.3
5921,0.00075141,47688.2
5922,0.00069743,47696.3
5923,0.00053765,47704.5
5924,0.00059235,47712.4
5925,0.00061516,47720.4
5926,0.00060349,47728.5
5927,0.00069458,47736.6
5928,0.00077756,47744.8
5929,0.00078555,47752.9
5930,0.00051258,47760.9
5931,0.00060845,47768.7
5932,0.00077376,47776.5
5933,0.00073421,47784.5
5934,0.00055368,47792.5
5935,0.00062743,47800.9
5936,0.00063899,47808.9
5937,0.00057537,47816.9
5938,0.00062884,47824.9
5939,0.00060527,47833.1
5940,0.00071231,47840.9
5941,0.00058349,47848.8
5942,0.00063269,47856.8
5943,0.00064275,47864.8
5944,0.00059300,47872.7
5945,0.00065756,47880.8
5946,0.00060643,47888.7
5947,0.00063599,47896.8
5948,0.00056647,47905.2
5949,0.00051394,47913.2
5950,0.00077939,47921.2
5951,0.00058542,47929.2
5952,0.00068567,47937.1
5953,0.00063941,47945.2
5954,0.00059205,47953.3
5955,0.00051379,47961.6
5956,0.00059577,47969.5
5957,0.00059032,47977.4
5958,0.00079603,47985.5
5959,0.00060767,47993.6
5960,0.00062096,48001.5
5961,0.00062708,48009.4
5962,0.00060510,48017.3
5963,0.00058136,48025.8
5964,0.00065780,48033.8
5965,0.00076127,48041.8
5966,0.00073446,48050.0
5967,0.00052830,48058.1
5968,0.00063027,48066.3
5969,0.00057589,48074.2
5970,0.00061835,48082.4
5971,0.00086832,48090.3
5972,0.00055700,48098.3
5973,0.00055990,48106.3
5974,0.00062427,48114.7
5975,0.00077934,48122.8
5976,0.00046736,48130.9
5977,0.00071066,48138.8
5978,0.00059727,48146.7
5979,0.00057580,48154.8
5980,0.00075254,48162.7
5981,0.00064447,48170.7
5982,0.00061218,48179.0
5983,0.00065660,48187.0
5984,0.00076425,48195.2
5985,0.00069462,48203.1
5986,0.00053272,48210.8
5987,0.00053989,48219.0
5988,0.00062495,48227.0
5989,0.00055840,48235.0
5990,0.00077283,48243.0
5991,0.00065580,48250.9
5992,0.00054357,48259.2
5993,0.00059233,48267.1
5994,0.00071818,48275.1
5995,0.00060683,48283.2
5996,0.00056627,48291.1
5997,0.00077749,48299.0
5998,0.00055575,48306.9
5999,0.00059029,48314.9
6000,0.00063833,48322.8
6001,0.00073798,48331.0
6002,0.00066867,48339.1
6003,0.00063019,48346.9
6004,0.00068288,48355.1
6005,0.00053791,48363.2
6006,0.00054469,48371.5
6007,0.00062374,48379.5
6008,0.00059667,48387.6
6009,0.00065639,48395.6
6010,0.00062954,48404.2
6011,0.00072298,48412.1
6012,0.00055862,48420.1
6013,0.00049793,48428.4
6014,0.00066620,48436.6
6015,0.00054727,48445.0
6016,0.00049481,48453.0
6017,0.00064513,48461.1
6018,0.00062998,48469.1
6019,0.00063206,48477.1
6020,0.00055525,48485.1
6021,0.00062000,48492.9
6022,0.00052937,48501.0
6023,0.00079202,48508.9
6024,0.00058772,48516.9
6025,0.00049268,48525.0
6026,0.00068890,48533.3
6027,0.00065107,48541.2
6028,0.00066480,48549.1
6029,0.00059060,48557.5
6030,0.00071400,48565.8
6031,0.00053797,48573.9
6032,0.00057118,48581.9
6033,0.00068636,48590.0
6034,0.00053438,48598.2
6035,0.00058787,48606.1
6036,0.00057799,48614.0
6037,0.00063078,48622.2
6038,0.00066959,48630.3
6039,0.00050213,48638.3
6040,0.00051426,48646.2
6041,0.00069063,48654.1
6042,0.00061224,48662.2
6043,0.00062169,48670.2
6044,0.00066500,48678.4
6045,0.00052289,48686.4
6046,0.00054319,48694.5
6047,0.00073228,48702.5
6048,0.00068801,48710.6
6049,0.00052949,48719.0
6050,0.00053883,48727.4
6051,0.00078298,48735.3
6052,0.00068637,48743.9
6053,0.00050259,48752.0
6054,0.00061897,48759.9
6055,0.00058100,48768.6
6056,0.00062595,48776.6
6057,0.00057669,48784.8
6058,0.00055395,48793.1
6059,0.00062909,48801.3
6060,0.00059586,48809.6
6061,0.00061684,48817.5
6062,0.00062431,48825.4
6063,0.00049095,48833.7
6064,0.00061349,48841.9
6065,0.00069434,48850.2
6066,0.00070637,48858.7
6067,0.00063111,48866.8
6068,0.00060305,48875.5
6069,0.00058406,48883.9
6070,0.00063566,48891.8
6071,0.00049133,48900.1
6072,0.00073543,48907.9
6073,0.00055435,48915.9
6074,0.00063882,48924.2
6075,0.00063967,48932.4
6076,0.00059558,48940.5
6077,0.00073868,48948.3
6078,0.00057252,48956.6
6079,0.00064426,48964.5
6080,0.00059427,48972.4
6081,0.00067782,48980.5
6082,0.00059094,48988.5
6083,0.00054008,48996.6
6084,0.00048703,49004.6
6085,0.00062892,49012.5
6086,0.00065464,49020.4
6087,0.00056144,49028.4
6088,0.00053929,49036.3
6089,0.00066294,49044.1
6090,0.00056857,49052.1
6091,0.00049968,49060.0
6092,0.00066355,49068.2
6093,0.00059841,49076.7
6094,0.00057687,49085.1
6095,0.00059588,49093.0
6096,0.00058805,49101.0
6097,0.00071850,49108.8
6098,0.00067441,49116.8
6099,0.00062756,49124.6
6100,0.00069336,49132.7
6101,0.00060788,49140.8
6102,0.00053136,49149.0
6103,0.00064917,49157.1
6104,0.00056139,49165.0
6105,0.00049783,49173.2
6106,0.00068114,49181.3
6107,0.00071388,49189.4
6108,0.00052580,49197.8
6109,0.00072852,49206.0
6110,0.00062847,49213.8
6111,0.00058908,49221.8
6112,0.00059154,49229.8
6113,0.00050932,49238.0
6114,0.00066122,49246.1
6115,0.00064112,49254.3
6116,0.00059700,49262.5
6117,0.00066444,49270.5
6118,0.00056173,49278.3
6119,0.00061847,49286.0
6120,0.00057091,49294.1
6121,0.00052685,49302.2
6122,0.00057166,49310.0
6123,0.00052187,49317.9
6124,0.00064273,49325.8
6125,0.00057144,49333.5
6126,0.00060136,49341.6
6127,0.00066616,49349.6
6128,0.00072268,49357.7
6129,0.00060888,49365.9
6130,0.00062225,49374.0
6131,0.00059199,49382.0
6132,0.00059608,49390.1
6133,0.00051311,49398.3
6134,0.00062471,49406.6
6135,0.00066896,49414.7
6136,0.00058323,49422.8
6137,0.00063416,49430.9
6138,0.00059984,49438.9
6139,0.00061854,49447.0
6140,0.00081063,49455.1
6141,0.00055605,49463.1
6142,0.00061929,49471.4
6143,0.00064556,49479.3
6144,0.00058284,49487.4
6145,0.00052636,49495.7
6146,0.00062113,49503.6
6147,0.00063154,49511.7
6148,0.00052674,49520.0
6149,0.00069561,49528.0
6150,0.00068862,49536.1
6151,0.00054016,49543.9
6152,0.00059667,49552.2
6153,0.00056876,49560.4
6154,0.00059974,49568.4
6155,0.00065211,49576.5
6156,0.00064521,49584.4
6157,0.00056643,49592.7
6158,0.00065039,49600.7
6159,0.00060703,49608.6
6160,0.00050714,49616.6
6161,0.00052344,49624.4
6162,0.00054521,49632.2
6163,0.00074103,49640.0
6164,0.00054197,49648.1
6165,0.00073674,49656.3
6166,0.00064603,49664.1
6167,0.00053771,49672.1
6168,0.00057208,49680.2
6169,0.00066958,49688.3
6170,0.00055637,49696.4
6171,0.00055083,49704.5
6172,0.00064181,49712.5
6173,0.00055043,49720.5
6174,0.00060744,49728.3
6175,0.00055289,49736.4
6176,0.00061472,49744.8
6177,0.00055295,49753.0
6178,0.00061658,49761.0
6179,0.00059670,49768.9
6180,0.00068874,49777.4
6181,0.00053614,49785.4
6182,0.00064847,49793.4
6183,0.00066332,49801.2
6184,0.00048342,49809.5
6185,0.00064250,49817.7
6186,0.00064622,49826.0
6187,0.00061623,49834.0
6188,0.00050374,49842.0
6189,0.00054980,49849.8
6190,0.00064610,49857.7
6191,0.00056890,49865.6
6192,0.00076255,49873.5
6193,0.00059162,49881.5
6194,0.00056932,49889.6
6195,0.00048649,49897.5
6196,0.00073312,49905.4
6197,0.00056135,49913.9
6198,0.00055121,49922.1
6199,0.00073141,49930.0
6200,0.00054665,49938.1
6201,0.00056555,49946.0
6202,0.00068715,49953.9
6203,0.00066065,49962.0
6204,0.00065299,49970.0
6205,0.00055067,49977.9
6206,0.00044959,49985.7
6207,0.00079935,49993.7
6208,0.00075492,50001.5
6209,0.00055476,50009.9
6210,0.00044853,50017.7
6211,0.00065703,50025.7
6212,0.00054252,50033.8
6213,0.00062756,50041.7
6214,0.00065647,50049.7
6215,0.00053559,50057.7
6216,0.00049042,50065.6
6217,0.00061963,50073.8
6218,0.00052237,50081.7
6219,0.00061334,50089.7
6220,0.00071321,50097.7
6221,0.00061769,50105.5
6222,0.00055103,50113.8
6223,0.00059670,50122.0
6224,0.00072155,50129.9
6225,0.00066628,50138.2
6226,0.00062629,50146.0
6227,0.00052944,50154.0
6228,0.00062078,50161.9
6229,0.00058536,50169.8
6230,0.00048874,50177.7
6231,0.00065979,50185.8
6232,0.00052155,50194.1
6233,0.00062803,50202.5
6234,0.00069281,50210.4
6235,0.00064003,50218.3
6236,0.00063964,50226.1
6237,0.00066348,50234.2
6238,0.00073603,50242.4
6239,0.00059787,50250.6
6240,0.00057052,50258.8
6241,0.00060153,50267.2
6242,0.00053838,50275.3
6243,0.00057533,50283.2
6244,0.00043552,50291.2
6245,0.00084819,50299.1
6246,0.00055924,50307.2
6247,0.00051767,50315.1
6248,0.00056796,50322.9
6249,0.00056149,50330.7
6250,0.00058628,50338.8
6251,0.00059183,50346.7
6252,0.00057473,50354.8
6253,0.00063717,50363.0
6254,0.00049570,50371.2
6255,0.00047570,50379.0
6256,0.00074380,50387.0
6257,0.00055377,50394.9
6258,0.00056431,50403.2
6259,0.00057662,50411.2
6260,0.00068583,50419.3
6261,0.00049075,50427.3
6262,0.00069558,50435.2
6263,0.00062313,50443.0
6264,0.00057690,50450.9
6265,0.00066529,50458.8
6266,0.00049526,50467.3
6267,0.00052938,50475.1
6268,0.00069733,50483.1
6269,0.00063839,50490.9
6270,0.00060781,50499.0
6271,0.00062468,50507.4
6272,0.00058788,50515.7
6273,0.00060849,50524.0
6274,0.00061533,50532.0
6275,0.00055480,50540.0
6276,0.00058262,50548.1
6277,0.00053249,50556.0
6278,0.00065958,50564.3
6279,0.00073604,50572.3
6280,0.00052976,50580.7
6281,0.00046957,50588.7
6282,0.00066389,50596.6
6283,0.00064807,50604.6
6284,0.00081655,50612.8
6285,0.00068624,50620.7
6286,0.00066927,50629.0
6287,0.00058230,50637.2
6288,0.00060293,50645.4
6289,0.00058875,50653.5
6290,0.00054974,50661.9
6291,0.00047950,50669.7
6292,0.00061095,50677.6
6293,0.00056840,50685.6
6294,0.00060506,50693.5
6295,0.00067977,50701.6
6296,0.00051000,50709.5
6297,0.00054966,50717.4
6298,0.00051935,50725.4
6299,0.00057385,50733.6
6300,0.00061340,50741.8
6301,0.00058498,50749.9
6302,0.00050024,50758.0
6303,0.00057744,50765.9
6304,0.00053615,50774.2
6305,0.00058918,50782.3
6306,0.00058168,50790.3
6307,0.00057367,50798.2
6308,0.00051436,50806.2
6309,0.00050376,50814.3
6310,0.00059651,50823.2
6311,0.00069396,50831.2
6312,0.00073537,50839.4
6313,0.00051244,50847.2
6314,0.00061319,50855.1
6315,0.00051951,50863.5
6316,0.00061184,50871.9
6317,0.00058287,50879.7
6318,0.00053139,50887.5
6319,0.00067163,50895.7
6320,0.00077520,50903.9
6321,0.00055915,50912.1
6322,0.00060161,50920.0
6323,0.00060092,50928.4
6324,0.00062242,50936.5
6325,0.00056383,50944.7
6326,0.00054450,50952.7
6327,0.00061037,50960.6
6328,0.00050860,50968.5
6329,0.00053777,50976.4
6330,0.00060050,50984.3
6331,0.00071463,50992.3
6332,0.00065020,51000.3
6333,0.00066630,51008.2
6334,0.00061536,51016.2
6335,0.00048437,51024.2
6336,0.00067964,51032.5
6337,0.00056102,51040.7
6338,0.00069023,51048.6
6339,0.00054125,51056.7
6340,0.00061331,51064.8
6341,0.00056875,51072.8
6342,0.00059287,51080.7
6343,0.00054066,51088.7
6344,0.00051960,51096.8
6345,0.00061882,51104.8
6346,0.00054581,51112.6
6347,0.00052274,51120.4
6348,0.00062742,51128.4
6349,0.00060314,51136.6
6350,0.00053224,51144.7
6351,0.00054570,51152.8
6352,0.00076060,51160.7
6353,0.00055247,51168.7
6354,0.00051260,51176.6
6355,0.00069505,51184.6
6356,0.00058645,51192.4
6357,0.00048454,51200.6
6358,0.00075333,51208.6
6359,0.00053119,51216.7
6360,0.00055932,51224.8
6361,0.00057354,51232.9
6362,0.00054779,51240.9
6363,0.00056711,51249.1
6364,0.00058730,51256.9
6365,0.00061121,51264.9
6366,0.00052484,51273.0
6367,0.00051590,51281.1
6368,0.00070711,51289.2
6369,0.00068383,51297.4
6370,0.00057274,51306.1
6371,0.00062380,51314.3
6372,0.00060880,51322.2
6373,0.00062804,51330.2
6374,0.00056986,51338.1
6375,0.00051384,51346.2
6376,0.00060164,51354.1
6377,0.00049430,51362.1
6378,0.00050701,51370.4
6379,0.00059731,51378.3
6380,0.00058476,51386.4
6381,0.00050871,51394.4
6382,0.00060939,51402.4
6383,0.00060056,51410.4
6384,0.00061528,51418.4
6385,0.00051248,51426.6
6386,0.00049427,51434.6
6387,0.00059790,51442.5
6388,0.00054071,51450.5
6389,0.00052117,51458.4
6390,0.00068263,51466.2
6391,0.00073742,51474.1
6392,0.00056301,51482.1
6393,0.00048687,51490.2
6394,0.00051805,51498.2
6395,0.00060560,51506.4
6396,0.00068170,51514.7
6397,0.00056692,51522.8
6398,0.00054971,51531.0
6399,0.00058647,51539.3
6400,0.00051820,51547.5
6401,0.00057011,51555.5
6402,0.00057379,51563.7
6403,0.00052642,51571.7
6404,0.00050534,51579.8
6405,0.00057686,51587.9
6406,0.00059581,51596.1
6407,0.00048758,51604.1
6408,0.00071354,51612.3
6409,0.00056302,51620.4
6410,0.00047022,51628.5
6411,0.00058223,51636.5
6412,0.00053008,51644.6
6413,0.00071247,51652.7
6414,0.00052526,51661.0
6415,0.00062561,51669.1
6416,0.00053657,51676.9
6417,0.00064512,51684.7
6418,0.00056974,51692.9
6419,0.00062075,51700.8
6420,0.00052430,51708.7
6421,0.00057303,51716.5
6422,0.00063596,51724.4
6423,0.00055839,51732.6
6424,0.00060053,51740.5
6425,0.00057286,51748.6
6426,0.00062392,51757.3
6427,0.00045070,51765.5
6428,0.00063085,51774.3
6429,0.00053964,51782.2
6430,0.00070801,51790.2
6431,0.00057959,51798.1
6432,0.00058093,51806.1
6433,0.00064162,51813.9
6434,0.00060934,51822.1
6435,0.00044973,51829.9
6436,0.00058761,51838.2
6437,0.00054794,51846.2
6438,0.00062633,51854.4
6439,0.00060590,51862.4
6440,0.00060644,51870.3
6441,0.00052217,51878.3
6442,0.00062102,51886.2
6443,0.00046825,51894.0
6444,0.00059650,51901.8
6445,0.00061262,51909.9
6446,0.00045609,51918.2
6447,0.00071971,51926.2
6448,0.00047149,51934.1
6449,0.00063398,51942.2
6450,0.00047661,51950.6
6451,0.00072140,51958.6
6452,0.00057129,51966.9
6453,0.00056794,51974.8
6454,0.00056062,51983.0
6455,0.00052342,51990.9
6456,0.00059499,51998.9
6457,0.00051084,52007.2
6458,0.00078667,52015.6
6459,0.00046583,52023.8
6460,0.00055464,52031.9
6461,0.00081370,52039.6
6462,0.00039775,52047.5
6463,0.00065291,52055.3
6464,0.00058342,52063.2
6465,0.00053994,52071.2
6466,0.00049338,52078.9
6467,0.00044258,52087.0
6468,0.00075141,52095.0
6469,0.00057668,52102.9
6470,0.00052632,52110.9
6471,0.00073477,52118.8
6472,0.00052262,52126.9
6473,0.00050962,52135.0
6474,0.00059792,52142.9
6475,0.00056916,52150.9
6476,0.00046126,52159.0
6477,0.00073354,52167.5
6478,0.00061593,52175.7
6479,0.00047853,52183.8
6480,0.00050063,52191.9
6481,0.00058453,52199.8
6482,0.00071963,52208.1
6483,0.00060688,52215.9
6484,0.00060294,52223.9
6485,0.00060130,52232.1
6486,0.00054920,52240.1
6487,0.00054721,52248.5
6488,0.00067364,52256.7
6489,0.00062457,52265.1
6490,0.00058940,52273.0
6491,0.00045761,52281.3
6492,0.00053849,52289.6
6493,0.00070628,52297.5
6494,0.00055474,52305.6
6495,0.00064564,52313.6
6496,0.00058065,52321.5
6497,0.00060649,52330.2
6498,0.00043695,52338.1
6499,0.00057463,52346.2
6500,0.00055586,52354.2
6501,0.00053637,52362.2
6502,0.00053345,52370.3
6503,0.00055195,52378.4
6504,0.00066411,52386.9
6505,0.00046634,52394.9
6506,0.00065241,52402.8
6507,0.00050861,52411.1
6508,0.00057454,52419.1
6509,0.00058624,52427.2
6510,0.00056190,52435.2
6511,0.00049215,52443.4
6512,0.00050070,52451.3
6513,0.00060237,52459.3
6514,0.00062371,52467.3
6515,0.00052265,52475.3
6516,0.00061427,52483.3
6517,0.00054848,52491.6
6518,0.00057244,52499.8
6519,0.00055269,52507.6
6520,0.00055688,52515.6
6521,0.00053210,52523.8
6522,0.00041879,52532.0
6523,0.00058036,52540.0
6524,0.00075801,52548.1
6525,0.00048005,52556.0
6526,0.00064294,52564.2
6527,0.00064522,52572.1
6528,0.00048750,52580.3
6529,0.00048671,52588.2
6530,0.00045810,52596.5
6531,0.00056440,52604.8
6532,0.00051948,52612.8
6533,0.00058557,52620.6
6534,0.00053032,52628.7
6535,0.00058720,52637.1
6536,0.00056773,52645.1
6537,0.00061820,52653.2
6538,0.00067356,52661.1
6539,0.00049185,52669.1
6540,0.00042412,52676.9
6541,0.00051809,52684.8
6542,0.00062377,52692.7
6543,0.00060169,52701.2
6544,0.00049148,52709.5
6545,0.00048824,52717.7
6546,0.00065400,52726.2
6547,0.00057472,52734.1
6548,0.00064511,52742.3
6549,0.00053975,52750.6
6550,0.00057487,52758.8
6551,0.00054669,52766.9
6552,0.00060461,52775.1
6553,0.00060673,52783.1
6554,0.00048574,52791.1
6555,0.00061767,52798.9
6556,0.00062519,52807.1
6557,0.00044037,52815.3
6558,0.00055519,52823.3
6559,0.00063700,52831.2
6560,0.00061191,52839.2
6561,0.00043337,52847.4
6562,0.00052488,52855.4
6563,0.00067296,52863.6
6564,0.00046860,52871.6
6565,0.00053817,52879.5
6566,0.00070491,52887.4
6567,0.00052745,52895.5
6568,0.00054758,52903.3
6569,0.00049307,52911.2
6570,0.00057099,52919.1
6571,0.00068986,52927.0
6572,0.00069370,52935.4
6573,0.00050761,52943.2
6574,0.00058925,52951.0
6575,0.00060787,52959.1
6576,0.00047953,52966.9
6577,0.00066759,52974.7
6578,0.00057433,52982.8
6579,0.00064271,52991.3
6580,0.00062753,52999.4
6581,0.00044967,53007.3
6582,0.00052641,53015.5
6583,0.00054667,53023.3
6584,0.00048638,53031.2
6585,0.00054007,53039.6
6586,0.00076386,53047.5
6587,0.00047936,53056.1
6588,0.00054222,53064.0
6589,0.00052727,53071.9
6590,0.00048711,53079.8
6591,0.00053500,53088.0
6592,0.00064771,53096.0
6593,0.00058093,53104.0
6594,0.00047813,53111.9
6595,0.00060655,53119.8
6596,0.00058929,53127.8
6597,0.00053505,53136.2
6598,0.00047547,53144.0
6599,0.00036974,53152.1
6600,0.00055573,53160.0
6601,0.00050255,53168.0
6602,0.00060414,53175.9
6603,0.00050443,53184.1
6604,0.00049052,53192.3
6605,0.00070285,53200.2
6606,0.00049027,53208.6
6607,0.00048391,53216.5
6608,0.00052902,53224.4
6609,0.00056162,53232.6
6610,0.00056783,53240.6
6611,0.00056425,53248.6
6612,0.00071035,53256.4
6613,0.00044439,53264.5
6614,0.00050670,53273.0
6615,0.00059116,53281.3
6616,0.00063307,53289.2
6617,0.00053593,53297.3
6618,0.00054989,53305.4
6619,0.00046317,53313.2
6620,0.00054654,53321.0
6621,0.00065175,53329.4
6622,0.00048763,53337.4
6623,0.00052005,53345.7
6624,0.00061334,53353.6
6625,0.00053873,53361.5
6626,0.00054805,53369.5
6627,0.00055330,53377.5
6628,0.00062371,53385.7
6629,0.00055824,53393.6
6630,0.00057730,53401.7
6631,0.00065880,53410.0
6632,0.00051622,53417.8
6633,0.00061190,53425.7
6634,0.00064747,53433.7
6635,0.00053408,53441.6
6636,0.00064644,53449.9
6637,0.00048307,53458.0
6638,0.00039809,53466.1
6639,0.00065120,53474.0
6640,0.00050183,53482.2
6641,0.00054601,53490.7
6642,0.00051475,53498.9
6643,0.00041251,53507.0
6644,0.00055894,53515.1
6645,0.00047722,53523.2
6646,0.00062474,53531.4
6647,0.00053808,53539.3
6648,0.00060908,53547.4
6649,0.00047834,53555.5
6650,0.00051800,53563.4
6651,0.00052838,53571.7
6652,0.00053430,53579.7
6653,0.00057817,53587.6
6654,0.00064608,53595.9
6655,0.00049617,53604.0
6656,0.00051675,53612.1
6657,0.00049207,53620.2
6658,0.00054051,53628.2
6659,0.00058260,53636.1
6660,0.00049417,53644.2
6661,0.00053520,53652.2
6662,0.00055235,53660.3
6663,0.00061476,53668.2
6664,0.00070372,53676.2
6665,0.00050813,53684.4
6666,0.00057602,53692.5
6667,0.00047553,53700.7
6668,0.00061646,53708.7
6669,0.00052582,53716.7
6670,0.00045020,53724.8
6671,0.00061557,53732.6
6672,0.00063663,53740.8
6673,0.00049139,53748.9
6674,0.00048036,53757.1
6675,0.00064881,53765.1
6676,0.00071263,53772.9
6677,0.00045832,53780.8
6678,0.00045646,53788.7
6679,0.00061183,53796.7
6680,0.00062324,53805.2
6681,0.00047093,53813.7
6682,0.00051955,53821.7
6683,0.00065289,53829.8
6684,0.00057734,53837.8
6685,0.00046677,53846.0
6686,0.00060717,53854.2
6687,0.00054596,53862.2
6688,0.00059405,53870.5
6689,0.00052499,53878.7
6690,0.00050295,53886.7
6691,0.00048552,53894.5
6692,0.00062755,53902.7
6693,0.00045999,53910.8
6694,0.00056525,53918.6
6695,0.00039077,53926.8
6696,0.00046983,53934.6
6697,0.00060462,53942.9
6698,0.00053011,53950.8
6699,0.00055116,53958.8
6700,0.00055570,53966.6
6701,0.00056515,53974.5
6702,0.00061682,53982.8
6703,0.00053608,53991.2
6704,0.00048594,53999.6
6705,0.00047497,54007.4
6706,0.00063697,54015.6
6707,0.00048012,54023.6
6708,0.00050930,54031.5
6709,0.00056958,54039.5
6710,0.00052553,54047.5
6711,0.00058978,54055.4
6712,0.00039126,54063.5
6713,0.00060293,54071.7
6714,0.00052046,54079.7
6715,0.00061195,54087.8
6716,0.00038909,54095.6
6717,0.00053800,54103.7
6718,0.00053809,54111.7
6719,0.00066044,54120.0
6720,0.00062362,54128.1
6721,0.00055989,54136.2
6722,0.00044101,54144.3
6723,0.00050464,54152.2
6724,0.00056348,54160.0
6725,0.00064211,54168.1
6726,0.00060000,54176.1
6727,0.00047843,54184.1
6728,0.00050584,54191.9
6729,0.00047795,54199.8
6730,0.00058920,54207.8
6731,0.00058699,54215.6
6732,0.00046255,54223.4
6733,0.00048720,54231.4
6734,0.00056281,54239.4
6735,0.00057494,54247.6
6736,0.00059465,54255.6
6737,0.00043133,54263.8
6738,0.00069710,54272.6
6739,0.00050784,54281.0
6740,0.00052109,54289.0
6741,0.00045111,54297.5
6742,0.00054199,54305.3
6743,0.00069878,54313.6
6744,0.00057104,54321.7
6745,0.00056762,54329.8
6746,0.00046412,54337.8
6747,0.00053093,54345.7
6748,0.00046667,54353.6
6749,0.00047649,54361.7
6750,0.00048161,54369.7
6751,0.00048010,54378.1
6752,0.00054174,54386.2
6753,0.00045779,54394.4
6754,0.00058569,54402.6
6755,0.00061438,54411.1
6756,0.00055597,54419.8
6757,0.00045532,54427.8
6758,0.00059437,54435.8
6759,0.00048842,54443.9
6760,0.00059304,54451.8
6761,0.00056218,54459.8
6762,0.00051099,54467.8
6763,0.00059940,54476.0
6764,0.00064043,54484.5
6765,0.00044744,54492.3
6766,0.00061652,54500.6
6767,0.00046252,54508.7
6768,0.00053671,54516.5
6769,0.00041760,54524.6
6770,0.00073134,54532.7
6771,0.00055199,54540.9
6772,0.00051294,54548.8
6773,0.00049591,54556.9
6774,0.00056508,54564.9
6775,0.00056851,54572.9
6776,0.00055378,54581.0
6777,0.00053877,54589.0
6778,0.00053752,54597.1
6779,0.00060779,54605.1
6780,0.00058757,54613.1
6781,0.00048814,54621.0
6782,0.00046261,54628.9
6783,0.00042367,54636.9
6784,0.00050950,54645.0
6785,0.00062329,54652.9
6786,0.00044903,54661.1
6787,0.00058968,54669.1
6788,0.00043806,54677.0
6789,0.00077195,54685.2
6790,0.00041275,54693.2
6791,0.00059256,54701.0
6792,0.00051523,54708.8
6793,0.00046069,54716.7
6794,0.00049981,54724.5
6795,0.00059971,54732.5
6796,0.00054800,54740.4
6797,0.00059765,54748.5
6798,0.00069356,54756.5
6799,0.00050772,54764.6
6800,0.00053979,54772.4
6801,0.00047767,54780.3
6802,0.00059680,54788.2
6803,0.00050319,54796.1
6804,0.00044082,54803.9
6805,0.00054091,54811.9
6806,0.00044010,54819.8
6807,0.00060685,54827.7
6808,0.00039906,54835.8
6809,0.00072966,54843.7
6810,0.00054792,54851.5
6811,0.00046945,54859.4
6812,0.00063012,54868.0
6813,0.00049943,54876.3
6814,0.00054521,54884.2
6815,0.00070551,54892.3
6816,0.00039838,54900.3
6817,0.00059515,54908.3
6818,0.00047544,54916.4
6819,0.00053229,54924.7
6820,0.00049095,54932.9
6821,0.00057041,54940.8
6822,0.00051781,54948.9
6823,0.00054534,54956.7
6824,0.00062579,54964.5
6825,0.00057475,54972.3
6826,0.00062561,54980.5
6827,0.00044608,54988.3
6828,0.00042330,54996.2
6829,0.00066783,55004.6
6830,0.00056183,55012.7
6831,0.00058901,55020.5
6832,0.00062986,55028.5
6833,0.00048111,55036.3
6834,0.00046040,55044.3
6835,0.00045139,55052.2
6836,0.00059993,55060.1
6837,0.00050172,55068.2
6838,0.00056351,55076.3
6839,0.00056291,55084.6
6840,0.00057522,55093.3
6841,0.00047303,55101.5
6842,0.00051919,55109.4
6843,0.00056255,55117.2
6844,0.00045415,55125.1
6845,0.00061194,55133.1
6846,0.00065603,55141.2
6847,0.00044042,55149.4
6848,0.00060682,55157.2
6849,0.00054258,55165.0
6850,0.00049711,55173.0
6851,0.00049488,55180.8
6852,0.00060625,55189.3
6853,0.00062649,55197.1
6854,0.00046340,55205.1
6855,0.00056215,55213.2
6856,0.00052168,55221.0
6857,0.00055569,55229.0
6858,0.00055877,55237.0
6859,0.00058230,55245.0
6860,0.00058965,55253.2
6861,0.00077001,55261.0
6862,0.00049309,55269.4
6863,0.00046943,55277.3
6864,0.00067871,55285.6
6865,0.00049290,55293.9
6866,0.00051680,55301.9
6867,0.00040460,55309.8
6868,0.00051520,55318.0
6869,0.00054472,55326.4
6870,0.00054386,55334.2
6871,0.00051392,55342.2
6872,0.00054700,55350.1
6873,0.00047030,55358.1
6874,0.00047955,55366.1
6875,0.00044471,55373.9
6876,0.00047979,55382.0
6877,0.00046769,55389.9
6878,0.00056701,55397.8
6879,0.00042511,55405.7
6880,0.00059671,55414.0
6881,0.00056099,55422.7
6882,0.00049255,55431.1
6883,0.00058519,55438.9
6884,0.00041038,55447.0
6885,0.00060921,55454.9
6886,0.00048797,55462.9
6887,0.00054854,55470.8
6888,0.00050848,55478.7
6889,0.00062430,55486.9
6890,0.00048942,55495.0
6891,0.00060697,55503.5
6892,0.00045529,55511.3
6893,0.00049544,55519.5
6894,0.00063220,55527.3
6895,0.00039583,55535.2
6896,0.00066056,55543.3
6897,0.00050954,55551.4
6898,0.00058787,55559.7
6899,0.00043435,55568.0
6900,0.00046667,55575.9
6901,0.00061973,55583.9
6902,0.00044811,55592.4
6903,0.00068581,55600.6
6904,0.00052001,55608.7
6905,0.00048144,55616.6
6906,0.00043483,55624.4
6907,0.00046078,55632.3
6908,0.00077206,55640.6
6909,0.00052723,55648.5
6910,0.00043988,55656.4
6911,0.00066692,55664.3
6912,0.00047841,55672.6
6913,0.00055635,55680.6
6914,0.00049341,55688.6
6915,0.00039788,55696.8
6916,0.00068324,55705.1
6917,0.00056995,55713.3
6918,0.00040620,55721.3
6919,0.00063289,55729.1
6920,0.00050507,55737.0
6921,0.00062150,55745.0
6922,0.00051696,55752.9
6923,0.00049617,55760.8
6924,0.00052099,55768.8
6925,0.00052044,55777.0
6926,0.00070813,55785.0
6927,0.00048637,55793.0
6928,0.00053814,55801.0
6929,0.00047072,55809.3
6930,0.00049338,55817.4
6931,0.00070666,55825.6
6932,0.00056231,55834.1
6933,0.00047268,55842.1
6934,0.00042813,55850.2
6935,0.00050731,55858.2
6936,0.00088252,55866.3
6937,0.00043786,55874.4
6938,0.00054731,55882.3
6939,0.00049978,55890.2
6940,0.00053945,55898.3
6941,0.00046199,55906.5
6942,0.00047195,55914.8
6943,0.00054102,55922.7
6944,0.00053934,55931.0
6945,0.00050851,55939.2
6946,0.00061450,55947.5
6947,0.00045550,55955.7
6948,0.00051811,55963.5
6949,0.00056038,55971.4
6950,0.00067107,55979.3
6951,0.00056168,55987.5
6952,0.00049775,55995.4
6953,0.00043259,56003.4
6954,0.00055160,56011.4
6955,0.00058898,56019.8
6956,0.00045626,56028.1
6957,0.00052314,56036.1
6958,0.00067578,56044.3
6959,0.00053397,56052.1
6960,0.00053897,56060.2
6961,0.00051030,56068.3
6962,0.00040926,56076.3
6963,0.00063012,56084.2
6964,0.00039386,56092.3
6965,0.00054526,56100.5
6966,0.00053212,56108.6
6967,0.00051182,56116.5
6968,0.00055159,56124.5
6969,0.00047902,56132.4
6970,0.00054367,56140.3
6971,0.00061738,56148.1
6972,0.00051260,56156.2
6973,0.00053039,56164.2
6974,0.00038622,56172.3
6975,0.00059419,56180.3
6976,0.00039500,56188.4
6977,0.00050060,56196.2
6978,0.00064231,56204.1
6979,0.00051415,56212.0
6980,0.00049173,56220.1
6981,0.00049633,56228.2
6982,0.00047193,56236.1
6983,0.00048999,56244.1
6984,0.00045825,56252.2
6985,0.00058055,56260.3
6986,0.00040601,56268.4
6987,0.00045506,56276.3
6988,0.00056094,56284.4
6989,0.00068655,56292.4
6990,0.00046802,56300.4
6991,0.00044889,56308.3
6992,0.00057556,56316.2
6993,0.00059699,56324.2
6994,0.00049466,56332.2
6995,0.00051549,56340.4
6996,0.00047992,56348.2
6997,0.00064510,56356.0
6998,0.00054963,56364.0
6999,0.00054761,56371.9
7000,0.00047378,56379.7
7001,0.00039683,56387.7
7002,0.00065284,56395.9
7003,0.00058856,56403.8
7004,0.00062429,56411.6
7005,0.00051889,56419.5
7006,0.00049256,56427.6
7007,0.00048669,56435.6
7008,0.00051225,56443.8
7009,0.00050253,56451.6
7010,0.00049717,56459.5
7011,0.00059535,56467.4
7012,0.00045072,56475.6
7013,0.00039260,56483.5
7014,0.00063363,56491.7
7015,0.00049116,56499.7
7016,0.00044571,56507.9
7017,0.00054517,56515.8
7018,0.00055735,56523.7
7019,0.00043613,56531.5
7020,0.00046279,56539.4
7021,0.00059215,56547.2
7022,0.00047257,56555.3
7023,0.00058393,56563.4
7024,0.00054016,56571.8
7025,0.00058433,56579.7
7026,0.00045141,56587.5
7027,0.00042153,56595.4
7028,0.00056055,56603.5
7029,0.00051424,56611.6
7030,0.00053752,56619.6
7031,0.00046368,56627.5
7032,0.00042050,56635.6
7033,0.00056706,56643.4
7034,0.00041141,56651.6
7035,0.00048091,56659.6
7036,0.00041915,56667.8
7037,0.00069239,56675.7
7038,0.00036210,56683.6
7039,0.00046889,56691.5
7040,0.00051588,56699.4
7041,0.00055245,56707.7
7042,0.00049057,56715.8
7043,0.00046203,56723.9
7044,0.00048004,56731.9
7045,0.00049246,56739.8
7046,0.00054362,56747.6
7047,0.00057459,56755.4
7048,0.00060135,56763.7
7049,0.00045477,56771.8
7050,0.00050550,56779.6
7051,0.00050203,56787.5
7052,0.00054656,56795.6
7053,0.00042464,56803.5
7054,0.00051835,56811.9
7055,0.00049551,56820.4
7056,0.00046444,56828.4
7057,0.00062564,56836.3
7058,0.00056629,56844.2
7059,0.00061509,56852.1
7060,0.00047614,56860.0
7061,0.00042553,56868.0
7062,0.00052232,56876.3
7063,0.00039740,56884.1
7064,0.00052002,56892.0
7065,0.00045253,56899.8
7066,0.00053752,56908.1
7067,0.00056729,56916.3
7068,0.00053292,56924.3
7069,0.00047882,56932.3
7070,0.00048100,56940.5
7071,0.00049687,56948.3
7072,0.00051723,56956.1
7073,0.00039357,56964.3
7074,0.00050566,56972.3
7075,0.00066954,56980.4
7076,0.00058023,56988.3
7077,0.00044783,56996.3
7078,0.00051597,57004.3
7079,0.00042933,57012.1
7080,0.00048980,57020.1
7081,0.00042629,57028.5
7082,0.00054711,57036.4
7083,0.00055114,57044.2
7084,0.00054342,57052.4
7085,0.00051492,57060.3
7086,0.00055849,57068.6
7087,0.00048209,57076.6
7088,0.00051492,57084.5
7089,0.00051519,57092.4
7090,0.00048889,57100.4
7091,0.00052274,57108.3
7092,0.00062093,57116.8
7093,0.00054402,57124.8
7094,0.00043774,57133.0
7095,0.00049764,57140.9
7096,0.00061896,57149.0
7097,0.00050630,57157.1
7098,0.00039560,57165.0
7099,0.00050872,57173.3
7100,0.00054565,57181.2
7101,0.00050132,57189.2
7102,0.00047481,57197.2
7103,0.00048305,57205.2
7104,0.00048988,57213.2
7105,0.00055979,57221.1
7106,0.00052792,57229.1
7107,0.00047020,57237.6
7108,0.00040593,57245.7
7109,0.00049483,57253.7
7110,0.00053427,57261.8
7111,0.00051430,57269.8
7112,0.00037878,57277.8
7113,0.00044490,57285.9
7114,0.00047264,57293.8
7115,0.00045890,57301.7
7116,0.00044944,57309.7
7117,0.00055439,57317.7
7118,0.00059834,57325.8
7119,0.00058672,57333.9
7120,0.00052279,57342.1
7121,0.00049052,57350.2
7122,0.00045050,57358.1
7123,0.00042803,57366.3
7124,0.00045059,57374.2
7125,0.00052875,57382.0
7126,0.00053788,57390.3
7127,0.00043500,57398.7
7128,0.00054127,57406.8
7129,0.00041034,57414.9
7130,0.00061238,57423.4
7131,0.00049519,57431.3
7132,0.00044984,57439.5
7133,0.00059966,57447.5
7134,0.00052387,57456.0
7135,0.00042764,57464.2
7136,0.00047164,57472.5
7137,0.00054209,57480.4
7138,0.00048711,57488.4
7139,0.00047172,57497.1
7140,0.00056028,57505.4
7141,0.00056091,57513.5
7142,0.00050375,57521.3
7143,0.00051800,57529.2
7144,0.00047126,57537.1
7145,0.00043396,57545.2
7146,0.00043231,57553.0
7147,0.00059048,57561.0
7148,0.00051040,57568.9
7149,0.00057633,57576.9
7150,0.00053845,57585.0
7151,0.00046068,57593.4
7152,0.00048422,57601.4
7153,0.00042064,57609.4
7154,0.00056566,57617.3
7155,0.00048077,57625.5
7156,0.00057077,57633.3
7157,0.00044265,57641.3
7158,0.00061282,57649.4
7159,0.00062451,57657.5
7160,0.00055704,57665.3
7161,0.00049279,57673.3
7162,0.00051787,57681.4
7163,0.00056029,57689.4
7164,0.00046716,57697.3
7165,0.00061831,57705.8
7166,0.00055722,57713.9
7167,0.00046820,57721.9
7168,0.00038001,57730.2
7169,0.00068329,57738.1
7170,0.00053754,57746.1
7171,0.00052215,57754.2
7172,0.00047720,57762.1
7173,0.00058902,57770.1
7174,0.00055278,57777.9
7175,0.00056609,57785.8
7176,0.00057729,57793.8
7177,0.00038386,57802.4
7178,0.00047538,57810.4
7179,0.00055679,57818.6
7180,0.00044183,57826.4
7181,0.00053527,57834.2
7182,0.00055916,57842.5
7183,0.00039583,57850.4
7184,0.00055489,57858.2
7185,0.00058624,57866.2
7186,0.00058430,57874.0
7187,0.00047196,57882.1
7188,0.00044187,57890.1
7189,0.00042385,57898.3
7190,0.00044069,57906.2
7191,0.00051290,57914.4
7192,0.00055705,57922.5
7193,0.00056228,57930.6
7194,0.00045905,57938.5
7195,0.00058638,57946.6
7196,0.00051716,57954.9
7197,0.00051299,57962.7
7198,0.00039929,57970.5
7199,0.00036846,57978.6
7200,0.00044616,57986.7
7201,0.00054856,57994.8
7202,0.00054428,58002.9
7203,0.00051161,58010.9
7204,0.00044767,58018.8
7205,0.00039757,58026.9
7206,0.00075824,58034.9
7207,0.00047731,58043.2
7208,0.00051401,58051.4
7209,0.00048370,58059.4
7210,0.00042583,58067.6
7211,0.00048078,58075.6
7212,0.00059545,58083.5
7213,0.00058855,58091.7
7214,0.00041716,58099.5
7215,0.00050111,58107.6
7216,0.00040360,58115.6
7217,0.00048520,58123.8
7218,0.00046843,58131.8
7219,0.00050211,58139.9
7220,0.00044193,58147.9
7221,0.00053834,58156.1
7222,0.00041555,58163.9
7223,0.00052185,58171.7
7224,0.00049059,58180.0
7225,0.00055279,58188.2
7226,0.00062330,58196.3
7227,0.00057205,58204.0
7228,0.00040103,58212.0
7229,0.00061056,58219.9
7230,0.00048986,58227.7
7231,0.00043550,58235.8
7232,0.00051938,58243.9
7233,0.00054967,58251.8
7234,0.00043651,58259.7
7235,0.00048895,58267.5
7236,0.00052416,58275.6
7237,0.00047292,58283.6
7238,0.00051488,58291.7
7239,0.00059666,58299.6
7240,0.00046402,58307.8
7241,0.00059058,58315.8
7242,0.00048293,58323.9
7243,0.00047949,58332.2
7244,0.00051324,58340.6
7245,0.00038446,58348.5
7246,0.00043492,58356.7
7247,0.00058947,58364.8
7248,0.00051269,58372.9
7249,0.00039072,58381.2
7250,0.00052141,58389.1
7251,0.00048063,58397.0
7252,0.00044918,58405.3
7253,0.00048769,58413.2
7254,0.00069741,58421.4
7255,0.00047995,58429.7
7256,0.00047510,58437.6
7257,0.00049669,58446.2
7258,0.00059396,58454.2
7259,0.00046187,58462.4
7260,0.00047515,58470.2
7261,0.00039959,58478.0
7262,0.00054257,58485.9
7263,0.00045331,58493.8
7264,0.00047317,58502.0
7265,0.00045212,58510.0
7266,0.00044349,58518.2
7267,0.00041365,58526.3
7268,0.00050030,58534.3
7269,0.00041067,58542.3
7270,0.00080200,58550.5
7271,0.00057062,58558.4
7272,0.00051662,58566.7
7273,0.00045299,58574.6
7274,0.00046833,58582.9
7275,0.00059128,58590.8
7276,0.00046131,58599.2
7277,0.00045297,58607.4
7278,0.00043044,58615.7
7279,0.00050485,58623.7
7280,0.00042203,58631.8
7281,0.00045060,58639.9
7282,0.00044561,58647.8
7283,0.00049601,58655.8
7284,0.00039044,58663.9
7285,0.00050502,58671.9
7286,0.00064162,58680.0
7287,0.00046929,58687.8
7288,0.00050159,58695.6
7289,0.00044856,58703.7
7290,0.00045437,58712.0
7291,0.00048695,58719.9
7292,0.00054293,58727.7
7293,0.00049443,58735.7
7294,0.00049052,58743.9
7295,0.00043624,58751.8
7296,0.00045405,58760.1
7297,0.00057273,58768.0
7298,0.00048352,58776.1
7299,0.00061268,58784.1
7300,0.00046653,58792.7
7301,0.00053500,58800.5
7302,0.00050156,58808.9
7303,0.00046562,58817.2
7304,0.00055312,58825.3
7305,0.00046012,58833.4
7306,0.00043936,58841.8
7307,0.00046705,58849.6
7308,0.00044503,58857.8
7309,0.00064953,58866.0
7310,0.00037594,58873.9
7311,0.00058932,58881.8
7312,0.00052783,58890.2
7313,0.00050351,58898.1
7314,0.00046444,58906.0
7315,0.00043788,58914.1
7316,0.00040213,58922.1
7317,0.00060032,58930.0
7318,0.00044577,58938.1
7319,0.00055313,58945.9
7320,0.00035785,58954.5
7321,0.00039726,58962.9
7322,0.00053284,58970.9
7323,0.00049678,58979.1
7324,0.00055644,58986.9
7325,0.00053558,58994.9
7326,0.00052016,59003.0
7327,0.00051468,59011.1
7328,0.00057408,59019.2
7329,0.00045969,59027.6
7330,0.00048316,59035.5
7331,0.00037797,59043.3
7332,0.00061414,59051.3
7333,0.00053439,59059.5
7334,0.00043430,59067.6
7335,0.00039004,59075.6
7336,0.00057653,59083.7
7337,0.00050195,59091.5
7338,0.00047338,59100.0
7339,0.00042703,59108.1
7340,0.00049822,59116.0
7341,0.00050330,59123.9
7342,0.00057358,59131.8
7343,0.00043620,59140.1
7344,0.00049283,59148.0
7345,0.00053403,59155.9
7346,0.00051171,59163.8
7347,0.00037372,59171.9
7348,0.00051553,59179.9
7349,0.00056259,59188.3
7350,0.00052348,59196.2
7351,0.00046356,59204.4
7352,0.00041682,59212.4
7353,0.00047059,59220.3
7354,0.00043178,59228.7
7355,0.00043223,59236.8
7356,0.00050492,59244.7
7357,0.00050205,59252.7
7358,0.00053143,59260.8
7359,0.00041384,59269.1
7360,0.00049442,59277.0
7361,0.00048147,59284.8
7362,0.00043667,59292.8
7363,0.00057755,59301.1
7364,0.00053783,59309.6
7365,0.00042364,59317.7
7366,0.00046018,59325.8
7367,0.00046224,59333.8
7368,0.00054157,59341.7
7369,0.00058598,59349.6
7370,0.00050718,59357.7
7371,0.00041471,59365.9
7372,0.00043526,59373.8
7373,0.00044890,59381.6
7374,0.00049112,59389.9
7375,0.00049094,59398.3
7376,0.00055389,59406.6
7377,0.00045816,59414.9
7378,0.00052674,59422.8
7379,0.00039312,59431.0
7380,0.00048103,59439.1
7381,0.00051632,59447.4
7382,0.00034854,59455.3
7383,0.00047808,59463.1
7384,0.00054391,59471.1
7385,0.00049245,59478.8
7386,0.00050154,59486.9
7387,0.00043654,59494.9
7388,0.00043767,59502.9
7389,0.00049611,59510.9
7390,0.00054503,59519.0
7391,0.00045808,59527.2
7392,0.00051873,59535.2
7393,0.00047895,59543.1
7394,0.00044862,59551.3
7395,0.00041498,59559.4
7396,0.00055650,59567.3
7397,0.00043037,59575.1
7398,0.00056123,59583.8
7399,0.00049847,59591.8
7400,0.00057486,59599.9
7401,0.00047898,59607.9
7402,0.00045785,59615.9
7403,0.00041598,59624.0
7404,0.00062933,59632.2
7405,0.00047014,59640.2
7406,0.00062271,59648.3
7407,0.00051939,59656.1
7408,0.00048477,59664.0
7409,0.00045306,59672.3
7410,0.00057965,59680.4
7411,0.00040834,59688.2
7412,0.00044225,59696.0
7413,0.00044443,59703.8
7414,0.00054964,59711.7
7415,0.00048744,59719.6
7416,0.00058371,59727.8
7417,0.00049757,59735.6
7418,0.00034628,59743.6
7419,0.00040768,59751.5
7420,0.00053023,59759.4
7421,0.00062331,59767.4
7422,0.00049378,59775.6
7423,0.00040482,59783.7
7424,0.00052433,59791.7
7425,0.00051624,59799.8
7426,0.00047951,59807.8
7427,0.00039973,59815.9
7428,0.00060225,59823.7
7429,0.00038435,59831.5
7430,0.00049538,59839.6
7431,0.00038323,59847.4
7432,0.00053976,59855.3
7433,0.00046693,59863.3
7434,0.00042590,59871.2
7435,0.00046655,59879.2
7436,0.00041555,59887.4
7437,0.00042120,59895.6
7438,0.00056486,59903.6
7439,0.00044922,59911.8
7440,0.00044053,59919.8
7441,0.00037540,59927.9
7442,0.00068986,59935.9
7443,0.00056979,59944.1
7444,0.00029956,59952.4
7445,0.00057387,59960.5
7446,0.00055068,59968.4
7447,0.00045833,59976.6
7448,0.00049281,59984.5
7449,0.00030466,59992.7
7450,0.00054604,60000.6
7451,0.00049325,60009.1
7452,0.00042188,60017.1
7453,0.00046683,60025.3
7454,0.00046540,60033.3
7455,0.00044771,60041.4
7456,0.00050882,60049.7
7457,0.00040381,60057.7
7458,0.00053671,60065.7
7459,0.00046004,60073.7
7460,0.00040481,60081.8
7461,0.00044949,60089.9
7462,0.00050506,60097.8
7463,0.00054854,60105.6
7464,0.00049412,60114.1
7465,0.00045313,60122.3
7466,0.00040308,60130.1
7467,0.00055295,60137.9
7468,0.00051159,60146.0
7469,0.00057578,60153.9
7470,0.00046710,60161.9
7471,0.00053328,60169.8
7472,0.00046441,60177.7
7473,0.00042639,60185.5
7474,0.00049025,60193.6
7475,0.00039628,60201.7
7476,0.00051972,60209.6
7477,0.00049697,60217.9
7478,0.00063229,60226.0
7479,0.00049739,60234.0
7480,0.00051075,60241.9
7481,0.00055338,60249.7
7482,0.00051140,60258.1
7483,0.00050171,60266.1
7484,0.00049368,60274.3
7485,0.00048032,60282.2
7486,0.00047845,60290.1
7487,0.00054704,60298.2
7488,0.00051266,60306.1
7489,0.00055594,60314.1
7490,0.00043934,60322.3
7491,0.00048094,60330.2
7492,0.00038782,60338.1
7493,0.00060405,60346.1
7494,0.00040590,60354.0
7495,0.00040382,60361.8
7496,0.00042582,60369.8
7497,0.00037836,60378.1
7498,0.00045799,60386.1
7499,0.00046740,60394.2
7500,0.00055471,60402.4
7501,0.00044334,60410.5
7502,0.00054524,60418.3
7503,0.00046125,60426.6
7504,0.00055236,60434.8
7505,0.00049350,60443.0
7506,0.00052090,60451.5
7507,0.00044519,60459.5
7508,0.00042154,60467.6
7509,0.00045095,60475.4
7510,0.00048941,60483.6
7511,0.00045986,60492.2
7512,0.00047277,60500.3
7513,0.00044890,60508.3
7514,0.00038439,60516.2
7515,0.00053836,60524.1
7516,0.00060736,60532.1
7517,0.00045750,60540.3
7518,0.00050713,60548.3
7519,0.00040806,60556.2
7520,0.00044930,60564.5
7521,0.00040188,60572.4
7522,0.00051050,60580.3
7523,0.00052712,60588.2
7524,0.00045214,60596.2
7525,0.00047801,60604.2
7526,0.00043020,60612.6
7527,0.00044877,60620.8
7528,0.00053158,60628.7
7529,0.00049211,60636.6
7530,0.00053467,60644.6
7531,0.00045611,60652.5
7532,0.00045666,60660.5
7533,0.00043775,60668.4
7534,0.00045647,60676.5
7535,0.00045342,60684.6
7536,0.00043356,60692.4
7537,0.00060230,60700.6
7538,0.00050488,60708.9
7539,0.00039381,60716.9
7540,0.00074494,60725.2
7541,0.00049973,60733.4
7542,0.00048465,60741.4
7543,0.00040333,60749.7
7544,0.00042942,60757.7
7545,0.00054597,60765.6
7546,0.00035521,60773.5
7547,0.00052675,60781.4
7548,0.00051627,60789.7
7549,0.00056974,60797.8
7550,0.00046578,60806.0
7551,0.00048002,60813.9
7552,0.00043370,60821.8
7553,0.00054329,60830.1
7554,0.00041854,60838.5
7555,0.00037913,60846.5
7556,0.00051813,60854.7
7557,0.00040931,60862.8
7558,0.00045777,60870.8
7559,0.00053992,60878.8
7560,0.00064391,60887.0
7561,0.00046882,60895.6
7562,0.00048857,60903.7
7563,0.00035446,60911.8
7564,0.00045567,60919.8
7565,0.00047699,60927.6
7566,0.00042043,60935.6
7567,0.00056554,60943.9
7568,0.00042369,60952.1
7569,0.00044500,60960.0
7570,0.00040167,60968.1
7571,0.00046892,60976.1
7572,0.00044187,60984.1
7573,0.00047631,60992.0
7574,0.00043115,61000.4
7575,0.00043622,61008.5
7576,0.00050070,61016.6
7577,0.00048115,61024.4
7578,0.00037631,61032.6
7579,0.00053587,61040.8
7580,0.00054294,61049.0
7581,0.00040132,61057.4
7582,0.00033837,61065.4
7583,0.00042511,61073.4
7584,0.00057636,61081.6
7585,0.00042956,61089.8
7586,0.00046477,61097.7
7587,0.00047422,61105.7
7588,0.00046062,61113.7
7589,0.00049377,61121.6
7590,0.00047260,61129.7
7591,0.00040003,61137.8
7592,0.00055536,61146.2
7593,0.00041854,61154.2
7594,0.00043704,61162.2
7595,0.00044756,61170.3
7596,0.00050206,61178.4
7597,0.00042756,61186.2
7598,0.00053092,61194.0
7599,0.00039685,61202.1
7600,0.00049868,61210.1
7601,0.00050848,61218.0
7602,0.00040683,61225.8
7603,0.00038714,61233.7
7604,0.00051674,61241.6
7605,0.00041568,61249.8
7606,0.00042595,61258.1
7607,0.00062307,61266.4
7608,0.00037757,61274.4
7609,0.00043911,61282.3
7610,0.00038966,61290.3
7611,0.00063687,61298.2
7612,0.00035860,61306.4
7613,0.00047520,61314.3
7614,0.00057570,61322.1
7615,0.00041812,61330.0
7616,0.00049855,61337.9
7617,0.00049959,61346.2
7618,0.00044549,61354.3
7619,0.00034857,61362.2
7620,0.00057819,61370.3
7621,0.00046415,61378.1
7622,0.00054287,61386.2
7623,0.00039920,61394.1
7624,0.00046625,61402.3
7625,0.00059358,61410.5
7626,0.00033792,61418.5
7627,0.00050700,61426.4
7628,0.00046235,61434.3
7629,0.00060238,61442.2
7630,0.00049131,61450.1
7631,0.00034589,61458.8
7632,0.00058677,61467.2
7633,0.00046824,61475.0
7634,0.00045535,61483.0
7635,0.00050932,61490.9
7636,0.00047207,61499.0
7637,0.00051930,61507.0
7638,0.00045092,61515.0
7639,0.00042205,61523.2
7640,0.00054200,61531.0
7641,0.00045516,61538.9
7642,0.00038668,61547.0
7643,0.00036017,61554.9
7644,0.00054335,61563.0
7645,0.00047453,61570.9
7646,0.00064887,61579.2
7647,0.00044532,61587.3
7648,0.00052136,61595.1
7649,0.00036789,61603.0
7650,0.00046468,61611.1
7651,0.00039930,61619.1
7652,0.00056464,61627.0
7653,0.00035571,61634.9
7654,0.00052616,61642.8
7655,0.00044357,61650.9
7656,0.00048386,61659.2
7657,0.00043547,61667.0
7658,0.00039761,61675.0
7659,0.00043656,61683.1
7660,0.00054524,61691.4
7661,0.00057710,61699.4
7662,0.00040531,61707.5
7663,0.00040583,61715.3
7664,0.00051174,61723.1
7665,0.00044806,61731.2
7666,0.00044650,61739.2
7667,0.00058877,61747.4
7668,0.00051581,61755.2
7669,0.00044432,61763.1
7670,0.00044192,61771.1
7671,0.00043023,61779.1
7672,0.00040693,61787.2
7673,0.00041574,61795.1
7674,0.00052259,61803.0
7675,0.00036866,61811.2
7676,0.00045760,61819.5
7677,0.00040191,61827.6
7678,0.00061090,61835.9
7679,0.00049413,61844.0
7680,0.00039654,61852.1
7681,0.00046829,61859.9
7682,0.00045290,61868.0
7683,0.00053718,61875.8
7684,0.00040597,61883.7
7685,0.00038677,61891.7
7686,0.00044906,61899.8
7687,0.00048101,61907.9
7688,0.00049181,61915.7
7689,0.00045801,61923.5
7690,0.00056791,61931.6
7691,0.00042816,61939.6
7692,0.00045075,61947.9
7693,0.00037552,61955.9
7694,0.00054562,61963.8
7695,0.00052669,61972.1
7696,0.00041558,61980.3
7697,0.00054251,61988.3
7698,0.00055912,61996.4
7699,0.00037465,62004.5
7700,0.00040618,62012.6
7701,0.00051174,62020.4
7702,0.00054700,62028.5
7703,0.00051504,62036.6
7704,0.00035994,62044.5
7705,0.00042404,62052.7
7706,0.00052371,62060.5
7707,0.00039818,62068.4
7708,0.00047595,62076.4
7709,0.00049483,62084.2
7710,0.00048211,62092.0
7711,0.00044928,62099.8
7712,0.00037681,62108.1
7713,0.00058848,62116.0
7714,0.00046042,62123.9
7715,0.00047663,62131.8
7716,0.00052374,62139.9
7717,0.00051242,62147.8
7718,0.00050562,62155.8
7719,0.00053394,62163.9
7720,0.00041302,62171.8
7721,0.00067987,62179.6
7722,0.00051437,62187.6
7723,0.00045396,62195.8
7724,0.00048370,62203.6
7725,0.00046755,62211.4
7726,0.00038988,62219.6
7727,0.00056955,62227.5
7728,0.00044531,62235.7
7729,0.00043826,62244.4
7730,0.00037435,62252.2
7731,0.00048576,62260.1
7732,0.00058979,62268.4
7733,0.00047116,62276.3
7734,0.00037387,62284.4
7735,0.00050302,62292.3
7736,0.00041796,62300.6
7737,0.00041232,62308.4
7738,0.00046551,62316.2
7739,0.00037109,62324.6
7740,0.00047153,62332.5
7741,0.00053377,62340.7
7742,0.00043307,62348.8
7743,0.00043163,62356.8
7744,0.00044974,62364.7
7745,0.00061452,62372.9
7746,0.00036792,62380.8
7747,0.00040423,62389.1
7748,0.00054201,62397.0
7749,0.00033592,62404.8
7750,0.00054776,62412.8
7751,0.00036941,62420.7
7752,0.00043144,62428.9
7753,0.00053384,62436.8
7754,0.00034357,62445.1
7755,0.00061357,62453.0
7756,0.00047809,62461.0
7757,0.00043477,62469.2
7758,0.00053763,62477.2
7759,0.00046097,62485.0
7760,0.00045738,62493.1
7761,0.00046618,62501.2
7762,0.00044160,62509.3
7763,0.00040028,62517.4
7764,0.00048216,62525.3
7765,0.00042827,62533.6
7766,0.00048928,62541.8
7767,0.00041986,62549.9
7768,0.00045513,62557.9
7769,0.00040767,62565.7
7770,0.00044731,62573.7
7771,0.00039763,62581.8
7772,0.00045518,62589.6
7773,0.00061646,62597.7
7774,0.00042217,62605.8
7775,0.00035713,62613.7
7776,0.00048916,62621.6
7777,0.00041498,62629.8
7778,0.00040577,62638.2
7779,0.00045507,62646.1
7780,0.00050247,62654.0
7781,0.00058714,62662.2
7782,0.00044600,62670.0
7783,0.00039010,62677.9
7784,0.00064023,62686.1
7785,0.00039151,62694.2
7786,0.00034061,62702.1
7787,0.00047317,62709.9
7788,0.00042149,62718.3
7789,0.00065341,62726.1
7790,0.00049015,62734.2
7791,0.00051845,62742.0
7792,0.00043133,62749.8
7793,0.00047348,62757.9
7794,0.00061107,62765.7
7795,0.00037848,62773.9
7796,0.00044354,62781.8
7797,0.00033004,62790.2
7798,0.00059932,62798.3
7799,0.00056149,62806.6
7800,0.00050079,62814.6
7801,0.00036426,62822.6
7802,0.00053448,62830.5
7803,0.00044874,62838.7
7804,0.00036022,62846.6
7805,0.00045118,62854.5
7806,0.00063275,62862.5
7807,0.00043086,62870.3
7808,0.00043792,62878.5
7809,0.00036303,62886.9
7810,0.00038724,62894.7
7811,0.00039515,62902.6
7812,0.00053428,62910.9
7813,0.00046779,62918.8
7814,0.00041259,62927.0
7815,0.00041515,62934.9
7816,0.00042256,62942.7
7817,0.00049109,62951.0
7818,0.00059557,62959.0
7819,0.00035281,62966.9
7820,0.00047648,62974.8
7821,0.00054741,62982.9
7822,0.00043084,62991.3
7823,0.00050282,62999.5
7824,0.00038493,63007.4
7825,0.00039259,63015.5
7826,0.00052696,63023.5
7827,0.00045436,63031.7
7828,0.00052891,63039.8
7829,0.00041467,63047.6
7830,0.00036710,63055.5
7831,0.00063124,63063.3
7832,0.00037425,63071.2
7833,0.00060167,63079.4
7834,0.00042253,63087.6
7835,0.00045992,63095.6
7836,0.00041084,63103.9
7837,0.00048724,63111.9
7838,0.00032702,63119.8
7839,0.00048991,63127.7
7840,0.00042495,63136.3
7841,0.00053446,63144.2
7842,0.00049935,63152.1
7843,0.00038257,63160.1
7844,0.00045049,63168.1
7845,0.00045732,63176.0
7846,0.00040910,63184.0
7847,0.00046206,63192.3
7848,0.00050527,63200.5
7849,0.00040724,63208.5
7850,0.00048659,63216.7
7851,0.00045286,63224.7
7852,0.00060639,63233.0
7853,0.00039915,63241.2
7854,0.00045454,63249.0
7855,0.00041295,63257.1
7856,0.00055142,63265.4
7857,0.00046799,63273.6
7858,0.00032874,63281.4
7859,0.00046092,63289.7
7860,0.00043150,63298.2
7861,0.00063323,63306.6
7862,0.00037427,63314.8
7863,0.00048858,63323.1
7864,0.00055057,63331.0
7865,0.00035655,63339.2
7866,0.00052527,63347.4
7867,0.00037491,63355.6
7868,0.00045869,63363.8
7869,0.00037423,63371.9
7870,0.00043178,63380.1
7871,0.00039623,63388.0
7872,0.00041840,63395.9
7873,0.00050474,63404.1
7874,0.00040046,63412.1
7875,0.00038056,63420.3
7876,0.00043067,63428.1
7877,0.00049961,63436.0
7878,0.00047906,63443.9
7879,0.00037788,63452.0
7880,0.00047486,63459.9
7881,0.00055956,63468.1
7882,0.00044707,63476.4
7883,0.00043694,63484.5
7884,0.00037661,63492.6
7885,0.00044662,63500.6
7886,0.00038628,63508.8
7887,0.00043006,63516.6
7888,0.00064022,63524.6
7889,0.00041457,63532.6
7890,0.00038331,63540.6
7891,0.00046918,63548.7
7892,0.00032931,63556.8
7893,0.00042679,63565.1
7894,0.00040296,63573.0
7895,0.00055116,63581.1
7896,0.00040620,63589.4
7897,0.00048886,63597.5
7898,0.00047151,63606.0
7899,0.00038442,63614.0
7900,0.00041992,63621.8
7901,0.00046879,63630.2
7902,0.00045403,63638.3
7903,0.00052174,63647.1
7904,0.00039089,63654.9
7905,0.00041201,63662.7
7906,0.00043756,63670.8
7907,0.00045553,63678.8
7908,0.00050782,63686.9
7909,0.00040396,63694.9
7910,0.00051782,63703.2
7911,0.00036254,63711.2
7912,0.00046217,63719.1
7913,0.00040626,63727.0
7914,0.00045340,63735.1
7915,0.00052728,63743.2
7916,0.00033149,63751.4
7917,0.00045112,63759.8
7918,0.00046291,63767.6
7919,0.00050547,63775.9
7920,0.00042846,63784.2
7921,0.00042997,63792.0
7922,0.00046099,63799.8
7923,0.00049097,63807.7
7924,0.00043967,63815.8
7925,0.00040156,63823.9
7926,0.00042233,63831.9
7927,0.00042071,63839.9
7928,0.00050320,63847.9
7929,0.00040511,63856.3
7930,0.00060054,63864.3
7931,0.00045110,63872.5
7932,0.00040769,63880.7
7933,0.00047011,63888.8
7934,0.00041354,63897.0
7935,0.00053653,63905.3
7936,0.00044915,63913.6
7937,0.00037839,63921.7
7938,0.00037417,63930.1
7939,0.00047900,63938.0
7940,0.00039814,63946.3
7941,0.00038131,63954.7
7942,0.00051384,63962.5
7943,0.00057967,63970.9
7944,0.00037315,63979.1
7945,0.00043569,63987.1
7946,0.00043727,63994.9
7947,0.00059062,64002.7
7948,0.00048327,64010.7
7949,0.00047762,64018.7
7950,0.00034926,64026.9
7951,0.00038043,64034.7
7952,0.00052989,64042.8
7953,0.00041235,64050.7
7954,0.00056005,64058.6
7955,0.00033589,64066.5
7956,0.00040756,64074.5
7957,0.00045466,64082.8
7958,0.00038122,64090.6
7959,0.00054168,64098.5
7960,0.00041148,64106.6
7961,0.00048240,64114.9
7962,0.00037824,64122.9
7963,0.00038241,64130.7
7964,0.00049612,64138.5
7965,0.00041924,64146.5
7966,0.00044315,64154.6
7967,0.00042897,64162.7
7968,0.00052713,64170.8
7969,0.00038087,64178.9
7970,0.00045207,64187.1
7971,0.00045587,64195.3
7972,0.00049368,64203.1
7973,0.00036695,64210.9
7974,0.00052750,64218.9
7975,0.00037704,64226.7
7976,0.00046532,64234.6
7977,0.00042412,64242.7
7978,0.00058640,64250.6
7979,0.00039407,64258.8
7980,0.00040361,64266.7
7981,0.00039744,64274.6
7982,0.00051277,64282.9
7983,0.00040874,64290.7
7984,0.00045373,64298.9
7985,0.00034402,64306.8
7986,0.00047902,64315.0
7987,0.00044946,64322.9
7988,0.00043014,64331.1
7989,0.00048517,64339.3
7990,0.00047242,64347.4
7991,0.00044248,64356.0
7992,0.00034644,64364.0
7993,0.00050572,64371.9
7994,0.00041764,64380.1
7995,0.00043692,64388.3
7996,0.00041296,64396.3
7997,0.00039864,64404.2
7998,0.00048724,64412.7
7999,0.00042282,64420.7
8000,0.00047048,64428.5
8001,0.00045760,64436.8
8002,0.00047259,64445.1
8003,0.00040701,64453.5
8004,0.00051256,64461.3
8005,0.00043339,64469.2
8006,0.00040657,64477.4
8007,0.00052124,64485.3
8008,0.00044180,64493.4
8009,0.00034046,64501.5
8010,0.00044429,64509.4
8011,0.00043890,64517.6
8012,0.00047470,64525.6
8013,0.00045116,64533.4
8014,0.00037735,64541.3
8015,0.00043787,64549.5
8016,0.00054520,64557.5
8017,0.00047485,64565.5
8018,0.00045680,64573.7
8019,0.00038948,64582.0
8020,0.00037156,64590.1
8021,0.00043211,64597.9
8022,0.00039243,64606.1
8023,0.00044817,64614.1
8024,0.00037972,64622.0
8025,0.00039345,64630.2
8026,0.00039486,64638.1
8027,0.00065063,64646.1
8028,0.00031595,64653.9
8029,0.00046141,64662.1
8030,0.00045012,64670.8
8031,0.00039604,64678.6
8032,0.00040172,64686.7
8033,0.00035781,64694.9
8034,0.00047311,64702.8
8035,0.00044057,64710.9
8036,0.00044196,64718.9
8037,0.00046365,64726.8
8038,0.00041021,64734.6
8039,0.00042573,64742.7
8040,0.00047798,64750.8
8041,0.00042180,64759.4
8042,0.00040454,64767.6
8043,0.00045330,64775.7
8044,0.00044746,64783.5
8045,0.00044167,64791.6
8046,0.00040568,64799.6
8047,0.00040000,64807.7
8048,0.00056821,64816.0
8049,0.00044029,64824.0
8050,0.00051486,64831.9
8051,0.00034143,64839.8
8052,0.00057075,64847.9
8053,0.00036406,64855.9
8054,0.00039714,64863.9
8055,0.00037991,64871.7
8056,0.00051491,64879.7
8057,0.00035176,64887.6
8058,0.00045055,64895.5
8059,0.00044253,64903.7
8060,0.00035498,64911.5
8061,0.00040999,64919.4
8062,0.00045825,64927.4
8063,0.00054383,64935.3
8064,0.00038644,64943.3
8065,0.00035008,64951.4
8066,0.00046123,64959.5
8067,0.00037207,64967.5
8068,0.00051167,64975.3
8069,0.00045899,64983.3
8070,0.00033748,64991.3
8071,0.00060502,64999.2
8072,0.00037172,65007.1
8073,0.00047043,65015.0
8074,0.00045392,65023.0
8075,0.00035560,65030.8
8076,0.00050030,65038.6
8077,0.00036770,65046.6
8078,0.00038618,65054.9
8079,0.00043532,65062.7
8080,0.00034706,65070.9
8081,0.00036303,65078.8
8082,0.00040006,65086.8
8083,0.00034650,65094.8
8084,0.00050157,65102.7
8085,0.00048634,65110.7
8086,0.00038549,65118.8
8087,0.00039032,65126.9
8088,0.00040193,65134.8
8089,0.00051462,65142.6
8090,0.00043586,65150.7
8091,0.00037892,65158.7
8092,0.00043226,65166.6
8093,0.00041579,65174.5
8094,0.00036855,65182.4
8095,0.00047118,65190.8
8096,0.00043112,65199.0
8097,0.00048339,65207.6
8098,0.00042997,65215.6
8099,0.00054296,65223.6
8100,0.00037668,65231.5
8101,0.00057087,65239.9
8102,0.00047211,65248.0
8103,0.00028582,65255.8
8104,0.00041589,65263.8
8105,0.00045720,65272.1
8106,0.00042640,65280.2
8107,0.00049733,65288.0
8108,0.00041430,65296.0
8109,0.00036565,65303.9
8110,0.00043923,65311.8
8111,0.00043127,65319.8
8112,0.00046761,65327.7
8113,0.00051146,65335.9
8114,0.00041562,65344.3
8115,0.00055526,65352.1
8116,0.00040799,65360.2
8117,0.00038961,65368.2
8118,0.00052814,65376.0
8119,0.00031623,65384.4
8120,0.00060114,65392.5
8121,0.00041026,65400.6
8122,0.00048549,65408.7
8123,0.00031638,65416.5
8124,0.00039361,65424.6
8125,0.00050208,65432.4
8126,0.00054964,65440.5
8127,0.00033689,65448.4
8128,0.00052799,65456.8
8129,0.00043674,65465.0
8130,0.00044593,65473.2
8131,0.00037147,65481.3
8132,0.00044508,65490.0
8133,0.00046474,65498.2
8134,0.00040863,65506.0
8135,0.00059274,65513.9
8136,0.00036728,65522.2
8137,0.00036872,65530.5
8138,0.00038590,65538.7
8139,0.00045475,65547.4
8140,0.00044547,65555.8
8141,0.00044994,65563.7
8142,0.00039287,65571.5
8143,0.00043711,65579.4
8144,0.00048246,65587.5
8145,0.00049169,65595.7
8146,0.00034234,65603.7
8147,0.00043705,65611.7
8148,0.00032868,65619.8
8149,0.00048118,65627.6
8150,0.00047510,65635.5
8151,0.00046496,65643.4
8152,0.00036678,65651.5
8153,0.00038864,65659.7
8154,0.00038204,65667.5
8155,0.00043973,65675.9
8156,0.00048110,65683.9
8157,0.00046271,65692.1
8158,0.00038584,65700.0
8159,0.00033282,65707.8
8160,0.00042660,65715.7
8161,0.00043963,65723.7
8162,0.00049614,65731.6
8163,0.00029678,65739.6
8164,0.00038882,65747.8
8165,0.00040688,65755.8
8166,0.00053758,65763.7
8167,0.00037523,65771.9
8168,0.00041227,65780.2
8169,0.00033279,65788.3
8170,0.00045369,65796.4
8171,0.00029550,65804.3
8172,0.00045191,65812.2
8173,0.00043363,65820.2
8174,0.00038037,65828.2
8175,0.00045932,65836.4
8176,0.00048240,65844.5
8177,0.00035257,65852.8
8178,0.00042867,65860.8
8179,0.00051545,65868.7
8180,0.00044593,65876.8
8181,0.00044809,65885.2
8182,0.00037088,65893.1
8183,0.00047637,65901.1
8184,0.00043077,65909.2
8185,0.00044570,65917.0
8186,0.00044894,65925.0
8187,0.00054212,65933.1
8188,0.00035696,65941.2
8189,0.00036831,65949.1
8190,0.00046788,65957.4
8191,0.00049318,65965.3
8192,0.00045199,65973.6
8193,0.00042323,65981.5
8194,0.00035534,65989.5
8195,0.00046693,65997.5
8196,0.00043745,66005.7
8197,0.00036346,66013.8
8198,0.00050508,66022.1
8199,0.00034060,66030.3
8200,0.00036048,66038.3
8201,0.00053524,66046.3
8202,0.00049295,66054.5
8203,0.00036571,66062.5
8204,0.00043317,66070.6
8205,0.00049141,66078.5
8206,0.00040740,66086.3
8207,0.00045996,66094.3
8208,0.00053725,66102.7
8209,0.00048019,66110.9
8210,0.00039183,66119.2
8211,0.00032164,66127.5
8212,0.00042026,66135.4
8213,0.00054435,66143.4
8214,0.00035091,66151.3
8215,0.00036673,66159.3
8216,0.00044317,66167.5
8217,0.00051359,66176.0
8218,0.00040342,66184.2
8219,0.00032845,66192.3
8220,0.00045294,66200.8
8221,0.00049998,66209.0
8222,0.00047721,66217.3
8223,0.00039951,66225.5
8224,0.00048646,66233.6
8225,0.00033460,66241.8
8226,0.00052489,66249.8
8227,0.00037912,66257.7
8228,0.00043887,66265.9
8229,0.00038277,66274.1
8230,0.00046410,66282.4
8231,0.00048355,66290.4
8232,0.00042422,66298.6
8233,0.00042794,66306.7
8234,0.00039175,66314.9
8235,0.00046289,66323.1
8236,0.00038157,66331.2
8237,0.00042054,66339.2
8238,0.00036545,66347.3
8239,0.00046231,66355.1
8240,0.00045045,66363.0
8241,0.00039372,66371.0
8242,0.00036266,66378.9
8243,0.00047838,66387.2
8244,0.00037447,66395.3
8245,0.00040041,66403.2
8246,0.00048735,66411.3
8247,0.00032214,66419.4
8248,0.00049509,66427.6
8249,0.00038449,66435.6
8250,0.00045372,66443.4
8251,0.00035481,66451.5
8252,0.00050759,66459.9
8253,0.00034016,66468.0
8254,0.00047126,66476.2
8255,0.00037328,66483.9
8256,0.00052451,66491.9
8257,0.00046099,66499.7
8258,0.00033550,66507.5
8259,0.00035308,66516.2
8260,0.00056421,66524.3
8261,0.00055511,66532.2
8262,0.00034715,66540.4
8263,0.00043510,66548.5
8264,0.00039106,66556.4
8265,0.00041386,66564.5
8266,0.00051631,66572.6
8267,0.00041041,66580.8
8268,0.00041478,66588.8
8269,0.00044306,66596.9
8270,0.00030894,66605.1
8271,0.00041596,66613.2
8272,0.00045608,66621.4
8273,0.00051945,66629.4
8274,0.00032662,66637.5
8275,0.00042430,66645.6
8276,0.00044673,66653.6
8277,0.00046345,66661.6
8278,0.00037904,66669.8
8279,0.00038911,66677.6
8280,0.00046791,66685.6
8281,0.00042797,66693.7
8282,0.00043492,66701.6
8283,0.00037947,66710.0
8284,0.00043961,66718.4
8285,0.00038382,66726.3
8286,0.00028761,66734.3
8287,0.00057920,66742.2
8288,0.00054482,66750.2
8289,0.00043999,66758.2
8290,0.00043902,66766.4
8291,0.00030786,66774.7
8292,0.00048291,66782.6
8293,0.00043147,66790.7
8294,0.00044042,66798.5
8295,0.00034382,66806.5
8296,0.00034677,66814.4
8297,0.00060055,66822.2
8298,0.00044882,66830.1
8299,0.00053440,66838.3
8300,0.00038321,66846.2
8301,0.00042446,66854.1
8302,0.00042388,66862.6
8303,0.00042393,66870.9
8304,0.00049237,66879.2
8305,0.00040723,66887.4
8306,0.00038614,66895.3
8307,0.00046430,66903.6
8308,0.00055882,66912.0
8309,0.00033458,66920.1
8310,0.00041447,66928.0
8311,0.00049844,66935.9
8312,0.00041791,66943.9
8313,0.00056648,66951.8
8314,0.00038514,66959.9
8315,0.00033186,66968.0
8316,0.00046589,66975.9
8317,0.00053539,66983.8
8318,0.00053760,66992.0
8319,0.00038569,67000.6
8320,0.00029616,67008.6
8321,0.00033276,67016.5
8322,0.00065815,67024.7
8323,0.00035939,67032.8
8324,0.00036761,67040.8
8325,0.00031950,67048.9
8326,0.00045329,67057.0
8327,0.00040609,67065.1
8328,0.00042032,67072.9
8329,0.00037221,67080.7
8330,0.00056202,67088.5
8331,0.00041550,67096.8
8332,0.00029293,67104.8
8333,0.00050820,67112.8
8334,0.00035792,67120.8
8335,0.00039549,67128.9
8336,0.00046582,67136.9
8337,0.00042046,67144.9
8338,0.00039589,67152.9
8339,0.00042777,67160.7
8340,0.00038871,67169.1
8341,0.00043003,67177.0
8342,0.00046657,67185.0
8343,0.00040147,67193.0
8344,0.00037024,67201.0
8345,0.00045367,67209.0
8346,0.00040446,67217.0
8347,0.00037200,67224.9
8348,0.00036803,67232.8
8349,0.00040551,67240.8
8350,0.00047839,67248.8
8351,0.00045626,67256.9
8352,0.00025922,67264.8
8353,0.00044160,67272.8
8354,0.00038971,67280.7
8355,0.00045011,67288.7
8356,0.00041347,67297.0
8357,0.00046019,67305.0
8358,0.00036027,67313.1
8359,0.00039178,67321.1
8360,0.00040691,67329.3
8361,0.00036624,67337.3
8362,0.00057924,67345.1
8363,0.00036780,67353.5
8364,0.00040436,67361.3
8365,0.00038780,67369.3
8366,0.00037746,67377.4
8367,0.00041044,67385.6
8368,0.00038994,67393.7
8369,0.00037651,67401.5
8370,0.00030244,67409.5
8371,0.00044640,67417.7
8372,0.00049979,67425.8
8373,0.00034927,67434.0
8374,0.00032883,67441.9
8375,0.00053147,67450.4
8376,0.00044567,67458.5
8377,0.00033038,67466.4
8378,0.00047725,67474.4
8379,0.00049256,67482.2
8380,0.00036945,67490.1
8381,0.00037557,67498.2
8382,0.00045464,67506.3
8383,0.00040216,67514.9
8384,0.00039730,67523.1
8385,0.00048350,67531.1
8386,0.00031307,67539.3
8387,0.00046657,67547.1
8388,0.00044536,67555.0
8389,0.00050531,67562.9
8390,0.00038784,67570.8
8391,0.00046341,67578.8
8392,0.00051788,67586.7
8393,0.00035651,67594.7
8394,0.00046308,67602.7
8395,0.00031404,67610.7
8396,0.00050491,67618.8
8397,0.00047667,67626.9
8398,0.00050439,67634.8
8399,0.00044769,67642.9
8400,0.00043606,67650.9
8401,0.00036815,67659.1
8402,0.00040715,67667.2
8403,0.00043594,67675.2
8404,0.00042552,67683.3
8405,0.00041489,67691.3
8406,0.00052149,67699.6
8407,0.00043295,67708.0
8408,0.00044144,67716.1
8409,0.00052455,67724.0
8410,0.00032856,67732.2
8411,0.00044222,67740.1
8412,0.00054366,67748.3
8413,0.00045012,67756.3
8414,0.00042486,67764.3
8415,0.00036726,67772.1
8416,0.00042111,67780.0
8417,0.00048022,67788.3
8418,0.00037141,67796.7
8419,0.00051257,67804.7
8420,0.00047135,67812.8
8421,0.00051178,67820.9
8422,0.00038610,67829.0
8423,0.00036627,67837.0
8424,0.00037062,67844.9
8425,0.00048570,67852.8
8426,0.00030867,67860.7
8427,0.00042137,67868.6
8428,0.00049751,67876.6
8429,0.00036853,67884.5
8430,0.00032967,67892.6
8431,0.00041863,67900.4
8432,0.00036970,67908.5
8433,0.00044319,67916.5
8434,0.00035845,67924.9
8435,0.00051514,67933.1
8436,0.00030684,67941.2
8437,0.00048511,67949.5
8438,0.00034203,67957.7
8439,0.00034641,67965.7
8440,0.00051435,67974.0
8441,0.00042662,67982.1
8442,0.00039060,67990.4
8443,0.00039696,67998.6
8444,0.00041162,68006.5
8445,0.00035951,68014.4
8446,0.00036775,68022.5
8447,0.00048416,68030.3
8448,0.00035272,68038.4
8449,0.00037953,68046.4
8450,0.00045685,68054.3
8451,0.00047393,68062.4
8452,0.00047674,68070.8
8453,0.00031035,68078.6
8454,0.00044002,68086.7
8455,0.00040693,68094.7
8456,0.00035642,68103.1
8457,0.00041243,68110.9
8458,0.00037257,68118.9
8459,0.00050027,68126.9
8460,0.00041040,68135.1
8461,0.00035903,68143.1
8462,0.00031405,68151.3
8463,0.00037905,68159.6
8464,0.00053181,68167.7
8465,0.00029877,68175.5
8466,0.00044719,68183.8
8467,0.00048098,68191.9
8468,0.00043488,68199.7
8469,0.00040601,68207.8
8470,0.00043270,68215.8
8471,0.00061142,68223.9
8472,0.00031706,68232.3
8473,0.00042207,68240.5
8474,0.00041835,68248.7
8475,0.00033349,68256.8
8476,0.00047316,68265.1
8477,0.00042562,68273.1
8478,0.00044247,68281.1
8479,0.00040242,68289.1
8480,0.00045031,68297.1
8481,0.00035930,68305.8
8482,0.00040339,68313.9
8483,0.00053073,68321.9
8484,0.00046375,68329.9
8485,0.00035124,68337.7
8486,0.00035041,68345.6
8487,0.00048581,68354.3
8488,0.00036204,68362.4
8489,0.00041714,68370.5
8490,0.00054432,68378.6
8491,0.00040326,68386.7
8492,0.00035504,68394.6
8493,0.00045136,68402.8
8494,0.00042579,68410.8
8495,0.00035189,68419.0
8496,0.00049866,68426.9
8497,0.00059340,68435.0
8498,0.00033909,68443.1
8499,0.00043212,68451.4
8500,0.00040308,68459.3
8501,0.00034878,68467.2
8502,0.00033864,68475.2
8503,0.00050332,68483.2
8504,0.00040721,68491.3
8505,0.00032297,68499.6
8506,0.00040206,68507.6
8507,0.00048656,68516.0
8508,0.00041336,68523.9
8509,0.00041866,68532.6
8510,0.00028841,68540.6
8511,0.00046136,68548.5
8512,0.00036627,68556.5
8513,0.00050498,68564.6
8514,0.00029787,68573.1
8515,0.00039670,68581.0
8516,0.00045560,68589.1
8517,0.00035218,68597.7
8518,0.00053610,68605.5
8519,0.00043767,68613.7
8520,0.00036791,68622.0
8521,0.00038887,68629.9
8522,0.00030318,68637.7
8523,0.00038389,68645.8
8524,0.00042277,68653.7
8525,0.00036930,68661.9
8526,0.00045826,68669.8
8527,0.00045935,68678.1
8528,0.00046798,68686.0
8529,0.00034643,68693.9
8530,0.00045190,68701.9
8531,0.00045735,68710.0
8532,0.00038758,68718.0
8533,0.00040616,68726.0
8534,0.00044098,68734.0
8535,0.00041260,68742.2
8536,0.00036617,68750.2
8537,0.00042970,68758.2
8538,0.00040334,68766.4
8539,0.00051654,68774.4
8540,0.00041619,68782.7
8541,0.00032606,68791.0
8542,0.00039268,68799.1
8543,0.00039137,68807.3
8544,0.00048520,68815.1
8545,0.00035027,68823.1
8546,0.00053518,68831.3
8547,0.00039987,68839.7
8548,0.00036117,68848.0
8549,0.00041732,68856.1
8550,0.00041109,68864.1
8551,0.00039147,68872.0
8552,0.00056397,68879.9
8553,0.00038419,68887.9
8554,0.00043056,68896.0
8555,0.00036659,68903.8
8556,0.00035771,68912.1
8557,0.00048730,68920.3
8558,0.00050466,68928.4
8559,0.00028638,68936.3
8560,0.00047887,68944.3
8561,0.00038269,68952.4
8562,0.00035797,68960.5
8563,0.00038721,68968.6
8564,0.00062765,68976.9
8565,0.00031680,68985.0
8566,0.00040086,68993.3
8567,0.00034150,69001.1
8568,0.00041471,69008.9
8569,0.00044829,69017.0
8570,0.00037364,69025.5
8571,0.00034499,69033.3
8572,0.00038635,69041.6
8573,0.00045609,69049.8
8574,0.00041644,69058.1
8575,0.00038777,69066.1
8576,0.00041046,69074.1
8577,0.00037922,69082.0
8578,0.00033133,69090.4
8579,0.00034517,69098.3
8580,0.00048029,69106.1
8581,0.00034481,69113.9
8582,0.00058377,69121.8
8583,0.00047365,69129.7
8584,0.00044588,69137.7
8585,0.00033833,69145.7
8586,0.00054899,69153.9
8587,0.00041864,69161.7
8588,0.00041889,69169.8
8589,0.00039627,69177.7
8590,0.00036957,69185.7
8591,0.00032450,69193.7
8592,0.00041775,69201.8
8593,0.00046766,69209.9
8594,0.00046616,69218.3
8595,0.00026883,69226.7
8596,0.00046963,69234.5
8597,0.00042485,69242.5
8598,0.00041941,69250.3
8599,0.00041542,69258.4
8600,0.00039800,69266.2
8601,0.00031704,69274.0
8602,0.00038901,69282.1
8603,0.00040645,69289.9
8604,0.00043369,69298.2
8605,0.00034799,69306.3
8606,0.00035113,69314.7
8607,0.00045305,69322.5
8608,0.00035958,69330.6
8609,0.00033707,69338.9
8610,0.00036130,69346.9
8611,0.00042914,69354.8
8612,0.00046617,69362.6
8613,0.00040082,69370.6
8614,0.00035009,69378.4
8615,0.00041259,69386.5
8616,0.00046583,69395.2
8617,0.00036847,69403.2
8618,0.00030110,69411.2
8619,0.00042051,69419.2
8620,0.00047510,69427.1
8621,0.00030650,69435.2
8622,0.00039169,69443.7
8623,0.00053149,69451.7
8624,0.00044435,69459.5
8625,0.00037532,69467.3
8626,0.00035098,69475.4
8627,0.00030900,69483.5
8628,0.00044420,69491.7
8629,0.00031221,69499.9
8630,0.00040571,69508.2
8631,0.00054452,69516.1
8632,0.00033207,69523.9
8633,0.00034665,69532.0
8634,0.00053592,69540.5
8635,0.00034090,69548.6
8636,0.00037936,69556.6
8637,0.00042131,69564.7
8638,0.00036924,69572.6
8639,0.00034882,69580.7
8640,0.00047727,69588.6
8641,0.00046487,69597.1
8642,0.00035774,69605.4
8643,0.00048075,69613.3
8644,0.00030819,69621.5
8645,0.00042763,69629.5
8646,0.00046072,69637.6
8647,0.00039176,69645.4
8648,0.00041338,69653.8
8649,0.00035266,69661.6
8650,0.00048592,69670.4
8651,0.00042304,69678.6
8652,0.00034354,69686.9
8653,0.00032540,69695.0
8654,0.00044984,69703.0
8655,0.00039651,69710.9
8656,0.00042502,69718.7
8657,0.00039517,69726.6
8658,0.00038733,69734.6
8659,0.00036293,69742.8
8660,0.00038959,69750.8
8661,0.00041782,69758.9
8662,0.00043355,69766.8
8663,0.00039357,69774.9
8664,0.00051150,69782.8
8665,0.00032357,69790.7
8666,0.00036205,69798.8
8667,0.00039201,69806.7
8668,0.00030779,69814.5
8669,0.00037600,69822.7
8670,0.00050706,69830.6
8671,0.00047711,69838.4
8672,0.00032793,69846.3
8673,0.00037053,69854.3
8674,0.00044505,69862.2
8675,0.00040883,69870.0
8676,0.00038307,69878.1
8677,0.00043263,69885.9
8678,0.00045564,69894.1
8679,0.00033070,69902.3
8680,0.00033695,69910.3
8681,0.00036823,69918.3
8682,0.00033515,69926.2
8683,0.00047773,69934.3
8684,0.00036370,69942.2
8685,0.00034986,69950.4
8686,0.00053084,69958.5
8687,0.00034207,69966.6
8688,0.00037062,69974.6
8689,0.00044099,69982.6
8690,0.00034621,69990.7
8691,0.00030632,69999.0
8692,0.00042139,70007.0
8693,0.00043776,70014.9
8694,0.00037309,70023.0
8695,0.00037045,70031.1
8696,0.00039944,70039.4
8697,0.00048239,70047.4
8698,0.00048215,70055.5
8699,0.00036786,70063.6
8700,0.00040058,70071.7
8701,0.00034798,70079.9
8702,0.00040084,70088.1
8703,0.00041855,70095.9
8704,0.00042128,70103.8
8705,0.00043292,70111.8
8706,0.00041565,70119.9
8707,0.00035759,70127.9
8708,0.00034610,70135.7
8709,0.00044077,70143.8
8710,0.00041778,70151.7
8711,0.00048998,70159.7
8712,0.00031456,70167.5
8713,0.00026782,70175.6
8714,0.00049145,70183.7
8715,0.00033261,70191.7
8716,0.00036281,70199.6
8717,0.00050074,70207.5
8718,0.00038829,70215.4
8719,0.00029979,70223.5
8720,0.00045539,70231.6
8721,0.00044046,70239.7
8722,0.00038747,70247.8
8723,0.00040216,70255.6
8724,0.00034337,70263.5
8725,0.00029966,70271.4
8726,0.00043176,70279.2
8727,0.00040324,70287.1
8728,0.00040382,70295.2
8729,0.00030453,70303.3
8730,0.00038160,70311.6
8731,0.00035143,70319.6
8732,0.00052089,70327.6
8733,0.00032956,70335.6
8734,0.00040137,70343.5
8735,0.00041648,70351.5
8736,0.00041648,70359.5
8737,0.00036554,70367.2
8738,0.00037924,70375.4
8739,0.00034659,70383.3
8740,0.00041672,70391.6
8741,0.00038579,70399.4
8742,0.00039976,70407.4
8743,0.00030697,70415.5
8744,0.00046248,70423.6
8745,0.00033272,70432.0
8746,0.00046479,70440.1
8747,0.00044909,70448.0
8748,0.00030374,70456.2
8749,0.00055987,70464.1
8750,0.00036237,70472.0
8751,0.00043919,70480.1
8752,0.00048344,70488.7
8753,0.00037373,70496.5
8754,0.00046621,70504.4
8755,0.00034656,70512.4
8756,0.00042964,70520.4
8757,0.00035235,70528.7
8758,0.00039837,70536.8
8759,0.00051284,70544.7
8760,0.00033715,70552.7
8761,0.00040716,70560.6
8762,0.00030182,70568.9
8763,0.00038648,70576.9
8764,0.00041539,70584.9
8765,0.00044984,70592.9
8766,0.00035982,70600.7
8767,0.00030804,70608.7
8768,0.00053085,70616.6
8769,0.00036695,70624.8
8770,0.00044038,70633.2
8771,0.00047590,70641.1
8772,0.00032863,70649.0
8773,0.00037835,70657.8
8774,0.00038590,70665.8
8775,0.00046201,70673.9
8776,0.00042510,70682.1
8777,0.00041890,70690.4
8778,0.00035879,70698.5
8779,0.00031465,70706.5
8780,0.00034403,70714.3
8781,0.00036335,70722.2
8782,0.00040870,70730.1
8783,0.00053457,70737.9
8784,0.00030846,70745.7
8785,0.00048887,70753.6
8786,0.00028791,70761.6
8787,0.00069688,70769.4
8788,0.00037539,70777.4
8789,0.00030225,70785.3
8790,0.00039348,70793.6
8791,0.00040032,70801.8
8792,0.00044756,70810.3
8793,0.00046848,70818.1
8794,0.00033724,70826.2
8795,0.00039283,70834.1
8796,0.00042853,70842.2
8797,0.00036928,70850.0
8798,0.00036756,70858.1
8799,0.00043126,70866.3
8800,0.00027398,70874.6
8801,0.00036986,70883.3
8802,0.00041440,70891.1
8803,0.00031443,70899.4
8804,0.00050698,70907.3
8805,0.00039848,70915.2
8806,0.00039299,70923.7
8807,0.00034032,70931.8
8808,0.00081349,70940.1
8809,0.00059506,70948.3
8810,0.00039500,70956.1
8811,0.00037435,70964.3
8812,0.00028780,70972.5
8813,0.00052249,70980.5
8814,0.00033844,70988.7
8815,0.00041506,70996.6
8816,0.00035196,71004.6
8817,0.00036657,71012.5
8818,0.00046156,71020.4
8819,0.00026941,71028.2
8820,0.00047928,71036.1
8821,0.00042499,71044.0
8822,0.00036700,71051.8
8823,0.00042606,71059.8
8824,0.00028941,71067.7
8825,0.00050449,71076.0
8826,0.00034239,71084.1
8827,0.00034804,71092.1
8828,0.00039879,71100.0
8829,0.00044173,71108.3
8830,0.00042860,71116.5
8831,0.00053855,71124.5
8832,0.00043070,71132.5
8833,0.00037425,71140.4
8834,0.00051870,71148.8
8835,0.00036880,71156.8
8836,0.00031875,71165.1
8837,0.00047123,71173.5
8838,0.00056960,71181.4
8839,0.00042578,71189.3
8840,0.00029738,71197.7
8841,0.00030321,71205.5
8842,0.00051143,71213.5
8843,0.00041719,71221.4
8844,0.00029900,71229.5
8845,0.00053152,71237.4
8846,0.00038903,71245.5
8847,0.00044625,71253.9
8848,0.00035551,71261.9
8849,0.00046496,71269.7
8850,0.00038033,71277.6
8851,0.00026500,71285.5
8852,0.00043122,71293.4
8853,0.00041343,71301.2
8854,0.00043169,71309.3
8855,0.00044163,71317.3
8856,0.00034633,71325.3
8857,0.00034578,71333.2
8858,0.00044882,71341.2
8859,0.00048134,71349.0
8860,0.00051411,71357.0
8861,0.00034677,71365.0
8862,0.00048809,71373.0
8863,0.00037217,71380.9
8864,0.00034222,71388.9
8865,0.00044761,71396.9
8866,0.00037900,71405.1
8867,0.00039312,71412.9
8868,0.00041591,71420.8
8869,0.00040255,71429.4
8870,0.00036283,71437.5
8871,0.00041191,71445.5
8872,0.00042283,71453.6
8873,0.00043724,71461.8
8874,0.00040145,71469.9
8875,0.00036934,71478.0
8876,0.00035650,71486.0
8877,0.00040905,71493.9
8878,0.00042636,71501.8
8879,0.00032000,71509.8
8880,0.00038341,71518.0
8881,0.00043649,71525.8
8882,0.00041946,71533.7
8883,0.00036616,71541.6
8884,0.00026679,71549.5
8885,0.00051299,71557.5
8886,0.00039856,71565.4
8887,0.00034098,71573.5
8888,0.00036774,71581.8
8889,0.00047440,71589.8
8890,0.00032114,71598.0
8891,0.00028133,71606.0
8892,0.00045370,71613.8
8893,0.00039153,71621.9
8894,0.00044675,71630.0
8895,0.00037510,71638.1
8896,0.00027495,71646.0
8897,0.00045447,71653.8
8898,0.00045168,71661.8
8899,0.00040197,71669.7
8900,0.00037891,71677.8
8901,0.00036529,71685.6
8902,0.00035952,71693.5
8903,0.00047979,71702.0
8904,0.00027742,71709.8
8905,0.00037663,71717.8
8906,0.00041378,71725.6
8907,0.00031495,71733.7
8908,0.00037006,71741.6
8909,0.00045479,71749.5
8910,0.00047339,71757.7
8911,0.00028964,71765.5
8912,0.00046980,71773.7
8913,0.00044382,71781.6
8914,0.00031595,71789.4
8915,0.00030232,71797.8
8916,0.00048635,71805.7
8917,0.00033634,71813.8
8918,0.00033068,71822.3
8919,0.00041382,71830.3
8920,0.00050133,71838.2
8921,0.00031235,71846.7
8922,0.00041653,71854.7
8923,0.00047937,71862.6
8924,0.00032969,71870.6
8925,0.00028047,71878.5
8926,0.00038856,71886.7
8927,0.00036367,71894.9
8928,0.00045113,71903.2
8929,0.00037409,71911.2
8930,0.00041755,71919.3
8931,0.00033866,71927.5
8932,0.00042923,71935.6
8933,0.00048304,71943.4
8934,0.00033390,71951.6
8935,0.00031076,71960.2
8936,0.00050194,71968.2
8937,0.00030203,71976.1
8938,0.00050907,71984.2
8939,0.00032807,71992.1
8940,0.00042041,72000.0
8941,0.00037691,72008.0
8942,0.00032358,72015.8
8943,0.00035900,72023.6
8944,0.00049803,72031.5
8945,0.00034069,72039.5
8946,0.00025453,72047.3
8947,0.00043395,72055.2
8948,0.00041094,72063.1
8949,0.00034732,72070.9
8950,0.00041054,72078.9
8951,0.00036962,72087.0
8952,0.00034114,72094.8
8953,0.00049709,72103.1
8954,0.00044334,72111.3
8955,0.00036717,72119.1
8956,0.00037053,72127.5
8957,0.00041984,72135.8
8958,0.00031939,72143.8
8959,0.00043264,72151.6
8960,0.00037498,72159.9
8961,0.00042680,72167.7
8962,0.00036454,72176.1
8963,0.00049673,72184.5
8964,0.00042789,72192.5
8965,0.00030646,72200.4
8966,0.00037467,72208.4
8967,0.00045721,72216.6
8968,0.00034016,72224.4
8969,0.00039729,72232.5
8970,0.00036549,72240.4
8971,0.00036927,72248.6
8972,0.00041998,72256.5
8973,0.00034021,72264.9
8974,0.00042013,72272.8
8975,0.00032975,72281.1
8976,0.00041146,72289.4
8977,0.00034827,72297.6
8978,0.00040575,72305.6
8979,0.00039610,72313.8
8980,0.00034292,72321.8
8981,0.00044324,72329.7
8982,0.00042923,72337.8
8983,0.00035028,72345.8
8984,0.00038322,72354.0
8985,0.00035160,72361.9
8986,0.00042871,72369.7
8987,0.00035201,72377.7
8988,0.00036271,72385.5
8989,0.00044244,72393.4
8990,0.00033957,72401.4
8991,0.00034366,72409.5
8992,0.00032946,72417.5
8993,0.00041565,72425.6
8994,0.00052356,72433.5
8995,0.00033340,72441.6
8996,0.00034676,72449.6
8997,0.00051410,72457.6
8998,0.00033730,72466.0
8999,0.00030750,72474.0
9000,0.00039118,72482.2
9001,0.00043474,72490.8
9002,0.00040625,72498.7
9003,0.00041575,72506.6
9004,0.00026959,72514.7
9005,0.00042243,72522.8
9006,0.00041193,72530.9
9007,0.00034234,72538.8
9008,0.00035408,72546.9
9009,0.00041826,72554.8
9010,0.00027883,72563.0
9011,0.00041204,72570.8
9012,0.00036447,72579.1
9013,0.00034452,72587.4
9014,0.00047394,72595.3
9015,0.00030429,72603.2
9016,0.00036846,72611.2
9017,0.00037544,72619.5
9018,0.00038122,72627.3
9019,0.00034542,72635.7
9020,0.00028312,72644.0
9021,0.00035494,72652.0
9022,0.00043934,72660.2
9023,0.00043135,72668.0
9024,0.00036221,72675.8
9025,0.00048000,72683.9
9026,0.00037045,72692.1
9027,0.00042216,72700.1
9028,0.00038038,72707.9
9029,0.00026834,72715.7
9030,0.00040969,72723.7
9031,0.00042856,72731.6
9032,0.00038078,72739.8
9033,0.00035857,72747.6
9034,0.00033988,72755.5
9035,0.00041381,72763.5
9036,0.00034494,72771.4
9037,0.00040086,72779.6
9038,0.00035339,72787.6
9039,0.00039987,72795.8
9040,0.00049660,72803.6
9041,0.00031554,72811.4
9042,0.00032772,72819.6
9043,0.00049125,72827.4
9044,0.00039978,72835.3
9045,0.00041449,72843.2
9046,0.00032771,72851.0
9047,0.00036172,72858.9
9048,0.00038988,72866.8
9049,0.00039053,72874.7
9050,0.00047225,72882.9
9051,0.00040694,72890.8
9052,0.00038560,72898.6
9053,0.00032153,72906.6
9054,0.00037582,72914.6
9055,0.00036027,72922.4
9056,0.00035311,72930.4
9057,0.00052796,72938.4
9058,0.00037546,72946.5
9059,0.00036666,72954.5
9060,0.00046999,72962.5
9061,0.00038260,72970.5
9062,0.00032066,72978.5
9063,0.00038482,72986.4
9064,0.00042132,72994.5
9065,0.00047709,73002.5
9066,0.00033647,73010.5
9067,0.00031987,73018.7
9068,0.00046499,73026.7
9069,0.00036335,73034.5
9070,0.00033109,73042.6
9071,0.00037737,73050.7
9072,0.00041655,73058.7
9073,0.00032459,73066.5
9074,0.00051733,73074.3
9075,0.00045420,73082.3
9076,0.00043320,73090.3
9077,0.00037500,73098.3
9078,0.00027487,73106.5
9079,0.00051994,73114.7
9080,0.00040215,73122.6
9081,0.00041846,73130.7
9082,0.00025972,73138.6
9083,0.00034036,73146.9
9084,0.00041145,73155.0
9085,0.00054246,73163.0
9086,0.00041693,73171.0
9087,0.00028456,73179.0
9088,0.00029886,73187.0
9089,0.00046095,73195.0
9090,0.00036955,73203.1
9091,0.00033089,73211.2
9092,0.00029968,73219.2
9093,0.00043935,73227.5
9094,0.00038461,73235.7
9095,0.00038823,73243.6
9096,0.00034517,73251.8
9097,0.00033127,73260.1
9098,0.00037454,73268.2
9099,0.00047400,73276.5
9100,0.00032749,73284.5
9101,0.00030321,73292.5
9102,0.00030677,73300.7
9103,0.00049411,73308.8
9104,0.00042688,73316.8
9105,0.00032675,73324.9
9106,0.00041834,73332.9
9107,0.00035320,73341.2
9108,0.00033261,73349.5
9109,0.00038967,73357.9
9110,0.00043497,73365.9
9111,0.00045756,73373.8
9112,0.00042101,73381.6
9113,0.00029399,73390.0
9114,0.00040139,73398.0
9115,0.00049747,73406.1
9116,0.00035042,73414.2
9117,0.00040154,73422.0
9118,0.00041675,73430.3
9119,0.00035730,73438.2
9120,0.00038086,73446.0
9121,0.00034599,73454.0
9122,0.00030656,73462.2
9123,0.00040290,73470.6
9124,0.00035149,73478.9
9125,0.00037914,73486.9
9126,0.00047703,73494.9
9127,0.00035244,73503.3
9128,0.00030027,73511.2
9129,0.00037206,73519.0
9130,0.00053596,73527.0
9131,0.00033980,73535.1
9132,0.00036296,73543.6
9133,0.00031273,73551.8
9134,0.00039650,73559.7
9135,0.00033248,73568.0
9136,0.00031905,73576.1
9137,0.00041382,73584.1
9138,0.00038306,73592.2
9139,0.00041354,73600.2
9140,0.00033282,73608.3
9141,0.00043161,73616.4
9142,0.00039406,73624.5
9143,0.00032291,73632.5
9144,0.00039657,73640.4
9145,0.00036348,73648.3
9146,0.00042698,73656.3
9147,0.00043655,73664.1
9148,0.00047575,73672.2
9149,0.00026464,73680.0
9150,0.00037264,73688.7
9151,0.00037287,73696.6
9152,0.00038048,73704.9
9153,0.00037575,73712.9
9154,0.00031616,73720.8
9155,0.00041329,73728.8
9156,0.00034435,73736.9
9157,0.00037734,73744.9
9158,0.00040300,73752.8
9159,0.00040427,73760.7
9160,0.00032450,73768.5
9161,0.00057404,73776.7
9162,0.00028520,73784.5
9163,0.00040290,73792.4
9164,0.00040024,73800.5
9165,0.00034924,73808.7
9166,0.00038393,73817.1
9167,0.00053368,73825.3
9168,0.00045463,73833.2
9169,0.00026525,73841.1
9170,0.00033873,73849.2
9171,0.00037299,73857.5
9172,0.00034257,73865.3
9173,0.00043982,73873.1
9174,0.00035211,73881.1
9175,0.00038643,73888.9
9176,0.00032321,73896.9
9177,0.00042922,73905.0
9178,0.00033666,73912.8
9179,0.00037397,73920.7
9180,0.00039290,73928.8
9181,0.00035369,73936.6
9182,0.00035293,73944.7
9183,0.00042924,73953.0
9184,0.00037020,73961.0
9185,0.00034473,73969.0
9186,0.00032804,73977.2
9187,0.00045155,73985.1
9188,0.00038308,73993.2
9189,0.00033121,74001.2
9190,0.00035350,74009.6
9191,0.00030061,74017.6
9192,0.00038957,74025.7
9193,0.00028631,74033.6
9194,0.00048536,74042.0
9195,0.00030923,74050.1
9196,0.00045954,74058.0
9197,0.00032231,74066.2
9198,0.00031251,74074.4
9199,0.00038493,74082.3
9200,0.00036032,74090.1
9201,0.00038349,74098.3
9202,0.00039041,74106.5
9203,0.00027141,74114.5
9204,0.00036040,74122.9
9205,0.00040898,74131.3
9206,0.00050691,74140.0
9207,0.00034311,74147.9
9208,0.00037584,74156.0
9209,0.00045087,74164.0
9210,0.00029659,74171.9
9211,0.00031994,74180.0
9212,0.00036266,74188.0
9213,0.00056371,74196.0
9214,0.00034499,74204.6
9215,0.00030593,74212.6
9216,0.00033223,74220.6
9217,0.00035879,74229.0
9218,0.00043123,74236.9
9219,0.00044407,74244.7
9220,0.00038215,74252.7
9221,0.00039750,74260.9
9222,0.00038060,74268.9
9223,0.00043655,74277.0
9224,0.00033849,74285.0
9225,0.00029647,74293.2
9226,0.00023135,74301.0
9227,0.00037463,74309.3
9228,0.00042490,74317.2
9229,0.00029987,74325.0
9230,0.00040172,74332.9
9231,0.00032896,74340.7
9232,0.00039370,74348.6
9233,0.00030830,74356.6
9234,0.00034825,74364.5
9235,0.00039952,74372.8
9236,0.00039987,74380.7
9237,0.00038023,74388.9
9238,0.00051992,74396.7
9239,0.00027577,74405.2
9240,0.00050797,74413.2
9241,0.00032816,74420.9
9242,0.00038117,74428.8
9243,0.00034366,74436.8
9244,0.00032405,74445.2
9245,0.00039783,74453.2
9246,0.00044181,74461.3
9247,0.00034515,74469.3
9248,0.00035605,74477.5
9249,0.00026098,74485.4
9250,0.00042536,74493.3
9251,0.00025292,74501.5
9252,0.00050950,74509.6
9253,0.00037705,74517.4
9254,0.00035182,74525.3
9255,0.00037168,74533.2
9256,0.00042296,74541.6
9257,0.00040355,74549.6
9258,0.00028977,74557.8
9259,0.00035251,74565.6
9260,0.00038341,74573.8
9261,0.00034823,74581.8
9262,0.00040356,74589.8
9263,0.00030825,74597.7
9264,0.00035515,74605.8
9265,0.00041079,74613.9
9266,0.00032480,74622.0
9267,0.00047692,74629.8
9268,0.00026499,74637.6
9269,0.00029149,74645.4
9270,0.00049547,74653.3
9271,0.00028169,74661.5
9272,0.00042711,74669.3
9273,0.00037568,74677.3
9274,0.00029296,74685.6
9275,0.00028012,74693.8
9276,0.00032256,74701.8
9277,0.00044564,74709.6
9278,0.00043735,74717.5
9279,0.00034344,74725.5
9280,0.00042577,74733.5
9281,0.00029504,74741.3
9282,0.00038340,74749.2
9283,0.00040892,74757.3
9284,0.00042050,74765.3
9285,0.00030267,74773.3
9286,0.00037132,74781.3
9287,0.00037974,74789.5
9288,0.00036111,74797.4
9289,0.00039667,74805.5
9290,0.00035147,74814.2
9291,0.00042849,74822.5
9292,0.00033748,74831.3
9293,0.00038901,74839.1
9294,0.00035253,74847.0
9295,0.00034613,74855.0
9296,0.00036050,74862.8
9297,0.00041074,74871.2
9298,0.00035695,74879.3
9299,0.00037010,74887.1
9300,0.00033125,74895.3
9301,0.00037815,74903.6
9302,0.00033977,74911.5
9303,0.00042756,74919.5
9304,0.00033629,74927.8
9305,0.00039090,74935.9
9306,0.00047263,74943.8
9307,0.00040349,74951.7
9308,0.00028931,74960.0
9309,0.00040776,74967.8
9310,0.00033760,74975.6
9311,0.00036960,74983.7
9312,0.00034313,74991.6
9313,0.00029165,74999.4
9314,0.00042469,75007.3
9315,0.00038373,75015.3
9316,0.00034912,75023.4
9317,0.00038148,75031.3
9318,0.00037625,75039.3
9319,0.00031704,75047.2
9320,0.00040782,75055.2
9321,0.00028504,75063.1
9322,0.00041573,75071.0
9323,0.00035958,75079.2
9324,0.00038670,75087.2
9325,0.00036231,75095.1
9326,0.00029679,75102.9
9327,0.00040334,75111.0
9328,0.00036745,75119.0
9329,0.00034885,75127.0
9330,0.00040993,75135.2
9331,0.00036258,75143.1
9332,0.00033578,75151.0
9333,0.00037277,75158.9
9334,0.00035077,75166.7
9335,0.00039492,75174.6
9336,0.00042040,75182.8
9337,0.00033054,75190.8
9338,0.00035667,75198.8
9339,0.00042197,75206.7
9340,0.00036963,75214.6
9341,0.00036319,75222.6
9342,0.00037394,75230.4
9343,0.00050139,75238.2
9344,0.00029599,75246.1
9345,0.00039874,75254.1
9346,0.00040031,75262.0
9347,0.00034697,75269.9
9348,0.00037221,75277.8
9349,0.00034545,75286.0
9350,0.00038939,75293.8
9351,0.00046976,75301.6
9352,0.00025828,75309.7
9353,0.00031745,75317.6
9354,0.00026473,75325.8
9355,0.00044232,75334.0
9356,0.00045316,75341.9
9357,0.00036665,75350.0
9358,0.00038143,75358.1
9359,0.00031162,75366.1
9360,0.00034575,75373.9
9361,0.00039313,75381.8
9362,0.00042824,75389.8
9363,0.00042911,75398.0
9364,0.00026888,75406.3
9365,0.00040720,75414.5
9366,0.00027385,75422.5
9367,0.00034650,75430.6
9368,0.00043682,75438.8
9369,0.00028476,75446.9
9370,0.00034712,75454.9
9371,0.00041792,75463.0
9372,0.00044472,75470.9
9373,0.00029593,75478.9
9374,0.00032380,75486.8
9375,0.00029153,75495.1
9376,0.00029395,75503.0
9377,0.00041190,75510.9
9378,0.00032687,75519.0
9379,0.00046367,75526.9
9380,0.00031649,75535.0
9381,0.00031077,75543.3
9382,0.00037590,75551.3
9383,0.00048648,75559.3
9384,0.00033315,75567.5
9385,0.00037752,75575.5
9386,0.00024707,75583.4
9387,0.00040804,75591.4
9388,0.00033751,75599.3
9389,0.00031299,75607.6
9390,0.00039085,75615.4
9391,0.00037729,75623.3
9392,0.00036197,75631.8
9393,0.00028955,75639.9
9394,0.00030015,75647.8
9395,0.00036411,75655.9
9396,0.00036915,75663.8
9397,0.00029498,75672.3
9398,0.00045291,75680.9
9399,0.00040813,75688.7
9400,0.00035870,75696.6
9401,0.00050329,75704.8
9402,0.00026655,75712.9
9403,0.00040578,75720.9
9404,0.00035127,75728.9
9405,0.00035921,75736.9
9406,0.00032574,75745.0
9407,0.00042645,75752.8
9408,0.00044556,75760.7
9409,0.00032033,75768.7
9410,0.00039714,75777.0
9411,0.00030047,75785.5
9412,0.00024317,75793.6
9413,0.00040238,75802.1
9414,0.00029322,75809.9
9415,0.00028631,75817.9
9416,0.00047558,75825.7
9417,0.00034779,75833.7
9418,0.00030481,75841.5
9419,0.00044648,75849.4
9420,0.00030564,75857.1
9421,0.00039713,75865.3
9422,0.00038823,75873.3
9423,0.00031109,75881.4
9424,0.00034222,75889.4
9425,0.00033055,75897.5
9426,0.00049687,75905.9
9427,0.00033304,75914.2
9428,0.00032134,75922.4
9429,0.00037271,75930.4
9430,0.00037697,75938.3
9431,0.00038355,75946.2
9432,0.00038577,75954.2
9433,0.00033787,75962.2
9434,0.00037800,75970.0
9435,0.00028781,75977.9
9436,0.00037487,75985.9
9437,0.00041007,75993.7
9438,0.00044764,76001.8
9439,0.00028081,76010.0
9440,0.00047831,76017.8
9441,0.00025069,76025.8
9442,0.00047146,76033.6
9443,0.00027183,76041.7
9444,0.00040715,76050.1
9445,0.00049638,76058.4
9446,0.00035432,76066.3
9447,0.00036691,76074.6
9448,0.00034824,76082.5
9449,0.00033432,76090.4
9450,0.00028694,76098.4
9451,0.00042149,76106.3
9452,0.00035305,76114.4
9453,0.00042139,76122.2
9454,0.00030142,76130.1
9455,0.00046986,76138.2
9456,0.00034613,76146.3
9457,0.00034886,76154.3
9458,0.00044907,76162.3
9459,0.00032721,76170.3
9460,0.00031785,76178.2
9461,0.00039141,76186.1
9462,0.00025377,76193.9
9463,0.00038762,76202.1
9464,0.00032231,76210.1
9465,0.00045525,76218.0
9466,0.00037967,76225.8
9467,0.00032854,76233.9
9468,0.00026266,76242.3
9469,0.00048234,76250.6
9470,0.00037923,76259.0
9471,0.00035810,76266.9
9472,0.00030209,76275.0
9473,0.00039789,76283.0
9474,0.00038835,76291.1
9475,0.00029847,76298.9
9476,0.00036440,76307.7
9477,0.00034206,76315.9
9478,0.00036605,76323.8
9479,0.00036330,76331.8
9480,0.00037782,76339.9
9481,0.00036875,76348.0
9482,0.00033847,76356.1
9483,0.00051293,76364.0
9484,0.00030945,76372.0
9485,0.00036726,76379.8
9486,0.00043084,76387.6
9487,0.00041085,76395.6
9488,0.00026501,76403.6
9489,0.00037337,76411.8
9490,0.00032158,76419.6
9491,0.00029085,76427.7
9492,0.00032704,76435.7
9493,0.00026018,76443.9
9494,0.00031313,76451.9
9495,0.00033803,76460.0
9496,0.00050782,76468.2
9497,0.00035700,76476.3
9498,0.00030296,76484.2
9499,0.00041443,76492.7
9500,0.00039823,76500.7
9501,0.00024999,76508.6
9502,0.00041903,76516.7
9503,0.00035157,76524.6
9504,0.00030931,76532.6
9505,0.00035643,76540.4
9506,0.00037063,76548.2
9507,0.00035225,76556.0
9508,0.00035977,76564.1
9509,0.00035055,76572.4
9510,0.00025456,76580.5
9511,0.00045333,76588.3
9512,0.00039109,76596.5
9513,0.00042530,76604.7
9514,0.00031495,76612.8
9515,0.00024881,76621.0
9516,0.00037796,76629.1
9517,0.00046171,76637.1
9518,0.00028210,76644.9
9519,0.00048021,76652.7
9520,0.00030825,76660.8
9521,0.00037228,76669.2
9522,0.00036383,76677.1
9523,0.00046430,76685.2
9524,0.00023102,76693.4
9525,0.00030215,76701.3
9526,0.00046520,76709.5
9527,0.00040552,76717.3
9528,0.00028601,76725.5
9529,0.00031705,76733.4
9530,0.00041441,76741.4
9531,0.00035295,76749.4
9532,0.00031876,76757.4
9533,0.00031329,76765.5
9534,0.00042802,76773.6
9535,0.00026168,76781.9
9536,0.00038122,76789.9
9537,0.00036308,76797.9
9538,0.00031683,76806.1
9539,0.00030785,76814.2
9540,0.00031787,76822.1
9541,0.00039210,76830.2
9542,0.00029266,76838.3
9543,0.00035268,76846.6
9544,0.00031982,76854.6
9545,0.00029741,76862.7
9546,0.00041225,76870.5
9547,0.00033393,76878.8
9548,0.00034072,76887.0
9549,0.00038481,76895.0
9550,0.00038330,76902.8
9551,0.00036506,76910.7
9552,0.00028478,76918.9
9553,0.00029135,76926.8
9554,0.00039707,76934.8
9555,0.00039378,76942.8
9556,0.00031315,76950.7
9557,0.00039399,76958.9
9558,0.00030837,76966.8
9559,0.00045789,76974.7
9560,0.00032171,76982.6
9561,0.00037029,76990.8
9562,0.00031737,76998.8
9563,0.00027348,77007.0
9564,0.00035601,77015.2
9565,0.00036502,77023.2
9566,0.00044435,77031.0
9567,0.00033117,77038.9
9568,0.00038359,77046.8
9569,0.00031905,77054.6
9570,0.00027624,77062.8
9571,0.00030152,77070.7
9572,0.00043450,77078.6
9573,0.00038610,77086.8
9574,0.00033683,77095.0
9575,0.00034378,77103.0
9576,0.00035163,77110.8
9577,0.00053711,77119.2
9578,0.00034273,77127.5
9579,0.00030310,77135.5
9580,0.00035126,77143.3
9581,0.00035634,77151.4
9582,0.00045809,77159.3
9583,0.00027018,77167.4
9584,0.00040752,77175.3
9585,0.00023804,77183.4
9586,0.00029677,77191.3
9587,0.00038140,77199.5
9588,0.00037296,77207.5
9589,0.00030459,77215.8
9590,0.00036003,77223.7
9591,0.00040715,77231.7
9592,0.00033000,77239.9
9593,0.00032028,77248.1
9594,0.00036344,77256.1
9595,0.00031345,77264.2
9596,0.00028843,77272.3
9597,0.00043109,77280.3
9598,0.00037162,77288.2
9599,0.00028516,77296.3
9600,0.00049706,77304.3
9601,0.00028975,77312.5
9602,0.00034330,77320.8
9603,0.00032333,77328.7
9604,0.00032543,77336.5
9605,0.00030149,77344.5
9606,0.00033585,77352.6
9607,0.00027488,77360.5
9608,0.00035985,77368.5
9609,0.00029595,77376.6
9610,0.00038558,77384.7
9611,0.00027231,77392.6
9612,0.00035291,77400.6
9613,0.00038424,77408.6
9614,0.00027046,77416.5
9615,0.00037701,77424.7
9616,0.00042828,77432.8
9617,0.00046888,77440.9
9618,0.00038917,77448.8
9619,0.00026664,77456.7
9620,0.00027206,77465.0
9621,0.00038713,77473.0
9622,0.00029821,77481.0
9623,0.00035546,77489.0
9624,0.00046190,77497.1
9625,0.00031746,77505.6
9626,0.00033115,77513.8
9627,0.00041553,77521.6
9628,0.00042375,77530.2
9629,0.00027416,77538.1
9630,0.00025356,77546.2
9631,0.00034480,77554.2
9632,0.00042760,77562.3
9633,0.00032220,77570.4
9634,0.00034508,77578.3
9635,0.00030517,77586.7
9636,0.00037681,77594.8
9637,0.00039965,77602.8
9638,0.00045054,77610.9
9639,0.00024479,77619.1
9640,0.00032215,77627.1
9641,0.00040443,77635.0
9642,0.00029537,77642.9
9643,0.00028900,77650.8
9644,0.00035599,77658.9
9645,0.00032542,77667.5
9646,0.00042895,77675.5
9647,0.00025829,77683.6
9648,0.00038157,77691.5
9649,0.00026348,77699.4
9650,0.00030354,77707.4
9651,0.00031867,77715.5
9652,0.00035195,77723.6
9653,0.00040177,77731.8
9654,0.00030734,77740.1
9655,0.00041385,77748.3
9656,0.00040910,77756.2
9657,0.00032841,77764.1
9658,0.00038950,77772.1
9659,0.00035326,77780.1
9660,0.00039839,77788.0
9661,0.00031516,77796.2
9662,0.00034855,77804.4
9663,0.00038138,77812.6
9664,0.00029939,77820.8
9665,0.00034777,77828.9
9666,0.00030736,77837.0
9667,0.00028564,77844.9
9668,0.00031642,77853.3
9669,0.00031076,77861.5
9670,0.00042930,77869.3
9671,0.00040023,77877.3
9672,0.00031269,77885.4
9673,0.00039245,77893.6
9674,0.00041612,77901.5
9675,0.00044661,77909.4
9676,0.00020026,77917.5
9677,0.00047941,77925.5
9678,0.00027834,77933.4
9679,0.00039051,77941.3
9680,0.00028919,77949.1
9681,0.00048794,77956.9
9682,0.00041660,77964.9
9683,0.00031518,77972.7
9684,0.00031738,77981.0
9685,0.00032404,77988.9
9686,0.00035072,77997.0
9687,0.00039034,78005.5
9688,0.00032548,78013.7
9689,0.00028046,78021.6
9690,0.00045378,78029.8
9691,0.00041309,78037.7
9692,0.00032564,78045.6
9693,0.00038766,78053.8
9694,0.00030199,78061.8
9695,0.00038954,78069.9
9696,0.00047054,78078.2
9697,0.00028972,78086.2
9698,0.00027111,78094.5
9699,0.00041401,78102.8
9700,0.00030030,78110.8
9701,0.00038165,78119.0
9702,0.00035280,78126.8
9703,0.00029886,78134.7
9704,0.00031231,78142.7
9705,0.00040206,78150.7
9706,0.00033087,78158.7
9707,0.00034095,78167.0
9708,0.00024230,78174.9
9709,0.00045093,78183.2
9710,0.00029628,78191.1
9711,0.00031474,78199.1
9712,0.00039943,78207.5
9713,0.00047611,78215.5
9714,0.00044183,78223.3
9715,0.00030476,78231.3
9716,0.00028812,78239.2
9717,0.00035022,78247.3
9718,0.00049850,78255.3
9719,0.00034902,78263.5
9720,0.00033891,78271.6
9721,0.00032087,78279.8
9722,0.00027944,78287.8
9723,0.00038702,78295.9
9724,0.00029243,78304.0
9725,0.00031512,78311.8
9726,0.00034919,78319.7
9727,0.00027320,78327.5
9728,0.00030513,78335.3
9729,0.00030683,78343.3
9730,0.00039245,78351.3
9731,0.00029213,78359.1
9732,0.00039819,78367.1
9733,0.00032665,78375.1
9734,0.00031560,78383.0
9735,0.00034681,78391.0
9736,0.00029621,78399.5
9737,0.00033517,78407.9
9738,0.00027061,78415.9
9739,0.00042595,78423.8
9740,0.00031952,78431.6
9741,0.00039340,78439.4
9742,0.00028301,78447.2
9743,0.00041282,78455.2
9744,0.00030132,78463.2
9745,0.00032907,78471.5
9746,0.00038478,78479.6
9747,0.00027609,78487.8
9748,0.00032167,78495.8
9749,0.00031450,78503.9
9750,0.00032116,78512.5
9751,0.00044153,78520.6
9752,0.00039273,78528.7
9753,0.00032342,78536.5
9754,0.00034828,78544.7
9755,0.00036473,78552.6
9756,0.00033985,78560.4
9757,0.00032067,78568.5
9758,0.00036318,78576.5
9759,0.00024012,78584.4
9760,0.00032970,78592.3
9761,0.00028379,78600.3
9762,0.00040393,78608.6
9763,0.00041302,78616.4
9764,0.00035077,78624.3
9765,0.00035518,78632.1
9766,0.00029284,78640.0
9767,0.00033355,78648.2
9768,0.00031449,78656.1
9769,0.00034757,78663.9
9770,0.00030837,78671.9
9771,0.00038463,78679.9
9772,0.00038113,78688.1
9773,0.00025544,78696.2
9774,0.00028480,78704.2
9775,0.00043737,78712.2
9776,0.00031004,78720.1
9777,0.00033968,78727.9
9778,0.00031749,78735.8
9779,0.00036244,78743.7
9780,0.00034336,78751.6
9781,0.00037281,78759.4
9782,0.00033620,78767.8
9783,0.00045775,78776.5
9784,0.00043062,78784.6
9785,0.00031195,78792.4
9786,0.00031554,78800.6
9787,0.00028975,78808.8
9788,0.00038700,78816.8
9789,0.00027065,78824.7
9790,0.00038720,78832.8
9791,0.00027830,78840.8
9792,0.00033209,78848.8
9793,0.00032575,78856.6
9794,0.00038988,78864.7
9795,0.00046637,78872.7
9796,0.00026623,78880.7
9797,0.00035055,78888.6
9798,0.00029392,78897.0
9799,0.00031025,78904.8
9800,0.00040138,78912.8
9801,0.00032377,78921.3
9802,0.00043564,78929.7
9803,0.00025118,78937.6
9804,0.00040911,78945.5
9805,0.00035437,78953.4
9806,0.00027966,78961.6
9807,0.00040193,78969.9
9808,0.00025124,78977.9
9809,0.00040070,78985.8
9810,0.00036724,78993.6
9811,0.00041595,79001.7
9812,0.00028010,79009.9
9813,0.00043978,79017.9
9814,0.00026613,79026.5
9815,0.00027630,79034.8
9816,0.00029757,79042.6
9817,0.00033582,79050.6
9818,0.00045481,79058.4
9819,0.00029891,79066.2
9820,0.00033844,79074.2
9821,0.00030741,79082.1
9822,0.00037728,79090.8
9823,0.00030897,79099.0
9824,0.00039653,79107.1
9825,0.00024575,79115.0
9826,0.00037323,79123.1
9827,0.00035737,79131.1
9828,0.00027983,79139.3
9829,0.00040844,79147.2
9830,0.00034212,79155.2
9831,0.00040912,79163.3
9832,0.00038748,79171.3
9833,0.00026304,79179.4
9834,0.00035576,79187.4
9835,0.00038209,79195.8
9836,0.00037944,79203.9
9837,0.00037954,79212.3
9838,0.00027465,79220.5
9839,0.00037478,79228.6
9840,0.00033343,79236.7
9841,0.00042513,79244.7
9842,0.00031079,79252.7
9843,0.00024522,79260.7
9844,0.00038909,79268.8
9845,0.00046278,79276.6
9846,0.00030519,79284.6
9847,0.00018278,79292.9
9848,0.00034160,79301.3
9849,0.00046715,79309.2
9850,0.00043865,79317.3
9851,0.00044394,79325.3
9852,0.00029522,79333.1
9853,0.00043280,79341.1
9854,0.00029233,79349.4
9855,0.00029552,79357.3
9856,0.00047289,79365.6
9857,0.00019635,79373.9
9858,0.00024241,79381.9
9859,0.00046332,79390.1
9860,0.00041108,79398.2
9861,0.00029689,79406.3
9862,0.00030364,79414.9
9863,0.00039217,79423.4
9864,0.00032681,79431.3
9865,0.00033287,79439.3
9866,0.00042815,79447.5
9867,0.00030880,79455.8
9868,0.00036120,79464.0
9869,0.00029068,79472.1
9870,0.00038757,79480.3
9871,0.00026797,79488.1
9872,0.00034581,79496.2
9873,0.00034285,79504.5
9874,0.00021890,79512.6
9875,0.00051187,79520.5
9876,0.00031450,79528.5
9877,0.00035719,79536.5
9878,0.00042469,79544.5
9879,0.00033281,79552.7
9880,0.00034622,79560.7
9881,0.00027978,79568.9
9882,0.00031979,79577.4
9883,0.00028947,79585.5
9884,0.00036765,79593.6
9885,0.00042176,79601.5
9886,0.00036760,79609.4
9887,0.00032267,79617.5
9888,0.00040650,79625.8
9889,0.00034784,79634.0
9890,0.00030548,79642.1
9891,0.00033149,79649.9
9892,0.00038525,79657.8
9893,0.00027306,79666.1
9894,0.00031383,79674.4
9895,0.00044561,79682.5
9896,0.00025244,79690.6
9897,0.00043221,79698.5
9898,0.00039630,79706.4
9899,0.00035912,79714.6
9900,0.00032314,79722.4
9901,0.00031033,79730.4
9902,0.00048201,79738.3
9903,0.00026743,79746.6
9904,0.00031654,79754.4
9905,0.00032603,79762.3
9906,0.00028919,79770.3
9907,0.00035802,79778.1
9908,0.00030186,79786.0
9909,0.00034441,79794.0
9910,0.00033691,79801.7
9911,0.00035644,79809.6
9912,0.00022970,79817.6
9913,0.00029318,79825.6
9914,0.00035618,79833.5
9915,0.00033516,79841.3
9916,0.00038741,79849.3
9917,0.00037768,79857.2
9918,0.00028413,79865.7
9919,0.00035445,79873.8
9920,0.00033932,79881.8
9921,0.00038456,79889.9
9922,0.00031666,79897.9
9923,0.00028937,79905.7
9924,0.00029963,79913.9
9925,0.00037691,79922.1
9926,0.00029281,79930.0
9927,0.00035382,79937.9
9928,0.00026030,79946.0
9929,0.00045141,79954.2
9930,0.00044483,79962.3
9931,0.00029133,79970.2
9932,0.00027561,79978.4
9933,0.00033603,79986.4
9934,0.00041357,79994.4
9935,0.00037269,80002.3
9936,0.00029564,80010.6
9937,0.00035496,80018.6
9938,0.00036205,80026.4
9939,0.00032756,80034.4
9940,0.00022318,80042.4
9941,0.00051178,80050.5
9942,0.00024302,80058.3
9943,0.00052398,80066.6
9944,0.00025923,80074.4
9945,0.00034742,80082.2
9946,0.00040608,80090.2
9947,0.00020015,80098.5
9948,0.00041639,80106.4
9949,0.00030308,80114.4
9950,0.00030586,80122.6
9951,0.00028850,80131.3
9952,0.00032935,80139.3
9953,0.00028085,80147.2
9954,0.00045316,80155.2
9955,0.00043771,80163.2
9956,0.00039766,80171.3
9957,0.00026420,80179.3
9958,0.00029984,80187.4
9959,0.00038806,80195.3
9960,0.00028542,80203.5
9961,0.00033535,80211.3
9962,0.00028489,80219.4
9963,0.00034984,80227.3
9964,0.00024814,80235.4
9965,0.00035872,80243.3
9966,0.00028864,80251.2
9967,0.00030905,80259.5
9968,0.00036917,80267.7
9969,0.00033175,80276.0
9970,0.00036812,80284.3
9971,0.00029633,80292.8
9972,0.00032897,80301.2
9973,0.00035921,80309.4
9974,0.00030458,80317.8
9975,0.00044116,80325.9
9976,0.00022810,80334.5
9977,0.00025326,80342.6
9978,0.00034588,80351.0
9979,0.00035236,80359.0
9980,0.00033113,80367.2
9981,0.00039935,80375.6
9982,0.00039354,80383.7
9983,0.00037464,80391.9
9984,0.00030289,80400.0
9985,0.00040283,80408.1
9986,0.00024801,80416.2
9987,0.00054606,80425.0
9988,0.00033627,80433.4
9989,0.00036917,80441.5
9990,0.00033395,80449.6
9991,0.00034428,80458.1
9992,0.00037724,80466.1
9993,0.00034370,80474.0
9994,0.00032810,80482.3
9995,0.00024214,80490.5
9996,0.00026827,80498.9
9997,0.00040233,80507.0
9998,0.00037950,80515.0
9999,0.00029945,80523.1
10000,0.00031919,80531.2
