epoch,loss,seconds
1,1.02943590,1.0
2,0.97590633,1.9
3,0.82798489,2.8
4,0.64671606,3.7
5,0.56941719,4.6
6,0.54579823,5.5
7,0.53040253,6.4
8,0.51714721,7.3
9,0.50972692,8.1
10,0.49429782,9.0
11,0.48535957,9.9
12,0.47147517,10.7
13,0.44892074,11.6
14,0.43107516,12.4
15,0.40036080,13.2
16,0.36785331,14.1
17,0.31825677,14.9
18,0.27163836,15.8
19,0.23776255,16.7
20,0.22678863,17.6
21,0.21675013,18.4
22,0.21488552,19.3
23,0.21018709,20.2
24,0.20288127,21.1
25,0.20156443,22.0
26,0.19623561,22.9
27,0.19747176,23.8
28,0.19643610,24.7
29,0.19264791,25.6
30,0.19293404,26.5
31,0.19317387,27.4
32,0.18960367,28.2
33,0.18581228,29.1
34,0.18643508,30.0
35,0.18228489,30.9
36,0.18380533,31.8
37,0.17893297,32.7
38,0.17777123,33.5
39,0.17825113,34.5
40,0.17740491,35.3
41,0.17647909,36.2
42,0.17645849,37.1
43,0.17582268,38.0
44,0.17535127,38.9
45,0.17329143,39.8
46,0.17395931,40.6
47,0.17056048,41.5
48,0.17219247,42.4
49,0.17013767,43.3
50,0.16911403,44.2
51,0.16774658,45.1
52,0.16718845,46.0
53,0.16512499,46.9
54,0.16357402,47.8
55,0.16331187,48.6
56,0.16390927,49.5
57,0.16034220,50.4
58,0.15907874,51.3
59,0.15802385,52.2
60,0.15786364,53.1
61,0.15977956,54.0
62,0.15694310,54.8
63,0.15544684,55.7
64,0.15540770,56.6
65,0.15253980,57.5
66,0.15380073,58.4
67,0.15304896,59.3
68,0.15545400,60.2
69,0.15230515,61.1
70,0.15172076,62.0
71,0.15155933,62.8
72,0.14980385,63.7
73,0.15127176,64.6
74,0.15080611,65.5
75,0.14889194,66.4
76,0.14774775,67.3
77,0.14755303,68.1
78,0.14655255,69.0
79,0.14626140,69.9
80,0.14536829,70.8
81,0.14539054,71.7
82,0.14708101,72.5
83,0.14398419,73.4
84,0.14474822,74.3
85,0.14366146,75.2
86,0.14277409,76.1
87,0.14155399,76.9
88,0.14207912,77.8
89,0.14285332,78.7
90,0.14110824,79.6
91,0.14221843,80.5
92,0.14056156,81.4
93,0.13990209,82.2
94,0.13930344,83.1
95,0.13827761,84.0
96,0.13880610,84.9
97,0.13934118,85.8
98,0.13635350,86.7
99,0.13656326,87.6
100,0.13527226,88.5
101,0.13614137,89.4
102,0.13531713,90.2
103,0.13496297,91.1
104,0.13358774,92.0
105,0.13344273,92.9
106,0.13159330,93.8
107,0.13237023,94.7
108,0.13125548,95.6
109,0.12998376,96.4
110,0.12973437,97.3
111,0.13002017,98.2
112,0.12919897,99.1
113,0.12974238,100.0
114,0.12722450,100.9
115,0.12653917,101.7
116,0.12619120,102.6
117,0.12487461,103.5
118,0.12458709,104.4
119,0.12497123,105.3
120,0.12387614,106.2
121,0.12265010,107.1
122,0.12179182,107.9
123,0.12138937,108.8
124,0.12234085,109.7
125,0.12168382,110.6
126,0.11995642,111.5
127,0.11961702,112.4
128,0.11698679,113.3
129,0.11756779,114.2
130,0.11618588,115.1
131,0.11617213,115.9
132,0.11574519,116.8
133,0.11492434,117.7
134,0.11319499,118.6
135,0.11275923,119.5
136,0.11129285,120.4
137,0.11249315,121.3
138,0.10922007,122.1
139,0.10817153,123.0
140,0.10798486,123.9
141,0.10797829,124.8
142,0.10559233,125.6
143,0.10493216,126.5
144,0.10460620,127.3
145,0.10404553,128.1
146,0.10198950,128.9
147,0.10221619,129.8
148,0.10190596,130.6
149,0.10171974,131.4
150,0.09951567,132.2
151,0.09921203,133.1
152,0.09794761,133.9
153,0.09692022,134.7
154,0.09785263,135.6
155,0.09870297,136.4
156,0.09419960,137.2
157,0.09396010,138.1
158,0.09382000,138.9
159,0.09255822,139.8
160,0.09143653,140.7
161,0.09174843,141.6
162,0.09181467,142.5
163,0.09134696,143.4
164,0.09029584,144.3
165,0.08821161,145.2
166,0.08846206,146.1
167,0.08672376,146.9
168,0.08636783,147.8
169,0.08771975,148.7
170,0.08472667,149.6
171,0.08494934,150.5
172,0.08619136,151.4
173,0.08415175,152.3
174,0.08475487,153.1
175,0.08238967,154.0
176,0.08343437,154.9
177,0.08274984,155.8
178,0.08271064,156.7
179,0.07890693,157.5
180,0.07991340,158.4
181,0.07846060,159.3
182,0.07834287,160.2
183,0.07849553,161.1
184,0.08013049,162.0
185,0.07946151,162.9
186,0.07529652,163.7
187,0.07562368,164.6
188,0.07471049,165.5
189,0.07442252,166.4
190,0.07404464,167.3
191,0.07201987,168.1
192,0.07316774,169.0
193,0.07338685,169.9
194,0.07061907,170.8
195,0.07079597,171.7
196,0.07061211,172.6
197,0.06943674,173.4
198,0.06929872,174.4
199,0.06738948,175.2
200,0.06779386,176.1
201,0.06973055,177.0
202,0.07031854,177.9
203,0.06887214,178.8
204,0.06669297,179.6
205,0.06769352,180.5
206,0.06757948,181.4
207,0.06721183,182.4
208,0.06565017,183.2
209,0.06684861,184.1
210,0.06300494,185.0
211,0.06405969,185.9
212,0.06411407,186.8
213,0.06411025,187.7
214,0.06191067,188.5
215,0.06156311,189.4
216,0.06139380,190.3
217,0.05960153,191.2
218,0.05971459,192.1
219,0.06179782,193.0
220,0.06097484,193.9
221,0.05943267,194.7
222,0.06039321,195.6
223,0.05761692,196.5
224,0.05892775,197.4
225,0.06063382,198.3
226,0.05533201,199.2
227,0.05556787,200.1
228,0.05492134,200.9
229,0.05510996,201.8
230,0.06110999,202.7
231,0.05508226,203.6
232,0.05471081,204.5
233,0.05573276,205.3
234,0.05722721,206.2
235,0.05351903,207.1
236,0.05248465,208.0
237,0.05422709,208.9
238,0.05551932,209.8
239,0.05161932,210.6
240,0.05085664,211.5
241,0.05000699,212.4
242,0.05491738,213.3
243,0.05057303,214.2
244,0.05378899,215.0
245,0.05555034,215.9
246,0.04972576,216.8
247,0.05471121,217.7
248,0.04914415,218.6
249,0.04710598,219.5
250,0.04983999,220.3
251,0.05098505,221.2
252,0.05737343,222.1
253,0.04930132,223.0
254,0.04689320,223.9
255,0.05028302,224.8
256,0.04596757,225.6
257,0.04483853,226.5
258,0.04748308,227.4
259,0.04815476,228.3
260,0.04660795,229.2
261,0.04534492,230.1
262,0.04647546,230.9
263,0.04627735,231.8
264,0.04543673,232.7
265,0.04485070,233.6
266,0.04896448,234.5
267,0.04368888,235.4
268,0.04415672,236.3
269,0.04710814,237.2
270,0.04323880,238.1
271,0.04633683,238.9
272,0.04385636,239.8
273,0.04558887,240.7
274,0.04345906,241.6
275,0.04240380,242.5
276,0.04451437,243.3
277,0.04060837,244.2
278,0.03973727,245.2
279,0.04148166,246.0
280,0.04126079,246.9
281,0.04221150,247.8
282,0.04283169,248.6
283,0.04011549,249.5
284,0.04055001,250.3
285,0.04152653,251.1
286,0.03880685,252.0
287,0.03862532,252.9
288,0.03916105,253.8
289,0.03722872,254.7
290,0.04030563,255.5
291,0.03792495,256.4
292,0.03923169,257.3
293,0.03926489,258.2
294,0.03898360,259.1
295,0.03589940,259.9
296,0.03868697,260.8
297,0.03612223,261.7
298,0.03746295,262.6
299,0.03869296,263.5
300,0.03675730,264.3
301,0.03971349,265.2
302,0.03558727,266.1
303,0.03721613,267.0
304,0.03989951,267.9
305,0.03959053,268.8
306,0.03841380,269.6
307,0.03732268,270.5
308,0.03935854,271.4
309,0.03730999,272.3
310,0.03488224,273.1
311,0.03706292,274.0
312,0.03708169,274.9
313,0.03469781,275.8
314,0.03636365,276.7
315,0.03522150,277.6
316,0.03320578,278.5
317,0.03628233,279.4
318,0.03915010,280.2
319,0.03627448,281.1
320,0.03393573,282.0
321,0.03817486,282.9
322,0.03689582,283.8
323,0.03482840,284.6
324,0.03722527,285.5
325,0.03323799,286.4
326,0.03291444,287.3
327,0.03317105,288.2
328,0.03629359,289.1
329,0.03390065,289.9
330,0.03970761,290.8
331,0.03238215,291.7
332,0.04065165,292.6
333,0.03602400,293.4
334,0.03304562,294.2
335,0.03687802,295.1
336,0.03172623,295.9
337,0.03252814,296.7
338,0.03457788,297.6
339,0.03129065,298.4
340,0.03382952,299.2
341,0.03447573,300.0
342,0.03557222,300.9
343,0.03254518,301.7
344,0.03289572,302.5
345,0.03331845,303.4
346,0.03149470,304.3
347,0.03046087,305.2
348,0.03132542,306.0
349,0.03155069,306.9
350,0.03006948,307.8
351,0.03089367,308.7
352,0.03100014,309.6
353,0.03378480,310.5
354,0.03043996,311.3
355,0.03204143,312.2
356,0.02907899,313.0
357,0.03030368,313.8
358,0.02946650,314.6
359,0.02947227,315.5
360,0.03254370,316.3
361,0.02980121,317.1
362,0.03166851,317.9
363,0.02926548,318.8
364,0.03151917,319.6
365,0.03047041,320.4
366,0.02966987,321.2
367,0.02884972,322.1
368,0.03205666,322.9
369,0.02864370,323.7
370,0.02951969,324.6
371,0.03011747,325.4
372,0.02768570,326.2
373,0.02842785,327.0
374,0.02965455,327.9
375,0.02838108,328.7
376,0.02929300,329.6
377,0.02753655,330.4
378,0.02839656,331.3
379,0.02818558,332.2
380,0.02915804,333.0
381,0.02718115,333.8
382,0.02699853,334.6
383,0.03408060,335.5
384,0.03006110,336.3
385,0.02953137,337.1
386,0.02765392,337.9
387,0.03096700,338.8
388,0.02811781,339.6
389,0.02874903,340.4
390,0.02907418,341.2
391,0.03015241,342.1
392,0.02966918,342.9
393,0.02828068,343.7
394,0.02597989,344.5
395,0.02742948,345.4
396,0.02716565,346.3
397,0.02634496,347.2
398,0.02674105,348.0
399,0.02912008,348.9
400,0.02564817,349.8
401,0.02622816,350.7
402,0.02719018,351.6
403,0.02775619,352.4
404,0.02540583,353.3
405,0.02557839,354.2
406,0.02588282,355.1
407,0.02569628,356.0
408,0.02525304,356.8
409,0.02607250,357.8
410,0.02668457,358.7
411,0.02762571,359.5
412,0.02854090,360.4
413,0.02561425,361.3
414,0.02584548,362.2
415,0.02585612,363.0
416,0.02509748,363.9
417,0.02423947,364.8
418,0.02397611,365.7
419,0.03044252,366.6
420,0.02557103,367.5
421,0.02392328,368.4
422,0.02498320,369.3
423,0.02852426,370.1
424,0.02413758,371.0
425,0.02735433,371.9
426,0.02222361,372.8
427,0.02743052,373.7
428,0.02381411,374.6
429,0.02553721,375.4
430,0.02500416,376.3
431,0.02656953,377.2
432,0.02394148,378.1
433,0.02332767,378.9
434,0.02250519,379.8
435,0.02274592,380.7
436,0.02376603,381.6
437,0.02437175,382.5
438,0.02238857,383.3
439,0.02299109,384.2
440,0.02371240,385.1
441,0.02262383,386.0
442,0.02367982,386.8
443,0.02397857,387.7
444,0.02330114,388.6
445,0.02443537,389.5
446,0.02475316,390.4
447,0.02224262,391.3
448,0.02281202,392.1
449,0.02240050,393.0
450,0.02331095,393.9
451,0.02122134,394.8
452,0.02213746,395.7
453,0.02067431,396.6
454,0.01972237,397.5
455,0.02258007,398.3
456,0.02006071,399.2
457,0.02016026,400.1
458,0.02027087,401.0
459,0.02328886,401.9
460,0.02097738,402.8
461,0.02079362,403.7
462,0.02315696,404.6
463,0.02189019,405.5
464,0.02196287,406.3
465,0.02235662,407.2
466,0.01954090,408.1
467,0.01994712,409.0
468,0.02004932,409.9
469,0.02131009,410.8
470,0.02133540,411.7
471,0.01982888,412.6
472,0.01906206,413.5
473,0.01883236,414.4
474,0.02000900,415.2
475,0.02002201,416.1
476,0.01816485,417.0
477,0.02045371,417.9
478,0.01898898,418.8
479,0.01829779,419.7
480,0.02025588,420.5
481,0.01781704,421.4
482,0.01871109,422.3
483,0.01888204,423.1
484,0.01830155,423.9
485,0.02059205,424.8
486,0.01922783,425.6
487,0.01795503,426.4
488,0.01832290,427.3
489,0.01666344,428.1
490,0.01846110,428.9
491,0.01858818,429.7
492,0.01839465,430.6
493,0.01805040,431.4
494,0.01819475,432.2
495,0.01752460,433.0
496,0.01846179,433.9
497,0.01957223,434.7
498,0.01774552,435.5
499,0.01768087,436.4
500,0.01727050,437.2
501,0.01586840,438.1
502,0.01756137,438.9
503,0.01634863,439.7
504,0.01667788,440.6
505,0.01722964,441.4
506,0.01629076,442.2
507,0.01656421,443.1
508,0.01697941,443.9
509,0.01600410,444.8
510,0.01632530,445.6
511,0.01670626,446.5
512,0.01652243,447.4
513,0.01736744,448.3
514,0.01747294,449.2
515,0.01808410,450.1
516,0.01725339,450.9
517,0.01517558,451.8
518,0.01610249,452.7
519,0.01506024,453.6
520,0.01759380,454.5
521,0.01693262,455.4
522,0.01874461,456.3
523,0.01526849,457.2
524,0.01483939,458.1
525,0.01530129,458.9
526,0.01580201,459.9
527,0.01598082,460.7
528,0.01486216,461.6
529,0.01477151,462.5
530,0.01402647,463.4
531,0.01604376,464.3
532,0.01540196,465.1
533,0.01485502,466.0
534,0.01433237,466.9
535,0.01573344,467.8
536,0.01667976,468.7
537,0.01559493,469.6
538,0.01469117,470.4
539,0.01436550,471.3
540,0.01363949,472.2
541,0.01455393,473.1
542,0.01447941,474.0
543,0.01452855,474.8
544,0.01476598,475.7
545,0.01389895,476.6
546,0.01281736,477.4
547,0.01718722,478.3
548,0.01357155,479.1
549,0.01433991,480.0
550,0.01363848,480.8
551,0.01434765,481.7
552,0.01493715,482.5
553,0.01593031,483.3
554,0.01800128,484.1
555,0.01427794,485.0
556,0.01415704,485.8
557,0.01509377,486.6
558,0.01327980,487.5
559,0.01328001,488.3
560,0.01519138,489.1
561,0.01457626,489.9
562,0.01519536,490.8
563,0.01334723,491.6
564,0.01278558,492.4
565,0.01492466,493.2
566,0.01348278,494.1
567,0.01512680,494.9
568,0.01444121,495.7
569,0.01282559,496.5
570,0.01322735,497.4
571,0.01341418,498.2
572,0.01227021,499.0
573,0.01370868,499.9
574,0.01365888,500.7
575,0.01302232,501.5
576,0.01193500,502.3
577,0.01230159,503.2
578,0.01336014,504.0
579,0.01465883,504.8
580,0.01284857,505.7
581,0.01328963,506.5
582,0.01221028,507.3
583,0.01176891,508.2
584,0.01306280,509.0
585,0.01184143,509.8
586,0.01307054,510.6
587,0.01277518,511.5
588,0.01194745,512.3
589,0.01388706,513.1
590,0.01219594,514.0
591,0.01204768,514.8
592,0.01277930,515.6
593,0.01345672,516.5
594,0.01177714,517.3
595,0.01245983,518.1
596,0.01228418,518.9
597,0.01412312,519.8
598,0.01116350,520.7
599,0.01225349,521.6
600,0.01159724,522.5
601,0.01226175,523.4
602,0.01189492,524.3
603,0.01138735,525.1
604,0.01184210,526.0
605,0.01342143,526.8
606,0.01069724,527.6
607,0.01241433,528.4
608,0.01175128,529.3
609,0.01195660,530.1
610,0.01061156,530.9
611,0.01205125,531.8
612,0.01164687,532.6
613,0.01154446,533.4
614,0.01061935,534.2
615,0.01170180,535.1
616,0.01035046,535.9
617,0.01109676,536.7
618,0.01101095,537.6
619,0.01061578,538.4
620,0.01176794,539.3
621,0.01128192,540.2
622,0.01118381,541.1
623,0.01050537,541.9
624,0.01213443,542.8
625,0.01029667,543.7
626,0.01101891,544.6
627,0.01103710,545.5
628,0.00988365,546.3
629,0.01026354,547.2
630,0.01259198,548.1
631,0.01113183,549.0
632,0.01083061,549.9
633,0.00934318,550.7
634,0.01053638,551.6
635,0.01233315,552.5
636,0.00982647,553.4
637,0.01039374,554.3
638,0.01066504,555.1
639,0.01077364,556.0
640,0.01054836,556.9
641,0.00990816,557.8
642,0.00990920,558.6
643,0.00974090,559.5
644,0.00969659,560.4
645,0.01008434,561.3
646,0.00937097,562.2
647,0.01046284,563.1
648,0.00912475,563.9
649,0.00974127,564.8
650,0.00971644,565.7
651,0.00997468,566.6
652,0.01035994,567.4
653,0.01147012,568.3
654,0.00870788,569.2
655,0.00890514,570.1
656,0.00943687,571.0
657,0.01069297,571.9
658,0.00903048,572.7
659,0.00985225,573.6
660,0.00859663,574.4
661,0.00851944,575.2
662,0.01068713,576.0
663,0.00967243,576.9
664,0.00871750,577.7
665,0.00852484,578.5
666,0.00869317,579.3
667,0.00956535,580.2
668,0.00953307,581.0
669,0.00872365,581.8
670,0.00896458,582.7
671,0.00886859,583.5
672,0.00817163,584.3
673,0.00946989,585.2
674,0.00916536,586.0
675,0.00942911,586.8
676,0.01008056,587.6
677,0.00912950,588.5
678,0.00888548,589.3
679,0.00774408,590.1
680,0.00835491,591.0
681,0.00836491,591.8
682,0.00869680,592.6
683,0.00796594,593.4
684,0.00859205,594.3
685,0.00977507,595.1
686,0.00958049,595.9
687,0.00828249,596.7
688,0.00866984,597.6
689,0.00827652,598.4
690,0.00778723,599.3
691,0.00807020,600.1
692,0.00855046,600.9
693,0.00922614,601.7
694,0.00770704,602.6
695,0.00734986,603.4
696,0.00803344,604.2
697,0.00749691,605.1
698,0.00797621,605.9
699,0.00764994,606.7
700,0.00904295,607.6
701,0.00860087,608.4
702,0.00829123,609.3
703,0.00739986,610.2
704,0.00785035,611.1
705,0.00764197,612.0
706,0.00913588,612.9
707,0.00845511,613.8
708,0.00756994,614.7
709,0.00744706,615.5
710,0.00769248,616.4
711,0.00829414,617.3
712,0.00787673,618.2
713,0.00685369,619.1
714,0.00631412,620.0
715,0.00697526,620.8
716,0.00699373,621.7
717,0.00802928,622.6
718,0.00748394,623.5
719,0.00737964,624.4
720,0.00660497,625.3
721,0.00861748,626.1
722,0.00651603,627.0
723,0.00777186,627.9
724,0.00707225,628.8
725,0.00845959,629.7
726,0.00663946,630.5
727,0.00638333,631.4
728,0.00674986,632.3
729,0.00607525,633.2
730,0.00634164,634.2
731,0.00862554,635.0
732,0.00861941,635.9
733,0.00642001,636.8
734,0.00658019,637.7
735,0.00618570,638.6
736,0.00645203,639.4
737,0.00795738,640.3
738,0.00698966,641.2
739,0.00654046,642.1
740,0.00746118,643.0
741,0.00672642,643.9
742,0.00659978,644.8
743,0.00592685,645.6
744,0.00620985,646.5
745,0.00601612,647.4
746,0.00726070,648.3
747,0.00659380,649.1
748,0.00592749,650.0
749,0.00655254,650.9
750,0.00697617,651.8
751,0.00591205,652.7
752,0.00565020,653.6
753,0.00611094,654.5
754,0.00657570,655.3
755,0.00702251,656.2
756,0.00620932,657.1
757,0.00598732,658.0
758,0.00585118,658.9
759,0.00564595,659.8
760,0.00651019,660.6
761,0.00586913,661.5
762,0.00567830,662.4
763,0.00623334,663.3
764,0.00634060,664.2
765,0.00616170,665.1
766,0.00651604,665.9
767,0.00767441,666.8
768,0.00680198,667.7
769,0.00542637,668.6
770,0.00541392,669.5
771,0.00715556,670.4
772,0.00832493,671.2
773,0.00683623,672.1
774,0.00584372,673.0
775,0.00707530,673.9
776,0.00553850,674.8
777,0.00609855,675.6
778,0.00595106,676.5
779,0.00599222,677.4
780,0.00558624,678.3
781,0.00563060,679.2
782,0.00522475,680.1
783,0.00649754,681.0
784,0.00647647,681.8
785,0.00537942,682.7
786,0.00602104,683.6
787,0.00561863,684.5
788,0.00546219,685.4
789,0.00566314,686.2
790,0.00556382,687.1
791,0.00593911,688.0
792,0.00530743,688.9
793,0.00605851,689.8
794,0.00576185,690.7
795,0.00612221,691.6
796,0.00623871,692.4
797,0.00525465,693.3
798,0.00606461,694.2
799,0.00524586,695.1
800,0.00515679,696.0
801,0.00516443,696.9
802,0.00531799,697.8
803,0.00486246,698.7
804,0.00558907,699.5
805,0.00515077,700.4
806,0.00506685,701.2
807,0.00527661,702.0
808,0.00506100,702.8
809,0.00541988,703.7
810,0.00512318,704.5
811,0.00519924,705.3
812,0.00527116,706.1
813,0.00525119,707.0
814,0.00555891,707.8
815,0.00560520,708.6
816,0.00483867,709.4
817,0.00624925,710.3
818,0.00576983,711.1
819,0.00510934,712.0
820,0.00486134,712.8
821,0.00496442,713.7
822,0.00538118,714.6
823,0.00443577,715.5
824,0.00478419,716.4
825,0.00467340,717.2
826,0.00512336,718.1
827,0.00511276,719.0
828,0.00463312,719.8
829,0.00492730,720.7
830,0.00471899,721.6
831,0.00523061,722.5
832,0.00484960,723.4
833,0.00518792,724.2
834,0.00497465,725.1
835,0.00477547,726.0
836,0.00483107,726.9
837,0.00616952,727.8
838,0.00528657,728.6
839,0.00500810,729.5
840,0.00446143,730.4
841,0.00535910,731.3
842,0.00415721,732.2
843,0.00684483,733.0
844,0.00568890,733.9
845,0.00455363,734.8
846,0.00456532,735.6
847,0.00515621,736.5
848,0.00429245,737.3
849,0.00481145,738.1
850,0.00532542,738.9
851,0.00523018,739.8
852,0.00498948,740.6
853,0.00535417,741.4
854,0.00496997,742.2
855,0.00552961,743.0
856,0.00502782,743.9
857,0.00515020,744.7
858,0.00439259,745.5
859,0.00558345,746.4
860,0.00455223,747.2
861,0.00528514,748.1
862,0.00527965,748.9
863,0.00468607,749.7
864,0.00425501,750.5
865,0.00694678,751.4
866,0.00438060,752.2
867,0.00508004,753.0
868,0.00469835,753.8
869,0.00410464,754.7
870,0.00453251,755.5
871,0.00425058,756.3
872,0.00456519,757.1
873,0.00434949,758.0
874,0.00388375,758.8
875,0.00494406,759.6
876,0.00520741,760.4
877,0.00587046,761.3
878,0.00416701,762.1
879,0.00414054,762.9
880,0.00400041,763.7
881,0.00476317,764.6
882,0.00381891,765.4
883,0.00427793,766.2
884,0.00412274,767.0
885,0.00482807,767.9
886,0.00431771,768.7
887,0.00413845,769.6
888,0.00405901,770.5
889,0.00442558,771.4
890,0.00455126,772.2
891,0.00404768,773.1
892,0.00414086,774.0
893,0.00435290,774.8
894,0.00424922,775.7
895,0.00492726,776.5
896,0.00502374,777.3
897,0.00465666,778.2
898,0.00374437,779.1
899,0.00469127,780.0
900,0.00390279,780.9
901,0.00571452,781.7
902,0.00444663,782.6
903,0.00477671,783.5
904,0.00430217,784.4
905,0.00482046,785.2
906,0.00386219,786.1
907,0.00443414,787.0
908,0.00415251,787.9
909,0.00534862,788.7
910,0.00474170,789.6
911,0.00368341,790.5
912,0.00446273,791.4
913,0.00497367,792.3
914,0.00417640,793.1
915,0.00467928,794.0
916,0.00369688,794.9
917,0.00419939,795.8
918,0.00447905,796.7
919,0.00399365,797.5
920,0.00346044,798.4
921,0.00356431,799.3
922,0.00508710,800.2
923,0.00374206,801.0
924,0.00427789,801.9
925,0.00374718,802.8
926,0.00344847,803.7
927,0.00526498,804.5
928,0.00452240,805.4
929,0.00341856,806.3
930,0.00366779,807.2
931,0.00355405,808.1
932,0.00509068,809.0
933,0.00403540,809.8
934,0.00377562,810.7
935,0.00430787,811.6
936,0.00438345,812.5
937,0.00519668,813.4
938,0.00356158,814.3
939,0.00343379,815.2
940,0.00359448,816.0
941,0.00400592,816.9
942,0.00410917,817.8
943,0.00365129,818.7
944,0.00427865,819.6
945,0.00425773,820.5
946,0.00384397,821.3
947,0.00348961,822.2
948,0.00475760,823.1
949,0.00337560,824.0
950,0.00343307,824.9
951,0.00342577,825.7
952,0.00341115,826.6
953,0.00397021,827.5
954,0.00508687,828.3
955,0.00389625,829.2
956,0.00357444,830.1
957,0.00350371,831.0
958,0.00356028,831.9
959,0.00429633,832.7
960,0.00403036,833.6
961,0.00477487,834.5
962,0.00328827,835.4
963,0.00329128,836.3
964,0.00305445,837.2
965,0.00423422,838.0
966,0.00404067,838.9
967,0.00425865,839.8
968,0.00428408,840.7
969,0.00362290,841.6
970,0.00438398,842.4
971,0.00388923,843.3
972,0.00374105,844.2
973,0.00309748,845.1
974,0.00400527,845.9
975,0.00355465,846.8
976,0.00353874,847.7
977,0.00438938,848.6
978,0.00361830,849.5
979,0.00399113,850.3
980,0.00317260,851.2
981,0.00352255,852.1
982,0.00345654,853.0
983,0.00377512,853.8
984,0.00300115,854.7
985,0.00414328,855.6
986,0.00320608,856.5
987,0.00403106,857.4
988,0.00306593,858.2
989,0.00346197,859.1
990,0.00352903,860.1
991,0.00297914,860.9
992,0.00359391,861.8
993,0.00360674,862.7
994,0.00420357,863.6
995,0.00367480,864.5
996,0.00320045,865.4
997,0.00403003,866.2
998,0.00306617,867.1
999,0.00322084,868.0
1000,0.00366708,868.9
1001,0.00383890,869.8
1002,0.00312138,870.7
1003,0.00292591,871.6
1004,0.00338199,872.5
1005,0.00398061,873.4
1006,0.00326724,874.3
1007,0.00356589,875.2
1008,0.00337547,876.1
1009,0.00348451,877.0
1010,0.00299491,877.8
1011,0.00312676,878.7
1012,0.00349578,879.6
1013,0.00492008,880.5
1014,0.00305855,881.4
1015,0.00328842,882.2
1016,0.00290372,883.1
1017,0.00314918,884.0
1018,0.00361756,884.9
1019,0.00284910,885.8
1020,0.00404561,886.7
1021,0.00309900,887.6
1022,0.00285462,888.4
1023,0.00284192,889.3
1024,0.00297645,890.2
1025,0.00351467,891.1
1026,0.00323513,892.0
1027,0.00324919,892.9
1028,0.00278424,893.7
1029,0.00360808,894.6
1030,0.00392460,895.5
1031,0.00374436,896.4
1032,0.00328022,897.3
1033,0.00407885,898.2
1034,0.00301490,899.0
1035,0.00272149,899.9
1036,0.00294599,900.8
1037,0.00294325,901.7
1038,0.00301532,902.6
1039,0.00320167,903.5
1040,0.00279122,904.4
1041,0.00455204,905.3
1042,0.00294491,906.2
1043,0.00327373,907.0
1044,0.00326671,907.9
1045,0.00308152,908.8
1046,0.00306430,909.7
1047,0.00276868,910.6
1048,0.00251950,911.5
1049,0.00248649,912.3
1050,0.00299641,913.2
1051,0.00275512,914.1
1052,0.00347774,915.0
1053,0.00291574,915.9
1054,0.00262989,916.8
1055,0.00305489,917.6
1056,0.00316157,918.5
1057,0.00257801,919.4
1058,0.00269912,920.3
1059,0.00248617,921.2
1060,0.00312449,922.1
1061,0.00272696,923.0
1062,0.00302681,923.8
1063,0.00294403,924.7
1064,0.00317056,925.6
1065,0.00255633,926.5
1066,0.00249730,927.3
1067,0.00324419,928.2
1068,0.00363229,929.1
1069,0.00284627,930.0
1070,0.00290251,930.9
1071,0.00286576,931.7
1072,0.00297256,932.6
1073,0.00254159,933.5
1074,0.00248226,934.4
1075,0.00266920,935.2
1076,0.00287900,936.1
1077,0.00274332,937.0
1078,0.00281315,937.9
1079,0.00307676,938.8
1080,0.00342205,939.6
1081,0.00272958,940.4
1082,0.00261689,941.3
1083,0.00315534,942.1
1084,0.00273319,942.9
1085,0.00329088,943.7
1086,0.00271589,944.6
1087,0.00245165,945.4
1088,0.00291887,946.2
1089,0.00303176,947.0
1090,0.00277139,947.9
1091,0.00279384,948.7
1092,0.00243563,949.5
1093,0.00240357,950.4
1094,0.00258727,951.2
1095,0.00243832,952.0
1096,0.00263369,952.8
1097,0.00317298,953.7
1098,0.00308832,954.5
1099,0.00289957,955.3
1100,0.00294732,956.1
1101,0.00266875,957.0
1102,0.00321751,957.8
1103,0.00263275,958.6
1104,0.00286517,959.5
1105,0.00346781,960.3
1106,0.00239434,961.1
1107,0.00236342,962.0
1108,0.00299909,962.9
1109,0.00253544,963.8
1110,0.00292046,964.6
1111,0.00251374,965.5
1112,0.00283081,966.4
1113,0.00328969,967.3
1114,0.00259601,968.2
1115,0.00278101,969.1
1116,0.00431475,969.9
1117,0.00304167,970.9
1118,0.00261542,971.8
1119,0.00338202,972.6
1120,0.00301475,973.5
1121,0.00232881,974.3
1122,0.00240239,975.1
1123,0.00263336,975.9
1124,0.00445425,976.8
1125,0.00239545,977.6
1126,0.00226014,978.4
1127,0.00229974,979.2
1128,0.00225412,980.1
1129,0.00251405,980.9
1130,0.00280272,981.7
1131,0.00341707,982.5
1132,0.00493844,983.4
1133,0.00315137,984.2
1134,0.00253859,985.0
1135,0.00321617,985.8
1136,0.00353657,986.6
1137,0.00265092,987.5
1138,0.00277377,988.3
1139,0.00283696,989.1
1140,0.00215685,989.9
1141,0.00248076,990.8
1142,0.00271353,991.6
1143,0.00247240,992.4
1144,0.00252147,993.2
1145,0.00211458,994.1
1146,0.00223125,994.9
1147,0.00303029,995.7
1148,0.00242479,996.5
1149,0.00300115,997.3
1150,0.00312748,998.2
1151,0.00389976,999.0
1152,0.00234719,999.8
1153,0.00255227,1000.6
1154,0.00245179,1001.5
1155,0.00282224,1002.3
1156,0.00300773,1003.1
1157,0.00238412,1003.9
1158,0.00310023,1004.8
1159,0.00325970,1005.6
1160,0.00218740,1006.4
1161,0.00235777,1007.2
1162,0.00239219,1008.1
1163,0.00239674,1008.9
1164,0.00346237,1009.7
1165,0.00270657,1010.6
1166,0.00346648,1011.4
1167,0.00279449,1012.2
1168,0.00259498,1013.0
1169,0.00208603,1013.8
1170,0.00321470,1014.7
1171,0.00240150,1015.5
1172,0.00270272,1016.3
1173,0.00230963,1017.2
1174,0.00265213,1018.0
1175,0.00290762,1018.8
1176,0.00275615,1019.6
1177,0.00202130,1020.5
1178,0.00355848,1021.3
1179,0.00269312,1022.1
1180,0.00217329,1022.9
1181,0.00270755,1023.8
1182,0.00217913,1024.6
1183,0.00283059,1025.4
1184,0.00227344,1026.3
1185,0.00238665,1027.1
1186,0.00259617,1027.9
1187,0.00281294,1028.7
1188,0.00236674,1029.6
1189,0.00253266,1030.4
1190,0.00230861,1031.2
1191,0.00205557,1032.1
1192,0.00206098,1032.9
1193,0.00257706,1033.7
1194,0.00328751,1034.5
1195,0.00247249,1035.4
1196,0.00288961,1036.2
1197,0.00210906,1037.0
1198,0.00208820,1037.8
1199,0.00194273,1038.7
1200,0.00238930,1039.5
1201,0.00243763,1040.4
1202,0.00244655,1041.2
1203,0.00294863,1042.1
1204,0.00331505,1042.9
1205,0.00249158,1043.7
1206,0.00238276,1044.5
1207,0.00336711,1045.3
1208,0.00242605,1046.2
1209,0.00199699,1047.0
1210,0.00215866,1047.8
1211,0.00218334,1048.7
1212,0.00260580,1049.5
1213,0.00210215,1050.3
1214,0.00233958,1051.2
1215,0.00269704,1052.0
1216,0.00270900,1052.8
1217,0.00226421,1053.6
1218,0.00202452,1054.5
1219,0.00259587,1055.3
1220,0.00253706,1056.1
1221,0.00166301,1056.9
1222,0.00189573,1057.8
1223,0.00187890,1058.6
1224,0.00249553,1059.4
1225,0.00212304,1060.2
1226,0.00232914,1061.1
1227,0.00295757,1061.9
1228,0.00267480,1062.7
1229,0.00223842,1063.5
1230,0.00211286,1064.4
1231,0.00261255,1065.2
1232,0.00335193,1066.0
1233,0.00239913,1066.9
1234,0.00229714,1067.7
1235,0.00208753,1068.5
1236,0.00242096,1069.3
1237,0.00226707,1070.2
1238,0.00216282,1071.0
1239,0.00201625,1071.8
1240,0.00286544,1072.6
1241,0.00230512,1073.5
1242,0.00247353,1074.3
1243,0.00216934,1075.1
1244,0.00204875,1075.9
1245,0.00272841,1076.8
1246,0.00226220,1077.6
1247,0.00321213,1078.4
1248,0.00281807,1079.2
1249,0.00213188,1080.1
1250,0.00235998,1080.9
1251,0.00232750,1081.8
1252,0.00215882,1082.7
1253,0.00207326,1083.6
1254,0.00288744,1084.4
1255,0.00198890,1085.3
1256,0.00302854,1086.2
1257,0.00201677,1087.1
1258,0.00184104,1088.0
1259,0.00192412,1088.8
1260,0.00201288,1089.7
1261,0.00261613,1090.6
1262,0.00239175,1091.4
1263,0.00199422,1092.3
1264,0.00313941,1093.2
1265,0.00237135,1094.1
1266,0.00263379,1095.0
1267,0.00218344,1095.9
1268,0.00183358,1096.8
1269,0.00214037,1097.7
1270,0.00210031,1098.6
1271,0.00228687,1099.4
1272,0.00216932,1100.3
1273,0.00226453,1101.2
1274,0.00240006,1102.1
1275,0.00261592,1102.9
1276,0.00194910,1103.8
1277,0.00200742,1104.7
1278,0.00224718,1105.6
1279,0.00230518,1106.5
1280,0.00286438,1107.4
1281,0.00263106,1108.2
1282,0.00298297,1109.1
1283,0.00228800,1110.0
1284,0.00217229,1110.9
1285,0.00209411,1111.8
1286,0.00245675,1112.6
1287,0.00194890,1113.5
1288,0.00217944,1114.4
1289,0.00197287,1115.3
1290,0.00212100,1116.2
1291,0.00257465,1117.0
1292,0.00251786,1117.9
1293,0.00221061,1118.8
1294,0.00293148,1119.7
1295,0.00202636,1120.6
1296,0.00219957,1121.4
1297,0.00221755,1122.3
1298,0.00181933,1123.2
1299,0.00212531,1124.0
1300,0.00211587,1124.9
1301,0.00244638,1125.8
1302,0.00231458,1126.7
1303,0.00279171,1127.6
1304,0.00219810,1128.4
1305,0.00233369,1129.3
1306,0.00188111,1130.2
1307,0.00221238,1131.1
1308,0.00252215,1132.0
1309,0.00197515,1132.8
1310,0.00163453,1133.7
1311,0.00229975,1134.6
1312,0.00221766,1135.5
1313,0.00207343,1136.3
1314,0.00196810,1137.2
1315,0.00183785,1138.1
1316,0.00299464,1139.0
1317,0.00167728,1139.9
1318,0.00175643,1140.7
1319,0.00170228,1141.7
1320,0.00198771,1142.5
1321,0.00205956,1143.4
1322,0.00209437,1144.3
1323,0.00230856,1145.2
1324,0.00174145,1146.1
1325,0.00185824,1146.9
1326,0.00214795,1147.8
1327,0.00233128,1148.7
1328,0.00181037,1149.6
1329,0.00156711,1150.5
1330,0.00160483,1151.3
1331,0.00175010,1152.2
1332,0.00186105,1153.1
1333,0.00174104,1154.0
1334,0.00278672,1154.8
1335,0.00195056,1155.7
1336,0.00176797,1156.7
1337,0.00183396,1157.5
1338,0.00256869,1158.4
1339,0.00197559,1159.3
1340,0.00198311,1160.2
1341,0.00217613,1161.0
1342,0.00196649,1161.9
1343,0.00199573,1162.8
1344,0.00270876,1163.7
1345,0.00191799,1164.5
1346,0.00182460,1165.4
1347,0.00157859,1166.2
1348,0.00227601,1167.1
1349,0.00190087,1167.9
1350,0.00185563,1168.7
1351,0.00177444,1169.6
1352,0.00210438,1170.4
1353,0.00214341,1171.3
1354,0.00182919,1172.2
1355,0.00171600,1173.1
1356,0.00199019,1174.0
1357,0.00195331,1174.9
1358,0.00186715,1175.7
1359,0.00174859,1176.5
1360,0.00188878,1177.3
1361,0.00195089,1178.2
1362,0.00180042,1179.0
1363,0.00201024,1179.8
1364,0.00147357,1180.7
1365,0.00226958,1181.6
1366,0.00183006,1182.5
1367,0.00190777,1183.3
1368,0.00210004,1184.2
1369,0.00211030,1185.1
1370,0.00167434,1186.0
1371,0.00172173,1186.9
1372,0.00184210,1187.8
1373,0.00160931,1188.7
1374,0.00176041,1189.5
1375,0.00210018,1190.4
1376,0.00220923,1191.3
1377,0.00228674,1192.2
1378,0.00238298,1193.1
1379,0.00171455,1193.9
1380,0.00205055,1194.9
1381,0.00208264,1195.7
1382,0.00190908,1196.6
1383,0.00170199,1197.5
1384,0.00194048,1198.4
1385,0.00215026,1199.3
1386,0.00167920,1200.2
1387,0.00229838,1201.0
1388,0.00165394,1201.9
1389,0.00162956,1202.8
1390,0.00154514,1203.7
1391,0.00223764,1204.6
1392,0.00183949,1205.4
1393,0.00293631,1206.4
1394,0.00172138,1207.2
1395,0.00182093,1208.1
1396,0.00197411,1209.0
1397,0.00239370,1209.9
1398,0.00159448,1210.7
1399,0.00186243,1211.6
1400,0.00210624,1212.5
1401,0.00175818,1213.4
1402,0.00187998,1214.3
1403,0.00184671,1215.2
1404,0.00195244,1216.0
1405,0.00199780,1216.9
1406,0.00201238,1217.8
1407,0.00173958,1218.7
1408,0.00175087,1219.6
1409,0.00213718,1220.5
1410,0.00247903,1221.4
1411,0.00249806,1222.2
1412,0.00206562,1223.1
1413,0.00190985,1224.0
1414,0.00203323,1224.9
1415,0.00152887,1225.8
1416,0.00138546,1226.7
1417,0.00181135,1227.6
1418,0.00200918,1228.5
1419,0.00174538,1229.4
1420,0.00226005,1230.2
1421,0.00167196,1231.1
1422,0.00238957,1232.0
1423,0.00315820,1232.9
1424,0.00186736,1233.8
1425,0.00194002,1234.7
1426,0.00144904,1235.5
1427,0.00242737,1236.4
1428,0.00166758,1237.3
1429,0.00172972,1238.2
1430,0.00171918,1239.1
1431,0.00182559,1239.9
1432,0.00147993,1240.8
1433,0.00219998,1241.7
1434,0.00148075,1242.6
1435,0.00199344,1243.4
1436,0.00154715,1244.3
1437,0.00172503,1245.2
1438,0.00167186,1246.1
1439,0.00234191,1247.0
1440,0.00177647,1247.8
1441,0.00224733,1248.7
1442,0.00239614,1249.6
1443,0.00169451,1250.5
1444,0.00157526,1251.3
1445,0.00192974,1252.3
1446,0.00220690,1253.1
1447,0.00201799,1254.0
1448,0.00151427,1254.9
1449,0.00163874,1255.8
1450,0.00151656,1256.7
1451,0.00137081,1257.5
1452,0.00171246,1258.4
1453,0.00241163,1259.3
1454,0.00216417,1260.2
1455,0.00158155,1261.1
1456,0.00176713,1261.9
1457,0.00190478,1262.8
1458,0.00174721,1263.7
1459,0.00153764,1264.6
1460,0.00210874,1265.5
1461,0.00172680,1266.3
1462,0.00257219,1267.3
1463,0.00286383,1268.2
1464,0.00159902,1269.1
1465,0.00171335,1269.9
1466,0.00146477,1270.8
1467,0.00183449,1271.7
1468,0.00142709,1272.6
1469,0.00175362,1273.4
1470,0.00148995,1274.3
1471,0.00166262,1275.2
1472,0.00146221,1276.1
1473,0.00343610,1277.0
1474,0.00149190,1277.9
1475,0.00154249,1278.8
1476,0.00202447,1279.7
1477,0.00152724,1280.5
1478,0.00154035,1281.4
1479,0.00166153,1282.3
1480,0.00168621,1283.2
1481,0.00131188,1284.0
1482,0.00220130,1284.9
1483,0.00173222,1285.8
1484,0.00162740,1286.7
1485,0.00209667,1287.6
1486,0.00190104,1288.4
1487,0.00186800,1289.3
1488,0.00145523,1290.2
1489,0.00162122,1291.1
1490,0.00173022,1292.0
1491,0.00154155,1292.9
1492,0.00205231,1293.8
1493,0.00204304,1294.7
1494,0.00153668,1295.5
1495,0.00173510,1296.4
1496,0.00135015,1297.3
1497,0.00164718,1298.2
1498,0.00157415,1299.0
1499,0.00168148,1299.9
1500,0.00192260,1300.8
1501,0.00180405,1301.7
1502,0.00231340,1302.5
1503,0.00150445,1303.4
1504,0.00189751,1304.3
1505,0.00135532,1305.2
1506,0.00180241,1306.0
1507,0.00162361,1306.9
1508,0.00171301,1307.8
1509,0.00157021,1308.7
1510,0.00138083,1309.6
1511,0.00172196,1310.4
1512,0.00202286,1311.3
1513,0.00129947,1312.2
1514,0.00183122,1313.1
1515,0.00168687,1314.0
1516,0.00139350,1314.8
1517,0.00179538,1315.7
1518,0.00179511,1316.6
1519,0.00140998,1317.5
1520,0.00139312,1318.4
1521,0.00135261,1319.2
1522,0.00172448,1320.1
1523,0.00155853,1321.0
1524,0.00194705,1321.9
1525,0.00183337,1322.8
1526,0.00161839,1323.6
1527,0.00161528,1324.5
1528,0.00163615,1325.4
1529,0.00155529,1326.3
1530,0.00141960,1327.2
1531,0.00141525,1328.0
1532,0.00147942,1328.9
1533,0.00158628,1329.8
1534,0.00193519,1330.7
1535,0.00157111,1331.5
1536,0.00151416,1332.4
1537,0.00147181,1333.3
1538,0.00156379,1334.2
1539,0.00204136,1335.1
1540,0.00192193,1336.0
1541,0.00148532,1336.9
1542,0.00137449,1337.7
1543,0.00161448,1338.6
1544,0.00179193,1339.5
1545,0.00160435,1340.4
1546,0.00151821,1341.3
1547,0.00160124,1342.1
1548,0.00164104,1343.0
1549,0.00134650,1343.9
1550,0.00143848,1344.8
1551,0.00127861,1345.6
1552,0.00136597,1346.5
1553,0.00126903,1347.4
1554,0.00154280,1348.3
1555,0.00124469,1349.2
1556,0.00143022,1350.1
1557,0.00124232,1350.9
1558,0.00123024,1351.8
1559,0.00196205,1352.7
1560,0.00171463,1353.6
1561,0.00169262,1354.5
1562,0.00128110,1355.3
1563,0.00130295,1356.2
1564,0.00134595,1357.1
1565,0.00169075,1358.0
1566,0.00246041,1358.9
1567,0.00129836,1359.8
1568,0.00175161,1360.7
1569,0.00140918,1361.5
1570,0.00152605,1362.4
1571,0.00135468,1363.3
1572,0.00124179,1364.2
1573,0.00134540,1365.1
1574,0.00157180,1365.9
1575,0.00138782,1366.9
1576,0.00169712,1367.7
1577,0.00158522,1368.6
1578,0.00145535,1369.5
1579,0.00185197,1370.4
1580,0.00132512,1371.3
1581,0.00138978,1372.2
1582,0.00149250,1373.0
1583,0.00149925,1373.9
1584,0.00191673,1374.8
1585,0.00176050,1375.7
1586,0.00146533,1376.6
1587,0.00125570,1377.4
1588,0.00148223,1378.3
1589,0.00128438,1379.2
1590,0.00141171,1380.1
1591,0.00118475,1381.0
1592,0.00181286,1381.9
1593,0.00142107,1382.8
1594,0.00178983,1383.6
1595,0.00118742,1384.5
1596,0.00155196,1385.4
1597,0.00180151,1386.2
1598,0.00188391,1387.2
1599,0.00152975,1388.0
1600,0.00134105,1388.9
1601,0.00145501,1389.8
1602,0.00116182,1390.7
1603,0.00136915,1391.6
1604,0.00144709,1392.5
1605,0.00117172,1393.4
1606,0.00191659,1394.2
1607,0.00157502,1395.1
1608,0.00136122,1396.0
1609,0.00167869,1396.9
1610,0.00192421,1397.8
1611,0.00152530,1398.7
1612,0.00145856,1399.6
1613,0.00228493,1400.5
1614,0.00135804,1401.3
1615,0.00169769,1402.2
1616,0.00184068,1403.1
1617,0.00117917,1404.0
1618,0.00126008,1404.9
1619,0.00155016,1405.7
1620,0.00130356,1406.6
1621,0.00143121,1407.5
1622,0.00154654,1408.4
1623,0.00153728,1409.3
1624,0.00201619,1410.2
1625,0.00124004,1411.1
1626,0.00148334,1411.9
1627,0.00128017,1412.8
1628,0.00180746,1413.7
1629,0.00195429,1414.6
1630,0.00137633,1415.5
1631,0.00148225,1416.4
1632,0.00143206,1417.2
1633,0.00122960,1418.1
1634,0.00252029,1419.0
1635,0.00137688,1419.9
1636,0.00147942,1420.8
1637,0.00109828,1421.7
1638,0.00165251,1422.5
1639,0.00122498,1423.4
1640,0.00182323,1424.3
1641,0.00124715,1425.2
1642,0.00162412,1426.1
1643,0.00127762,1426.9
1644,0.00118050,1427.8
1645,0.00165168,1428.7
1646,0.00146790,1429.6
1647,0.00124056,1430.5
1648,0.00174124,1431.4
1649,0.00138569,1432.3
1650,0.00134937,1433.1
1651,0.00137835,1434.0
1652,0.00159027,1434.9
1653,0.00212041,1435.8
1654,0.00118063,1436.7
1655,0.00140575,1437.5
1656,0.00125731,1438.4
1657,0.00130112,1439.3
1658,0.00137975,1440.2
1659,0.00178246,1441.1
1660,0.00154129,1442.0
1661,0.00105979,1442.8
1662,0.00185231,1443.7
1663,0.00148588,1444.6
1664,0.00107137,1445.5
1665,0.00140235,1446.4
1666,0.00143967,1447.2
1667,0.00118554,1448.1
1668,0.00158461,1449.0
1669,0.00148003,1449.9
1670,0.00181460,1450.8
1671,0.00139005,1451.7
1672,0.00160726,1452.6
1673,0.00122452,1453.5
1674,0.00144595,1454.3
1675,0.00134486,1455.2
1676,0.00160539,1456.1
1677,0.00122664,1457.0
1678,0.00163846,1457.9
1679,0.00109067,1458.8
1680,0.00162075,1459.7
1681,0.00122151,1460.6
1682,0.00101902,1461.4
1683,0.00136450,1462.3
1684,0.00116985,1463.2
1685,0.00118782,1464.1
1686,0.00160614,1465.0
1687,0.00158088,1465.9
1688,0.00193484,1466.7
1689,0.00112532,1467.6
1690,0.00126123,1468.5
1691,0.00167971,1469.4
1692,0.00125824,1470.3
1693,0.00146898,1471.2
1694,0.00174492,1472.0
1695,0.00171718,1472.9
1696,0.00131035,1473.8
1697,0.00124921,1474.7
1698,0.00135635,1475.6
1699,0.00143611,1476.4
1700,0.00125231,1477.3
1701,0.00171632,1478.2
1702,0.00138418,1479.1
1703,0.00127803,1480.0
1704,0.00149507,1480.9
1705,0.00129531,1481.7
1706,0.00143860,1482.6
1707,0.00118989,1483.5
1708,0.00152011,1484.4
1709,0.00118984,1485.3
1710,0.00172253,1486.1
1711,0.00123405,1487.0
1712,0.00131179,1487.9
1713,0.00170222,1488.8
1714,0.00119946,1489.7
1715,0.00108994,1490.6
1716,0.00106988,1491.4
1717,0.00135139,1492.3
1718,0.00131284,1493.2
1719,0.00125669,1494.1
1720,0.00118313,1495.0
1721,0.00121714,1495.9
1722,0.00111715,1496.7
1723,0.00155687,1497.6
1724,0.00123035,1498.5
1725,0.00141001,1499.4
1726,0.00124740,1500.3
1727,0.00111962,1501.1
1728,0.00141489,1502.0
1729,0.00130465,1502.9
1730,0.00113778,1503.8
1731,0.00121320,1504.6
1732,0.00117077,1505.5
1733,0.00134304,1506.4
1734,0.00128160,1507.3
1735,0.00127170,1508.2
1736,0.00140901,1509.0
1737,0.00097578,1509.9
1738,0.00117246,1510.8
1739,0.00121602,1511.6
1740,0.00108046,1512.4
1741,0.00126738,1513.3
1742,0.00118019,1514.1
1743,0.00118761,1514.9
1744,0.00121244,1515.7
1745,0.00162156,1516.6
1746,0.00141148,1517.4
1747,0.00109910,1518.2
1748,0.00205262,1519.0
1749,0.00130503,1519.9
1750,0.00098436,1520.7
1751,0.00143218,1521.5
1752,0.00150356,1522.3
1753,0.00157510,1523.2
1754,0.00164279,1524.0
1755,0.00110306,1524.8
1756,0.00134800,1525.6
1757,0.00111432,1526.5
1758,0.00111912,1527.3
1759,0.00142121,1528.1
1760,0.00122259,1529.0
1761,0.00136204,1529.8
1762,0.00143288,1530.6
1763,0.00129127,1531.4
1764,0.00110378,1532.3
1765,0.00120995,1533.1
1766,0.00109817,1533.9
1767,0.00121403,1534.7
1768,0.00121589,1535.6
1769,0.00162642,1536.4
1770,0.00126430,1537.2
1771,0.00132122,1538.0
1772,0.00132306,1538.9
1773,0.00164232,1539.7
1774,0.00102727,1540.5
1775,0.00117109,1541.4
1776,0.00109557,1542.2
1777,0.00151837,1543.0
1778,0.00179015,1543.8
1779,0.00134539,1544.6
1780,0.00144426,1545.5
1781,0.00125522,1546.3
1782,0.00184509,1547.1
1783,0.00114570,1547.9
1784,0.00158336,1548.8
1785,0.00164645,1549.6
1786,0.00141084,1550.5
1787,0.00109932,1551.4
1788,0.00107443,1552.3
1789,0.00135802,1553.1
1790,0.00138846,1554.0
1791,0.00105157,1554.9
1792,0.00116246,1555.8
1793,0.00104254,1556.7
1794,0.00111684,1557.5
1795,0.00148522,1558.4
1796,0.00115514,1559.3
1797,0.00128065,1560.2
1798,0.00128455,1561.0
1799,0.00135826,1561.9
1800,0.00128562,1562.8
1801,0.00125466,1563.7
1802,0.00109375,1564.6
1803,0.00119320,1565.4
1804,0.00115347,1566.3
1805,0.00131496,1567.2
1806,0.00125906,1568.1
1807,0.00126186,1569.0
1808,0.00139793,1569.8
1809,0.00109230,1570.7
1810,0.00109326,1571.6
1811,0.00084094,1572.5
1812,0.00098018,1573.4
1813,0.00099938,1574.2
1814,0.00152105,1575.1
1815,0.00154197,1576.0
1816,0.00117378,1576.9
1817,0.00122336,1577.8
1818,0.00101052,1578.7
1819,0.00132402,1579.6
1820,0.00107786,1580.5
1821,0.00099874,1581.3
1822,0.00125362,1582.2
1823,0.00123406,1583.1
1824,0.00140761,1584.0
1825,0.00110554,1584.9
1826,0.00139847,1585.7
1827,0.00132294,1586.6
1828,0.00116483,1587.5
1829,0.00088882,1588.4
1830,0.00110089,1589.3
1831,0.00131878,1590.1
1832,0.00115804,1591.0
1833,0.00120363,1591.9
1834,0.00099639,1592.8
1835,0.00128003,1593.7
1836,0.00114456,1594.6
1837,0.00134642,1595.4
1838,0.00103339,1596.3
1839,0.00091391,1597.2
1840,0.00117595,1598.1
1841,0.00131779,1599.0
1842,0.00108681,1599.8
1843,0.00130741,1600.7
1844,0.00104418,1601.7
1845,0.00097096,1602.5
1846,0.00126477,1603.4
1847,0.00093146,1604.3
1848,0.00121225,1605.2
1849,0.00128487,1606.1
1850,0.00091687,1607.0
1851,0.00121600,1607.9
1852,0.00092722,1608.8
1853,0.00118005,1609.7
1854,0.00139384,1610.6
1855,0.00109998,1611.4
1856,0.00095054,1612.3
1857,0.00111840,1613.2
1858,0.00107834,1614.1
1859,0.00108462,1615.0
1860,0.00103116,1615.9
1861,0.00118613,1616.7
1862,0.00129878,1617.6
1863,0.00101410,1618.5
1864,0.00102354,1619.4
1865,0.00103846,1620.3
1866,0.00126497,1621.2
1867,0.00094065,1622.0
1868,0.00103878,1622.9
1869,0.00104636,1623.8
1870,0.00141348,1624.7
1871,0.00115967,1625.6
1872,0.00110453,1626.5
1873,0.00092536,1627.3
1874,0.00134852,1628.2
1875,0.00105988,1629.1
1876,0.00098092,1630.0
1877,0.00123872,1630.9
1878,0.00135941,1631.7
1879,0.00130586,1632.6
1880,0.00114033,1633.5
1881,0.00081729,1634.4
1882,0.00090434,1635.3
1883,0.00087909,1636.2
1884,0.00099570,1637.0
1885,0.00098301,1637.9
1886,0.00122144,1638.8
1887,0.00102906,1639.7
1888,0.00178467,1640.6
1889,0.00106370,1641.5
1890,0.00134222,1642.3
1891,0.00116916,1643.2
1892,0.00097325,1644.0
1893,0.00121961,1644.8
1894,0.00124498,1645.6
1895,0.00107761,1646.5
1896,0.00108504,1647.3
1897,0.00092385,1648.1
1898,0.00136152,1649.0
1899,0.00098167,1649.9
1900,0.00119882,1650.8
1901,0.00118391,1651.7
1902,0.00094195,1652.6
1903,0.00108512,1653.5
1904,0.00124226,1654.3
1905,0.00114556,1655.2
1906,0.00126523,1656.1
1907,0.00123662,1657.1
1908,0.00093751,1657.9
1909,0.00101585,1658.8
1910,0.00093835,1659.6
1911,0.00136837,1660.5
1912,0.00113312,1661.4
1913,0.00091455,1662.2
1914,0.00142243,1663.1
1915,0.00142285,1663.9
1916,0.00091421,1664.7
1917,0.00142683,1665.6
1918,0.00108396,1666.4
1919,0.00109421,1667.2
1920,0.00110595,1668.0
1921,0.00094569,1668.9
1922,0.00118272,1669.7
1923,0.00112258,1670.5
1924,0.00110701,1671.3
1925,0.00148392,1672.2
1926,0.00115624,1673.0
1927,0.00096872,1673.8
1928,0.00122648,1674.6
1929,0.00126538,1675.5
1930,0.00122407,1676.3
1931,0.00108523,1677.1
1932,0.00113355,1677.9
1933,0.00099692,1678.8
1934,0.00097071,1679.6
1935,0.00119135,1680.5
1936,0.00135954,1681.4
1937,0.00086008,1682.2
1938,0.00101567,1683.1
1939,0.00088857,1684.0
1940,0.00089772,1684.9
1941,0.00105498,1685.7
1942,0.00113791,1686.6
1943,0.00130472,1687.5
1944,0.00119014,1688.4
1945,0.00221466,1689.2
1946,0.00145212,1690.1
1947,0.00101376,1691.0
1948,0.00112652,1691.9
1949,0.00129247,1692.8
1950,0.00109068,1693.6
1951,0.00076746,1694.5
1952,0.00122381,1695.4
1953,0.00143112,1696.2
1954,0.00103409,1697.1
1955,0.00108207,1698.0
1956,0.00080780,1698.9
1957,0.00104389,1699.7
1958,0.00105230,1700.6
1959,0.00111198,1701.5
1960,0.00105833,1702.4
1961,0.00136740,1703.3
1962,0.00106142,1704.2
1963,0.00080999,1705.0
1964,0.00084206,1705.9
1965,0.00090745,1706.8
1966,0.00118200,1707.7
1967,0.00088841,1708.6
1968,0.00081753,1709.5
1969,0.00115166,1710.4
1970,0.00115474,1711.2
1971,0.00102802,1712.1
1972,0.00177276,1713.0
1973,0.00104727,1713.9
1974,0.00088837,1714.7
1975,0.00119395,1715.6
1976,0.00087975,1716.5
1977,0.00093267,1717.4
1978,0.00100573,1718.3
1979,0.00074342,1719.2
1980,0.00098637,1720.0
1981,0.00107635,1720.9
1982,0.00100964,1721.8
1983,0.00140489,1722.7
1984,0.00095012,1723.6
1985,0.00118364,1724.5
1986,0.00098824,1725.3
1987,0.00141972,1726.2
1988,0.00157199,1727.1
1989,0.00092910,1728.0
1990,0.00109981,1728.9
1991,0.00087196,1729.8
1992,0.00090666,1730.7
1993,0.00119051,1731.6
1994,0.00095677,1732.5
1995,0.00109588,1733.3
1996,0.00086452,1734.2
1997,0.00173135,1735.1
1998,0.00089350,1736.0
1999,0.00100226,1736.9
2000,0.00135024,1737.8
2001,0.00110488,1738.7
2002,0.00116341,1739.6
2003,0.00106022,1740.5
2004,0.00100286,1741.4
2005,0.00118285,1742.3
2006,0.00098864,1743.1
2007,0.00214844,1744.0
2008,0.00103561,1744.9
2009,0.00107121,1745.8
2010,0.00099880,1746.6
2011,0.00123180,1747.5
2012,0.00103592,1748.3
2013,0.00154851,1749.1
2014,0.00169029,1749.9
2015,0.00109915,1750.8
2016,0.00083007,1751.6
2017,0.00154779,1752.5
2018,0.00096262,1753.4
2019,0.00099938,1754.2
2020,0.00087585,1755.1
2021,0.00119618,1756.0
2022,0.00111214,1756.9
2023,0.00106138,1757.8
2024,0.00098381,1758.7
2025,0.00097590,1759.5
2026,0.00091155,1760.4
2027,0.00148842,1761.3
2028,0.00113231,1762.2
2029,0.00093043,1763.1
2030,0.00116871,1763.9
2031,0.00104796,1764.8
2032,0.00092896,1765.7
2033,0.00081220,1766.6
2034,0.00095260,1767.5
2035,0.00119737,1768.4
2036,0.00150548,1769.3
2037,0.00146727,1770.1
2038,0.00104627,1771.0
2039,0.00109126,1771.9
2040,0.00115089,1772.8
2041,0.00112401,1773.7
2042,0.00079224,1774.6
2043,0.00104029,1775.5
2044,0.00135520,1776.3
2045,0.00115643,1777.2
2046,0.00109153,1778.1
2047,0.00094152,1779.0
2048,0.00110027,1779.8
2049,0.00109673,1780.7
2050,0.00099622,1781.6
2051,0.00080806,1782.5
2052,0.00092155,1783.4
2053,0.00111321,1784.3
2054,0.00088656,1785.1
2055,0.00103238,1786.0
2056,0.00095370,1786.9
2057,0.00115750,1787.8
2058,0.00135523,1788.7
2059,0.00099926,1789.5
2060,0.00103996,1790.4
2061,0.00111455,1791.3
2062,0.00128585,1792.2
2063,0.00081337,1793.1
2064,0.00106122,1794.0
2065,0.00091436,1794.9
2066,0.00116689,1795.8
2067,0.00108980,1796.7
2068,0.00078561,1797.6
2069,0.00140034,1798.5
2070,0.00088312,1799.3
2071,0.00079795,1800.2
2072,0.00079900,1801.1
2073,0.00101984,1802.0
2074,0.00112790,1802.9
2075,0.00092883,1803.8
2076,0.00109562,1804.6
2077,0.00094963,1805.5
2078,0.00091294,1806.4
2079,0.00104882,1807.3
2080,0.00106753,1808.2
2081,0.00110781,1809.1
2082,0.00082471,1809.9
2083,0.00094249,1810.8
2084,0.00082338,1811.7
2085,0.00082634,1812.6
2086,0.00127751,1813.5
2087,0.00081694,1814.4
2088,0.00124208,1815.2
2089,0.00100334,1816.1
2090,0.00094408,1817.0
2091,0.00113475,1817.9
2092,0.00085995,1818.8
2093,0.00154852,1819.6
2094,0.00093159,1820.5
2095,0.00110974,1821.4
2096,0.00155035,1822.3
2097,0.00097615,1823.2
2098,0.00078178,1824.0
2099,0.00105254,1824.9
2100,0.00077667,1825.8
2101,0.00102054,1826.8
2102,0.00081713,1827.6
2103,0.00089800,1828.5
2104,0.00096923,1829.4
2105,0.00106341,1830.3
2106,0.00128811,1831.2
2107,0.00119411,1832.1
2108,0.00085275,1833.0
2109,0.00080329,1833.9
2110,0.00107520,1834.8
2111,0.00102587,1835.6
2112,0.00094826,1836.5
2113,0.00121201,1837.4
2114,0.00121222,1838.3
2115,0.00078343,1839.2
2116,0.00092214,1840.1
2117,0.00104997,1840.9
2118,0.00100296,1841.8
2119,0.00096970,1842.7
2120,0.00098150,1843.6
2121,0.00088680,1844.5
2122,0.00075342,1845.4
2123,0.00090879,1846.3
2124,0.00130421,1847.1
2125,0.00119692,1848.0
2126,0.00085126,1848.9
2127,0.00094966,1849.8
2128,0.00100513,1850.7
2129,0.00092236,1851.5
2130,0.00076061,1852.4
2131,0.00123415,1853.4
2132,0.00090521,1854.2
2133,0.00100836,1855.1
2134,0.00090532,1856.0
2135,0.00098431,1856.9
2136,0.00078768,1857.8
2137,0.00119292,1858.7
2138,0.00108321,1859.6
2139,0.00110029,1860.4
2140,0.00096866,1861.3
2141,0.00090906,1862.2
2142,0.00096341,1863.1
2143,0.00117045,1864.0
2144,0.00081907,1864.8
2145,0.00070542,1865.7
2146,0.00111823,1866.6
2147,0.00158223,1867.5
2148,0.00075494,1868.4
2149,0.00126091,1869.2
2150,0.00082366,1870.1
2151,0.00090361,1871.0
2152,0.00084821,1871.9
2153,0.00072774,1872.8
2154,0.00106644,1873.6
2155,0.00076027,1874.5
2156,0.00080859,1875.4
2157,0.00108933,1876.3
2158,0.00073053,1877.2
2159,0.00101678,1878.0
2160,0.00092424,1878.9
2161,0.00110071,1879.8
2162,0.00094035,1880.7
2163,0.00101055,1881.6
2164,0.00079945,1882.4
2165,0.00088811,1883.3
2166,0.00100394,1884.2
2167,0.00073970,1885.1
2168,0.00107278,1885.9
2169,0.00080983,1886.8
2170,0.00086636,1887.7
2171,0.00069452,1888.6
2172,0.00105383,1889.5
2173,0.00082231,1890.4
2174,0.00097561,1891.2
2175,0.00071004,1892.1
2176,0.00097428,1893.0
2177,0.00084051,1893.9
2178,0.00079463,1894.8
2179,0.00097109,1895.7
2180,0.00071595,1896.6
2181,0.00070781,1897.5
2182,0.00077529,1898.3
2183,0.00107070,1899.2
2184,0.00092739,1900.1
2185,0.00104363,1901.0
2186,0.00117721,1901.9
2187,0.00078670,1902.8
2188,0.00128638,1903.6
2189,0.00096019,1904.5
2190,0.00084174,1905.4
2191,0.00086202,1906.3
2192,0.00098918,1907.2
2193,0.00075610,1908.0
2194,0.00078314,1908.9
2195,0.00089289,1909.8
2196,0.00079280,1910.7
2197,0.00076781,1911.5
2198,0.00093038,1912.4
2199,0.00086286,1913.3
2200,0.00093208,1914.2
2201,0.00088468,1915.1
2202,0.00101025,1916.0
2203,0.00087167,1916.9
2204,0.00092816,1917.8
2205,0.00094929,1918.6
2206,0.00085395,1919.5
2207,0.00091010,1920.4
2208,0.00105136,1921.3
2209,0.00091856,1922.2
2210,0.00086098,1923.0
2211,0.00086942,1923.9
2212,0.00094214,1924.8
2213,0.00080036,1925.7
2214,0.00082632,1926.6
2215,0.00095839,1927.4
2216,0.00101633,1928.3
2217,0.00076788,1929.2
2218,0.00087081,1930.1
2219,0.00078721,1931.0
2220,0.00061499,1931.9
2221,0.00075023,1932.7
2222,0.00087220,1933.6
2223,0.00075472,1934.5
2224,0.00097198,1935.4
2225,0.00083544,1936.2
2226,0.00108429,1937.1
2227,0.00072842,1938.0
2228,0.00083974,1938.9
2229,0.00085164,1939.7
2230,0.00107737,1940.6
2231,0.00133783,1941.5
2232,0.00078513,1942.4
2233,0.00077269,1943.3
2234,0.00081777,1944.1
2235,0.00068600,1945.0
2236,0.00118340,1945.9
2237,0.00130023,1946.8
2238,0.00134150,1947.6
2239,0.00095816,1948.5
2240,0.00113035,1949.4
2241,0.00087293,1950.3
2242,0.00072219,1951.1
2243,0.00117861,1951.9
2244,0.00070749,1952.7
2245,0.00085788,1953.6
2246,0.00064903,1954.4
2247,0.00071236,1955.2
2248,0.00088862,1956.1
2249,0.00082538,1956.9
2250,0.00100275,1957.7
2251,0.00080291,1958.5
2252,0.00081840,1959.4
2253,0.00084398,1960.2
2254,0.00110707,1961.0
2255,0.00066336,1961.8
2256,0.00102727,1962.7
2257,0.00112157,1963.5
2258,0.00078380,1964.3
2259,0.00067743,1965.1
2260,0.00076384,1966.0
2261,0.00099935,1966.8
2262,0.00087026,1967.6
2263,0.00076251,1968.4
2264,0.00126641,1969.3
2265,0.00082936,1970.1
2266,0.00074986,1970.9
2267,0.00078271,1971.7
2268,0.00067808,1972.6
2269,0.00093423,1973.4
2270,0.00094689,1974.2
2271,0.00092195,1975.0
2272,0.00085604,1975.9
2273,0.00088572,1976.8
2274,0.00080612,1977.7
2275,0.00091736,1978.5
2276,0.00135033,1979.4
2277,0.00083209,1980.3
2278,0.00088020,1981.1
2279,0.00086701,1981.9
2280,0.00100854,1982.8
2281,0.00081372,1983.6
2282,0.00078878,1984.4
2283,0.00087690,1985.2
2284,0.00103073,1986.0
2285,0.00075391,1986.9
2286,0.00094194,1987.7
2287,0.00094399,1988.5
2288,0.00081369,1989.3
2289,0.00062379,1990.2
2290,0.00077128,1991.0
2291,0.00102058,1991.8
2292,0.00081683,1992.6
2293,0.00073732,1993.5
2294,0.00082249,1994.3
2295,0.00076567,1995.1
2296,0.00079598,1995.9
2297,0.00088351,1996.7
2298,0.00074051,1997.6
2299,0.00106482,1998.4
2300,0.00083323,1999.2
2301,0.00089200,2000.0
2302,0.00107628,2000.8
2303,0.00068075,2001.7
2304,0.00079227,2002.5
2305,0.00076170,2003.3
2306,0.00088235,2004.1
2307,0.00060014,2005.0
2308,0.00095490,2005.8
2309,0.00078786,2006.6
2310,0.00107942,2007.4
2311,0.00063917,2008.3
2312,0.00066560,2009.1
2313,0.00063846,2009.9
2314,0.00103574,2010.8
2315,0.00092545,2011.7
2316,0.00073338,2012.5
2317,0.00077160,2013.3
2318,0.00076831,2014.1
2319,0.00091721,2014.9
2320,0.00074783,2015.8
2321,0.00109785,2016.6
2322,0.00078659,2017.4
2323,0.00091211,2018.2
2324,0.00063619,2019.1
2325,0.00070178,2019.9
2326,0.00092720,2020.7
2327,0.00081911,2021.6
2328,0.00088735,2022.4
2329,0.00068585,2023.2
2330,0.00083578,2024.0
2331,0.00077512,2024.9
2332,0.00063166,2025.7
2333,0.00091723,2026.5
2334,0.00092030,2027.3
2335,0.00096567,2028.2
2336,0.00087010,2029.0
2337,0.00068495,2029.9
2338,0.00064239,2030.7
2339,0.00054081,2031.6
2340,0.00074072,2032.5
2341,0.00056649,2033.3
2342,0.00093974,2034.1
2343,0.00079166,2034.9
2344,0.00097111,2035.8
2345,0.00076389,2036.6
2346,0.00080427,2037.4
2347,0.00085309,2038.2
2348,0.00074328,2039.1
2349,0.00067403,2039.9
2350,0.00077052,2040.7
2351,0.00070951,2041.5
2352,0.00131840,2042.4
2353,0.00079236,2043.2
2354,0.00082278,2044.0
2355,0.00056328,2044.9
2356,0.00071815,2045.7
2357,0.00058115,2046.5
2358,0.00083822,2047.3
2359,0.00083239,2048.2
2360,0.00096589,2049.0
2361,0.00067698,2049.8
2362,0.00060218,2050.6
2363,0.00079432,2051.5
2364,0.00082440,2052.3
2365,0.00091393,2053.1
2366,0.00075478,2053.9
2367,0.00118217,2054.8
2368,0.00089026,2055.6
2369,0.00095132,2056.5
2370,0.00101401,2057.3
2371,0.00093142,2058.2
2372,0.00071386,2059.0
2373,0.00076616,2059.8
2374,0.00060667,2060.6
2375,0.00080006,2061.5
2376,0.00073482,2062.3
2377,0.00081290,2063.1
2378,0.00078468,2064.0
2379,0.00066710,2064.8
2380,0.00099895,2065.6
2381,0.00098313,2066.4
2382,0.00083832,2067.3
2383,0.00086811,2068.1
2384,0.00087905,2068.9
2385,0.00060621,2069.8
2386,0.00059695,2070.6
2387,0.00079531,2071.4
2388,0.00080552,2072.2
2389,0.00087961,2073.1
2390,0.00070193,2073.9
2391,0.00066394,2074.7
2392,0.00088006,2075.5
2393,0.00069933,2076.4
2394,0.00083268,2077.2
2395,0.00077713,2078.0
2396,0.00079116,2078.8
2397,0.00082376,2079.7
2398,0.00088890,2080.5
2399,0.00079849,2081.3
2400,0.00108690,2082.2
2401,0.00075541,2083.0
2402,0.00061846,2083.8
2403,0.00069214,2084.7
2404,0.00095741,2085.5
2405,0.00056947,2086.4
2406,0.00058462,2087.3
2407,0.00079533,2088.2
2408,0.00083379,2089.1
2409,0.00060086,2089.9
2410,0.00085798,2090.9
2411,0.00076516,2091.7
2412,0.00089534,2092.6
2413,0.00060903,2093.5
2414,0.00086043,2094.4
2415,0.00087176,2095.3
2416,0.00079423,2096.1
2417,0.00085085,2097.0
2418,0.00095475,2097.8
2419,0.00070861,2098.7
2420,0.00068404,2099.5
2421,0.00074925,2100.4
2422,0.00083566,2101.2
2423,0.00090116,2102.1
2424,0.00074446,2102.9
2425,0.00098932,2103.7
2426,0.00068038,2104.6
2427,0.00071644,2105.4
2428,0.00062831,2106.2
2429,0.00053361,2107.1
2430,0.00073280,2107.9
2431,0.00070849,2108.8
2432,0.00054426,2109.6
2433,0.00076964,2110.4
2434,0.00094217,2111.3
2435,0.00069427,2112.1
2436,0.00099776,2112.9
2437,0.00057250,2113.7
2438,0.00095706,2114.6
2439,0.00105186,2115.4
2440,0.00087278,2116.2
2441,0.00070581,2117.1
2442,0.00091548,2117.9
2443,0.00080457,2118.7
2444,0.00060028,2119.5
2445,0.00058186,2120.4
2446,0.00073363,2121.2
2447,0.00096157,2122.0
2448,0.00066923,2122.9
2449,0.00072363,2123.7
2450,0.00070343,2124.5
2451,0.00059878,2125.3
2452,0.00079488,2126.2
2453,0.00086203,2127.0
2454,0.00068262,2127.8
2455,0.00083430,2128.7
2456,0.00111980,2129.5
2457,0.00086169,2130.3
2458,0.00124535,2131.1
2459,0.00076781,2132.0
2460,0.00062803,2132.8
2461,0.00079392,2133.7
2462,0.00060584,2134.5
2463,0.00086444,2135.3
2464,0.00061993,2136.2
2465,0.00074575,2137.0
2466,0.00058120,2137.8
2467,0.00093312,2138.7
2468,0.00069743,2139.5
2469,0.00074784,2140.3
2470,0.00089670,2141.1
2471,0.00062555,2142.0
2472,0.00080745,2142.8
2473,0.00055706,2143.6
2474,0.00059961,2144.5
2475,0.00088880,2145.3
2476,0.00085829,2146.1
2477,0.00078648,2146.9
2478,0.00109648,2147.8
2479,0.00055229,2148.6
2480,0.00063627,2149.4
2481,0.00052059,2150.2
2482,0.00084177,2151.1
2483,0.00064274,2151.9
2484,0.00110652,2152.7
2485,0.00084347,2153.6
2486,0.00060271,2154.4
2487,0.00080663,2155.2
2488,0.00074025,2156.1
2489,0.00053213,2156.9
2490,0.00053127,2157.7
2491,0.00127973,2158.5
2492,0.00087267,2159.4
2493,0.00098421,2160.2
2494,0.00093320,2161.0
2495,0.00083508,2161.9
2496,0.00082940,2162.7
2497,0.00078395,2163.5
2498,0.00070423,2164.3
2499,0.00064861,2165.2
2500,0.00061556,2166.0
2501,0.00083804,2166.8
2502,0.00066769,2167.7
2503,0.00100674,2168.5
2504,0.00056442,2169.3
2505,0.00062874,2170.2
2506,0.00071176,2171.0
2507,0.00070290,2171.8
2508,0.00062148,2172.6
2509,0.00057466,2173.5
2510,0.00069185,2174.3
2511,0.00069155,2175.1
2512,0.00061926,2176.0
2513,0.00060410,2176.9
2514,0.00054449,2177.8
2515,0.00069089,2178.7
2516,0.00090509,2179.5
2517,0.00079891,2180.4
2518,0.00091981,2181.2
2519,0.00077819,2182.0
2520,0.00075078,2182.8
2521,0.00065435,2183.7
2522,0.00072629,2184.5
2523,0.00077575,2185.3
2524,0.00054953,2186.1
2525,0.00079517,2187.0
2526,0.00070710,2187.8
2527,0.00063760,2188.6
2528,0.00086686,2189.4
2529,0.00067417,2190.3
2530,0.00067713,2191.1
2531,0.00050464,2191.9
2532,0.00062237,2192.8
2533,0.00083529,2193.6
2534,0.00084090,2194.4
2535,0.00068495,2195.2
2536,0.00099180,2196.1
2537,0.00083907,2196.9
2538,0.00053814,2197.7
2539,0.00059044,2198.6
2540,0.00053812,2199.4
2541,0.00078057,2200.2
2542,0.00068992,2201.0
2543,0.00082227,2201.9
2544,0.00072194,2202.7
2545,0.00071147,2203.5
2546,0.00076618,2204.4
2547,0.00071757,2205.2
2548,0.00057152,2206.0
2549,0.00075131,2206.8
2550,0.00096455,2207.7
2551,0.00068612,2208.5
2552,0.00075225,2209.3
2553,0.00054794,2210.2
2554,0.00074765,2211.0
2555,0.00117142,2211.8
2556,0.00057244,2212.6
2557,0.00064828,2213.5
2558,0.00104249,2214.4
2559,0.00067777,2215.3
2560,0.00073258,2216.1
2561,0.00064424,2217.0
2562,0.00061376,2217.9
2563,0.00071098,2218.8
2564,0.00088673,2219.7
2565,0.00083149,2220.5
2566,0.00066630,2221.5
2567,0.00073333,2222.3
2568,0.00062473,2223.2
2569,0.00057481,2224.1
2570,0.00051389,2225.0
2571,0.00065601,2225.8
2572,0.00061191,2226.7
2573,0.00078544,2227.6
2574,0.00092214,2228.5
2575,0.00064890,2229.4
2576,0.00102357,2230.2
2577,0.00060572,2231.1
2578,0.00071246,2232.1
2579,0.00061660,2233.0
2580,0.00064912,2233.9
2581,0.00066509,2234.8
2582,0.00060243,2235.7
2583,0.00063063,2236.6
2584,0.00094486,2237.4
2585,0.00067742,2238.2
2586,0.00064541,2239.1
2587,0.00065194,2239.9
2588,0.00088158,2240.7
2589,0.00128731,2241.5
2590,0.00080764,2242.4
2591,0.00057866,2243.2
2592,0.00091521,2244.0
2593,0.00072594,2244.8
2594,0.00097468,2245.7
2595,0.00081730,2246.5
2596,0.00123359,2247.3
2597,0.00069896,2248.2
2598,0.00058796,2249.0
2599,0.00068972,2249.8
2600,0.00054080,2250.7
2601,0.00109387,2251.5
2602,0.00065920,2252.3
2603,0.00071168,2253.2
2604,0.00093549,2254.0
2605,0.00056964,2254.9
2606,0.00063949,2255.8
2607,0.00072589,2256.7
2608,0.00059835,2257.6
2609,0.00064551,2258.4
2610,0.00069349,2259.3
2611,0.00084217,2260.2
2612,0.00074280,2261.1
2613,0.00089062,2261.9
2614,0.00048241,2262.8
2615,0.00076183,2263.7
2616,0.00084076,2264.6
2617,0.00065702,2265.5
2618,0.00061747,2266.3
2619,0.00064605,2267.3
2620,0.00049268,2268.1
2621,0.00078848,2269.0
2622,0.00070097,2269.9
2623,0.00053603,2270.8
2624,0.00082951,2271.7
2625,0.00064679,2272.5
2626,0.00061866,2273.4
2627,0.00081248,2274.3
2628,0.00068042,2275.2
2629,0.00073619,2276.1
2630,0.00054923,2276.9
2631,0.00068742,2277.8
2632,0.00068034,2278.7
2633,0.00086277,2279.6
2634,0.00048191,2280.5
2635,0.00087457,2281.3
2636,0.00073344,2282.2
2637,0.00049184,2283.1
2638,0.00114087,2284.0
2639,0.00074881,2284.9
2640,0.00059570,2285.8
2641,0.00055787,2286.6
2642,0.00070418,2287.5
2643,0.00075952,2288.4
2644,0.00071776,2289.3
2645,0.00056009,2290.2
2646,0.00067225,2291.0
2647,0.00073134,2291.9
2648,0.00076799,2292.8
2649,0.00069232,2293.7
2650,0.00066530,2294.6
2651,0.00066822,2295.4
2652,0.00070183,2296.3
2653,0.00110115,2297.2
2654,0.00052643,2298.0
2655,0.00052529,2298.8
2656,0.00065637,2299.6
2657,0.00068581,2300.5
2658,0.00059616,2301.3
2659,0.00060696,2302.1
2660,0.00072307,2302.9
2661,0.00058474,2303.8
2662,0.00071316,2304.6
2663,0.00077211,2305.5
2664,0.00061057,2306.3
2665,0.00053746,2307.1
2666,0.00071832,2307.9
2667,0.00070158,2308.8
2668,0.00101144,2309.6
2669,0.00060065,2310.4
2670,0.00047800,2311.2
2671,0.00073263,2312.1
2672,0.00077331,2312.9
2673,0.00055126,2313.7
2674,0.00056030,2314.5
2675,0.00066454,2315.4
2676,0.00048956,2316.2
2677,0.00052436,2317.0
2678,0.00051613,2317.8
2679,0.00063514,2318.7
2680,0.00098113,2319.5
2681,0.00051635,2320.3
2682,0.00068864,2321.1
2683,0.00061610,2322.0
2684,0.00076728,2322.8
2685,0.00052443,2323.6
2686,0.00082704,2324.4
2687,0.00077740,2325.3
2688,0.00092148,2326.1
2689,0.00069060,2326.9
2690,0.00061761,2327.7
2691,0.00074329,2328.6
2692,0.00061052,2329.4
2693,0.00061162,2330.2
2694,0.00079613,2331.0
2695,0.00055088,2331.8
2696,0.00065423,2332.7
2697,0.00058836,2333.5
2698,0.00045078,2334.3
2699,0.00056862,2335.1
2700,0.00063705,2336.0
2701,0.00043629,2336.8
2702,0.00057755,2337.6
2703,0.00070677,2338.5
2704,0.00082998,2339.3
2705,0.00069090,2340.1
2706,0.00057543,2340.9
2707,0.00119103,2341.8
2708,0.00081787,2342.6
2709,0.00049301,2343.4
2710,0.00096306,2344.2
2711,0.00063861,2345.0
2712,0.00058766,2345.9
2713,0.00056682,2346.7
2714,0.00070407,2347.5
2715,0.00070650,2348.3
2716,0.00070394,2349.2
2717,0.00069025,2350.0
2718,0.00065073,2350.8
2719,0.00062591,2351.6
2720,0.00197463,2352.5
2721,0.00076503,2353.3
2722,0.00077328,2354.1
2723,0.00065859,2354.9
2724,0.00079437,2355.8
2725,0.00092042,2356.6
2726,0.00095294,2357.4
2727,0.00060590,2358.2
2728,0.00079174,2359.1
2729,0.00069991,2359.9
2730,0.00059231,2360.7
2731,0.00058933,2361.6
2732,0.00068744,2362.5
2733,0.00065147,2363.3
2734,0.00081157,2364.2
2735,0.00073287,2365.1
2736,0.00048426,2366.0
2737,0.00062503,2366.9
2738,0.00076445,2367.7
2739,0.00073727,2368.6
2740,0.00071583,2369.5
2741,0.00046510,2370.4
2742,0.00083978,2371.3
2743,0.00061505,2372.2
2744,0.00094310,2373.0
2745,0.00088340,2373.9
2746,0.00053111,2374.8
2747,0.00051796,2375.7
2748,0.00069801,2376.6
2749,0.00055960,2377.4
2750,0.00050261,2378.3
2751,0.00071190,2379.2
2752,0.00067049,2380.1
2753,0.00091865,2380.9
2754,0.00062175,2381.8
2755,0.00065504,2382.6
2756,0.00095859,2383.4
2757,0.00076511,2384.3
2758,0.00047738,2385.1
2759,0.00059887,2385.9
2760,0.00062197,2386.7
2761,0.00049180,2387.6
2762,0.00073194,2388.4
2763,0.00089001,2389.2
2764,0.00087527,2390.0
2765,0.00061844,2390.9
2766,0.00056315,2391.7
2767,0.00048864,2392.5
2768,0.00057127,2393.3
2769,0.00055629,2394.2
2770,0.00063538,2395.0
2771,0.00072893,2395.8
2772,0.00054613,2396.6
2773,0.00045305,2397.5
2774,0.00063849,2398.4
2775,0.00069016,2399.2
2776,0.00067935,2400.0
2777,0.00065276,2400.8
2778,0.00084569,2401.7
2779,0.00063845,2402.5
2780,0.00056267,2403.3
2781,0.00052986,2404.1
2782,0.00072308,2405.0
2783,0.00063832,2405.8
2784,0.00053757,2406.6
2785,0.00087937,2407.4
2786,0.00074236,2408.2
2787,0.00054575,2409.1
2788,0.00051819,2409.9
2789,0.00049946,2410.7
2790,0.00060817,2411.5
2791,0.00060313,2412.4
2792,0.00067375,2413.2
2793,0.00097744,2414.0
2794,0.00047564,2414.8
2795,0.00045997,2415.7
2796,0.00052068,2416.5
2797,0.00048274,2417.3
2798,0.00053647,2418.1
2799,0.00073643,2418.9
2800,0.00063630,2419.8
2801,0.00080460,2420.6
2802,0.00052956,2421.4
2803,0.00051554,2422.2
2804,0.00069770,2423.1
2805,0.00079922,2423.9
2806,0.00060105,2424.7
2807,0.00063712,2425.6
2808,0.00073317,2426.4
2809,0.00065410,2427.2
2810,0.00069400,2428.0
2811,0.00058183,2428.9
2812,0.00094861,2429.7
2813,0.00039615,2430.5
2814,0.00070041,2431.4
2815,0.00080259,2432.2
2816,0.00082571,2433.0
2817,0.00069068,2433.8
2818,0.00046595,2434.7
2819,0.00060093,2435.5
2820,0.00067183,2436.3
2821,0.00048934,2437.1
2822,0.00100798,2438.0
2823,0.00082928,2438.8
2824,0.00068134,2439.6
2825,0.00061408,2440.4
2826,0.00066945,2441.3
2827,0.00046305,2442.1
2828,0.00048916,2442.9
2829,0.00070754,2443.7
2830,0.00090439,2444.6
2831,0.00053671,2445.4
2832,0.00047813,2446.3
2833,0.00059031,2447.2
2834,0.00068573,2448.0
2835,0.00058923,2448.9
2836,0.00055129,2449.8
2837,0.00067520,2450.7
2838,0.00043975,2451.6
2839,0.00062877,2452.5
2840,0.00051504,2453.3
2841,0.00046461,2454.2
2842,0.00053108,2455.1
2843,0.00097758,2456.0
2844,0.00063258,2456.9
2845,0.00081147,2457.8
2846,0.00062161,2458.7
2847,0.00054541,2459.6
2848,0.00060904,2460.5
2849,0.00054618,2461.3
2850,0.00063698,2462.2
2851,0.00060180,2463.1
2852,0.00056503,2464.0
2853,0.00075522,2464.8
2854,0.00073593,2465.7
2855,0.00045391,2466.6
2856,0.00089524,2467.5
2857,0.00068784,2468.4
2858,0.00056196,2469.3
2859,0.00054377,2470.1
2860,0.00060989,2471.1
2861,0.00066720,2471.9
2862,0.00054522,2472.9
2863,0.00059961,2473.7
2864,0.00063995,2474.6
2865,0.00089903,2475.5
2866,0.00067747,2476.4
2867,0.00058740,2477.3
2868,0.00042699,2478.1
2869,0.00068180,2479.0
2870,0.00062343,2479.9
2871,0.00044369,2480.8
2872,0.00041428,2481.6
2873,0.00114546,2482.5
2874,0.00048376,2483.4
2875,0.00049699,2484.3
2876,0.00076940,2485.2
2877,0.00053250,2486.0
2878,0.00058822,2486.9
2879,0.00049181,2487.8
2880,0.00058236,2488.7
2881,0.00057320,2489.6
2882,0.00050888,2490.5
2883,0.00065412,2491.3
2884,0.00057807,2492.2
2885,0.00043585,2493.1
2886,0.00065620,2494.0
2887,0.00056352,2494.9
2888,0.00057083,2495.7
2889,0.00057419,2496.6
2890,0.00056773,2497.5
2891,0.00051558,2498.4
2892,0.00080585,2499.3
2893,0.00065374,2500.1
2894,0.00057373,2501.0
2895,0.00049507,2501.9
2896,0.00049263,2502.8
2897,0.00051433,2503.7
2898,0.00056229,2504.5
2899,0.00050046,2505.4
2900,0.00046927,2506.3
2901,0.00075458,2507.2
2902,0.00046480,2508.1
2903,0.00059620,2509.0
2904,0.00071019,2509.9
2905,0.00059109,2510.8
2906,0.00059403,2511.7
2907,0.00052671,2512.6
2908,0.00106016,2513.4
2909,0.00066012,2514.2
2910,0.00060060,2515.1
2911,0.00064809,2515.9
2912,0.00054961,2516.7
2913,0.00067083,2517.5
2914,0.00043306,2518.4
2915,0.00046072,2519.2
2916,0.00056681,2520.0
2917,0.00063894,2520.8
2918,0.00084183,2521.7
2919,0.00057414,2522.5
2920,0.00054834,2523.3
2921,0.00053376,2524.1
2922,0.00062012,2525.0
2923,0.00055637,2525.8
2924,0.00051263,2526.6
2925,0.00073576,2527.4
2926,0.00053546,2528.3
2927,0.00058000,2529.1
2928,0.00057505,2529.9
2929,0.00059876,2530.7
2930,0.00055607,2531.6
2931,0.00052531,2532.4
2932,0.00046713,2533.2
2933,0.00070497,2534.0
2934,0.00054405,2534.9
2935,0.00055223,2535.7
2936,0.00076933,2536.5
2937,0.00045410,2537.3
2938,0.00057019,2538.2
2939,0.00056155,2539.0
2940,0.00064600,2539.8
2941,0.00043821,2540.6
2942,0.00087282,2541.5
2943,0.00047872,2542.3
2944,0.00047731,2543.1
2945,0.00050757,2543.9
2946,0.00087681,2544.8
2947,0.00053720,2545.6
2948,0.00082036,2546.4
2949,0.00041977,2547.2
2950,0.00057681,2548.1
2951,0.00064570,2548.9
2952,0.00059855,2549.7
2953,0.00050504,2550.6
2954,0.00049224,2551.4
2955,0.00051699,2552.2
2956,0.00077434,2553.1
2957,0.00061728,2553.9
2958,0.00074814,2554.7
2959,0.00053356,2555.6
2960,0.00129717,2556.4
2961,0.00048715,2557.3
2962,0.00043698,2558.2
2963,0.00059696,2559.1
2964,0.00049664,2560.0
2965,0.00042894,2560.9
2966,0.00055040,2561.7
2967,0.00056683,2562.6
2968,0.00051764,2563.5
2969,0.00064375,2564.4
2970,0.00079797,2565.3
2971,0.00055321,2566.2
2972,0.00043825,2567.1
2973,0.00063370,2567.9
2974,0.00039111,2568.8
2975,0.00073367,2569.7
2976,0.00056327,2570.6
2977,0.00078729,2571.5
2978,0.00054742,2572.4
2979,0.00050265,2573.2
2980,0.00074832,2574.1
2981,0.00061935,2575.0
2982,0.00062122,2575.9
2983,0.00048959,2576.8
2984,0.00066127,2577.6
2985,0.00042086,2578.5
2986,0.00053103,2579.4
2987,0.00035782,2580.3
2988,0.00089848,2581.2
2989,0.00081344,2582.1
2990,0.00070146,2582.9
2991,0.00059918,2583.8
2992,0.00055096,2584.7
2993,0.00057105,2585.6
2994,0.00048556,2586.4
2995,0.00085368,2587.2
2996,0.00047958,2588.0
2997,0.00047676,2588.9
2998,0.00057204,2589.7
2999,0.00070120,2590.5
3000,0.00040368,2591.4
3001,0.00040442,2592.2
3002,0.00070806,2593.0
3003,0.00048584,2593.9
3004,0.00083806,2594.8
3005,0.00044144,2595.7
3006,0.00039709,2596.6
3007,0.00072614,2597.5
3008,0.00046410,2598.4
3009,0.00049303,2599.2
3010,0.00043712,2600.1
3011,0.00060929,2601.0
3012,0.00042842,2601.9
3013,0.00050327,2602.7
3014,0.00057952,2603.6
3015,0.00048417,2604.5
3016,0.00059834,2605.4
3017,0.00050020,2606.3
3018,0.00053308,2607.2
3019,0.00058177,2608.0
3020,0.00068283,2608.9
3021,0.00066077,2609.8
3022,0.00068186,2610.7
3023,0.00050655,2611.6
3024,0.00063826,2612.4
3025,0.00052466,2613.3
3026,0.00038747,2614.2
3027,0.00045800,2615.1
3028,0.00044524,2616.0
3029,0.00057232,2616.9
3030,0.00084654,2617.7
3031,0.00035159,2618.6
3032,0.00052258,2619.5
3033,0.00043982,2620.4
3034,0.00054807,2621.3
3035,0.00041356,2622.1
3036,0.00051246,2623.0
3037,0.00058606,2623.9
3038,0.00047088,2624.8
3039,0.00070489,2625.6
3040,0.00050837,2626.5
3041,0.00100564,2627.4
3042,0.00048198,2628.3
3043,0.00041108,2629.1
3044,0.00069349,2630.0
3045,0.00051821,2630.9
3046,0.00055838,2631.8
3047,0.00061183,2632.7
3048,0.00044492,2633.5
3049,0.00079358,2634.4
3050,0.00064805,2635.3
3051,0.00050495,2636.2
3052,0.00036970,2637.1
3053,0.00059847,2637.9
3054,0.00057150,2638.8
3055,0.00078726,2639.7
3056,0.00042001,2640.6
3057,0.00046969,2641.5
3058,0.00068099,2642.4
3059,0.00107281,2643.3
3060,0.00051947,2644.1
3061,0.00063737,2645.0
3062,0.00047626,2645.9
3063,0.00044609,2646.8
3064,0.00043798,2647.7
3065,0.00055578,2648.5
3066,0.00051679,2649.4
3067,0.00061316,2650.3
3068,0.00071863,2651.2
3069,0.00084395,2652.1
3070,0.00049450,2652.9
3071,0.00070605,2653.8
3072,0.00045514,2654.7
3073,0.00047847,2655.6
3074,0.00052129,2656.5
3075,0.00076918,2657.3
3076,0.00045887,2658.2
3077,0.00073726,2659.1
3078,0.00054079,2660.0
3079,0.00040227,2660.9
3080,0.00059542,2661.8
3081,0.00066882,2662.6
3082,0.00055303,2663.5
3083,0.00056946,2664.4
3084,0.00058078,2665.3
3085,0.00058297,2666.1
3086,0.00036929,2667.0
3087,0.00057817,2667.9
3088,0.00047506,2668.8
3089,0.00061039,2669.7
3090,0.00041911,2670.6
3091,0.00060770,2671.4
3092,0.00053391,2672.4
3093,0.00044223,2673.3
3094,0.00046641,2674.1
3095,0.00089379,2675.1
3096,0.00049106,2675.9
3097,0.00042809,2676.8
3098,0.00067657,2677.7
3099,0.00069042,2678.6
3100,0.00068356,2679.4
3101,0.00042183,2680.3
3102,0.00066920,2681.2
3103,0.00086506,2682.1
3104,0.00036669,2683.0
3105,0.00065213,2683.8
3106,0.00037928,2684.7
3107,0.00085130,2685.6
3108,0.00053220,2686.5
3109,0.00063984,2687.4
3110,0.00054028,2688.2
3111,0.00072977,2689.1
3112,0.00050477,2690.0
3113,0.00043324,2690.9
3114,0.00093159,2691.7
3115,0.00082125,2692.6
3116,0.00038988,2693.5
3117,0.00038399,2694.4
3118,0.00073119,2695.3
3119,0.00073009,2696.1
3120,0.00060778,2697.0
3121,0.00067329,2697.9
3122,0.00055264,2698.8
3123,0.00040565,2699.6
3124,0.00047680,2700.6
3125,0.00040259,2701.4
3126,0.00054956,2702.3
3127,0.00062948,2703.2
3128,0.00074584,2704.1
3129,0.00045803,2705.0
3130,0.00064249,2705.9
3131,0.00055021,2706.7
3132,0.00049604,2707.6
3133,0.00044755,2708.5
3134,0.00053266,2709.4
3135,0.00050018,2710.3
3136,0.00074840,2711.1
3137,0.00049753,2712.0
3138,0.00056466,2712.9
3139,0.00033716,2713.8
3140,0.00044427,2714.7
3141,0.00046978,2715.6
3142,0.00058982,2716.4
3143,0.00070973,2717.3
3144,0.00058458,2718.2
3145,0.00054021,2719.1
3146,0.00060372,2720.0
3147,0.00053381,2720.8
3148,0.00049617,2721.7
3149,0.00039059,2722.6
3150,0.00050108,2723.5
3151,0.00057963,2724.3
3152,0.00046237,2725.2
3153,0.00056236,2726.1
3154,0.00054225,2726.9
3155,0.00074489,2727.7
3156,0.00057854,2728.6
3157,0.00051364,2729.5
3158,0.00062901,2730.3
3159,0.00030339,2731.2
3160,0.00042274,2732.1
3161,0.00075849,2733.0
3162,0.00041570,2733.9
3163,0.00042473,2734.7
3164,0.00050926,2735.6
3165,0.00084137,2736.5
3166,0.00069464,2737.4
3167,0.00044267,2738.3
3168,0.00047745,2739.1
3169,0.00043369,2740.0
3170,0.00053617,2740.9
3171,0.00058884,2741.8
3172,0.00034967,2742.7
3173,0.00067620,2743.5
3174,0.00080092,2744.4
3175,0.00055108,2745.3
3176,0.00043285,2746.2
3177,0.00049220,2747.0
3178,0.00059560,2747.9
3179,0.00043215,2748.8
3180,0.00041034,2749.7
3181,0.00054425,2750.6
3182,0.00038437,2751.4
3183,0.00069128,2752.3
3184,0.00045942,2753.2
3185,0.00051379,2754.1
3186,0.00054696,2755.0
3187,0.00042577,2755.8
3188,0.00052678,2756.7
3189,0.00078236,2757.6
3190,0.00049200,2758.5
3191,0.00107169,2759.3
3192,0.00054255,2760.2
3193,0.00037169,2761.1
3194,0.00052048,2762.0
3195,0.00048103,2762.9
3196,0.00039648,2763.8
3197,0.00063040,2764.7
3198,0.00057370,2765.5
3199,0.00039517,2766.4
3200,0.00048499,2767.3
3201,0.00048017,2768.3
3202,0.00044385,2769.2
3203,0.00064938,2770.1
3204,0.00058918,2771.0
3205,0.00045779,2771.9
3206,0.00037944,2772.8
3207,0.00041087,2773.6
3208,0.00057320,2774.5
3209,0.00089031,2775.4
3210,0.00049962,2776.3
3211,0.00059584,2777.1
3212,0.00084221,2778.0
3213,0.00044811,2778.9
3214,0.00044107,2779.8
3215,0.00049405,2780.7
3216,0.00051788,2781.5
3217,0.00039226,2782.4
3218,0.00053324,2783.3
3219,0.00040817,2784.2
3220,0.00052759,2785.1
3221,0.00047075,2786.0
3222,0.00048631,2786.9
3223,0.00048481,2787.8
3224,0.00035642,2788.7
3225,0.00078567,2789.6
3226,0.00055480,2790.5
3227,0.00069380,2791.4
3228,0.00056229,2792.2
3229,0.00079679,2793.1
3230,0.00060140,2794.0
3231,0.00059454,2794.9
3232,0.00049254,2795.7
3233,0.00035986,2796.6
3234,0.00051112,2797.5
3235,0.00053354,2798.4
3236,0.00071655,2799.3
3237,0.00062861,2800.2
3238,0.00043242,2801.0
3239,0.00055486,2801.8
3240,0.00049675,2802.7
3241,0.00054573,2803.5
3242,0.00048582,2804.3
3243,0.00047657,2805.2
3244,0.00115187,2806.0
3245,0.00038829,2806.8
3246,0.00041559,2807.7
3247,0.00038507,2808.7
3248,0.00058687,2809.6
3249,0.00053189,2810.4
3250,0.00039553,2811.3
3251,0.00047920,2812.2
3252,0.00052880,2813.1
3253,0.00046511,2814.0
3254,0.00053666,2814.9
3255,0.00047885,2815.8
3256,0.00062782,2816.7
3257,0.00054752,2817.5
3258,0.00041544,2818.4
3259,0.00095717,2819.3
3260,0.00089448,2820.2
3261,0.00054957,2821.1
3262,0.00058295,2822.0
3263,0.00037507,2822.9
3264,0.00044556,2823.8
3265,0.00044743,2824.6
3266,0.00051508,2825.5
3267,0.00045471,2826.4
3268,0.00036466,2827.3
3269,0.00068325,2828.1
3270,0.00041181,2829.0
3271,0.00037465,2829.9
3272,0.00078162,2830.8
3273,0.00052675,2831.7
3274,0.00044544,2832.5
3275,0.00073622,2833.4
3276,0.00039199,2834.3
3277,0.00042410,2835.2
3278,0.00091495,2836.1
3279,0.00048092,2836.9
3280,0.00058200,2837.9
3281,0.00031099,2838.7
3282,0.00047245,2839.6
3283,0.00034246,2840.5
3284,0.00062311,2841.4
3285,0.00046892,2842.2
3286,0.00046632,2843.1
3287,0.00042132,2844.0
3288,0.00051684,2844.9
3289,0.00052669,2845.8
3290,0.00045216,2846.6
3291,0.00069925,2847.4
3292,0.00046087,2848.3
3293,0.00037141,2849.1
3294,0.00055296,2849.9
3295,0.00058716,2850.7
3296,0.00040527,2851.6
3297,0.00055758,2852.4
3298,0.00038310,2853.2
3299,0.00066627,2854.1
3300,0.00040791,2854.9
3301,0.00039493,2855.8
3302,0.00045903,2856.6
3303,0.00050668,2857.5
3304,0.00066330,2858.3
3305,0.00051282,2859.1
3306,0.00068616,2859.9
3307,0.00041734,2860.8
3308,0.00051585,2861.6
3309,0.00054088,2862.4
3310,0.00036671,2863.3
3311,0.00059723,2864.2
3312,0.00048558,2865.0
3313,0.00045190,2865.9
3314,0.00039851,2866.8
3315,0.00038139,2867.7
3316,0.00077083,2868.6
3317,0.00036932,2869.4
3318,0.00060082,2870.2
3319,0.00048886,2871.0
3320,0.00072304,2871.9
3321,0.00047433,2872.7
3322,0.00041385,2873.5
3323,0.00060648,2874.3
3324,0.00039252,2875.2
3325,0.00055727,2876.0
3326,0.00059073,2876.8
3327,0.00044090,2877.7
3328,0.00045551,2878.5
3329,0.00066893,2879.3
3330,0.00041799,2880.1
3331,0.00047953,2881.0
3332,0.00035700,2881.8
3333,0.00075071,2882.6
3334,0.00058882,2883.5
3335,0.00037077,2884.3
3336,0.00046824,2885.1
3337,0.00048714,2885.9
3338,0.00058522,2886.8
3339,0.00041316,2887.6
3340,0.00051279,2888.4
3341,0.00041667,2889.3
3342,0.00062998,2890.1
3343,0.00059714,2890.9
3344,0.00040061,2891.8
3345,0.00052066,2892.7
3346,0.00049717,2893.5
3347,0.00034566,2894.3
3348,0.00059310,2895.2
3349,0.00060125,2896.1
3350,0.00059714,2897.0
3351,0.00032085,2897.8
3352,0.00044143,2898.7
3353,0.00051055,2899.5
3354,0.00063258,2900.3
3355,0.00064341,2901.2
3356,0.00038465,2902.0
3357,0.00043373,2902.8
3358,0.00033637,2903.7
3359,0.00060870,2904.5
3360,0.00083911,2905.3
3361,0.00040841,2906.2
3362,0.00044495,2907.0
3363,0.00056075,2907.8
3364,0.00057386,2908.6
3365,0.00048629,2909.5
3366,0.00107882,2910.3
3367,0.00038931,2911.2
3368,0.00050884,2912.1
3369,0.00067716,2912.9
3370,0.00048126,2913.7
3371,0.00045897,2914.6
3372,0.00040970,2915.4
3373,0.00035462,2916.2
3374,0.00051583,2917.1
3375,0.00055258,2917.9
3376,0.00065407,2918.7
3377,0.00067967,2919.6
3378,0.00038516,2920.4
3379,0.00037292,2921.2
3380,0.00033615,2922.1
3381,0.00059878,2922.9
3382,0.00059707,2923.7
3383,0.00059237,2924.5
3384,0.00055735,2925.4
3385,0.00028147,2926.2
3386,0.00057152,2927.0
3387,0.00053802,2927.9
3388,0.00047689,2928.8
3389,0.00071611,2929.7
3390,0.00046568,2930.6
3391,0.00054290,2931.5
3392,0.00047852,2932.4
3393,0.00073511,2933.3
3394,0.00050438,2934.2
3395,0.00035438,2935.1
3396,0.00043429,2936.0
3397,0.00038321,2936.9
3398,0.00038442,2937.8
3399,0.00043872,2938.6
3400,0.00060082,2939.5
3401,0.00045216,2940.5
3402,0.00046614,2941.4
3403,0.00036858,2942.3
3404,0.00033205,2943.2
3405,0.00049484,2944.1
3406,0.00037878,2945.0
3407,0.00051832,2945.8
3408,0.00046056,2946.7
3409,0.00054376,2947.6
3410,0.00047118,2948.5
3411,0.00064746,2949.4
3412,0.00061450,2950.3
3413,0.00043717,2951.2
3414,0.00041938,2952.0
3415,0.00034975,2952.9
3416,0.00060572,2953.8
3417,0.00043715,2954.7
3418,0.00056232,2955.5
3419,0.00051163,2956.4
3420,0.00036932,2957.3
3421,0.00043040,2958.2
3422,0.00034278,2959.1
3423,0.00065152,2959.9
3424,0.00043045,2960.8
3425,0.00046751,2961.7
3426,0.00041106,2962.6
3427,0.00045904,2963.5
3428,0.00073393,2964.4
3429,0.00032955,2965.3
3430,0.00034776,2966.2
3431,0.00073898,2967.0
3432,0.00076631,2967.9
3433,0.00031721,2968.8
3434,0.00036312,2969.7
3435,0.00049009,2970.6
3436,0.00035914,2971.4
3437,0.00051441,2972.3
3438,0.00047306,2973.2
3439,0.00050034,2974.1
3440,0.00039953,2974.9
3441,0.00033238,2975.8
3442,0.00042807,2976.7
3443,0.00046755,2977.6
3444,0.00059232,2978.5
3445,0.00042004,2979.4
3446,0.00040920,2980.3
3447,0.00038606,2981.1
3448,0.00036018,2982.0
3449,0.00047420,2982.9
3450,0.00042858,2983.8
3451,0.00048062,2984.7
3452,0.00044202,2985.6
3453,0.00029172,2986.4
3454,0.00039015,2987.2
3455,0.00053363,2988.0
3456,0.00043954,2988.9
3457,0.00044797,2989.7
3458,0.00031077,2990.5
3459,0.00047163,2991.3
3460,0.00051515,2992.2
3461,0.00040164,2993.0
3462,0.00055190,2993.8
3463,0.00047324,2994.6
3464,0.00028291,2995.5
3465,0.00033116,2996.3
3466,0.00037276,2997.1
3467,0.00048634,2997.9
3468,0.00040750,2998.8
3469,0.00052252,2999.6
3470,0.00041234,3000.4
3471,0.00038143,3001.2
3472,0.00046624,3002.1
3473,0.00043458,3002.9
3474,0.00040718,3003.7
3475,0.00055757,3004.5
3476,0.00032442,3005.4
3477,0.00045855,3006.2
3478,0.00076617,3007.0
3479,0.00037080,3007.9
3480,0.00068341,3008.7
3481,0.00043153,3009.5
3482,0.00068458,3010.3
3483,0.00048598,3011.2
3484,0.00057158,3012.0
3485,0.00058386,3012.9
3486,0.00041032,3013.7
3487,0.00036243,3014.6
3488,0.00057650,3015.4
3489,0.00046994,3016.2
3490,0.00034199,3017.0
3491,0.00059474,3017.8
3492,0.00068029,3018.7
3493,0.00043440,3019.5
3494,0.00038396,3020.3
3495,0.00044095,3021.1
3496,0.00047699,3022.0
3497,0.00040556,3022.8
3498,0.00048495,3023.6
3499,0.00069778,3024.4
3500,0.00034112,3025.3
3501,0.00034862,3026.1
3502,0.00059880,3026.9
3503,0.00060816,3027.7
3504,0.00048266,3028.6
3505,0.00032299,3029.4
3506,0.00040710,3030.2
3507,0.00032989,3031.1
3508,0.00053913,3031.9
3509,0.00064461,3032.7
3510,0.00043914,3033.5
3511,0.00042069,3034.4
3512,0.00027391,3035.2
3513,0.00038763,3036.0
3514,0.00040619,3036.8
3515,0.00037994,3037.7
3516,0.00081113,3038.5
3517,0.00052364,3039.3
3518,0.00027263,3040.2
3519,0.00030285,3041.0
3520,0.00038946,3041.8
3521,0.00049176,3042.6
3522,0.00059126,3043.5
3523,0.00055066,3044.3
3524,0.00058920,3045.1
3525,0.00043714,3045.9
3526,0.00069498,3046.8
3527,0.00027424,3047.6
3528,0.00054514,3048.4
3529,0.00049298,3049.2
3530,0.00084305,3050.1
3531,0.00038453,3050.9
3532,0.00042970,3051.7
3533,0.00043317,3052.5
3534,0.00040694,3053.4
3535,0.00043239,3054.2
3536,0.00033654,3055.1
3537,0.00030785,3056.0
3538,0.00066637,3056.9
3539,0.00035789,3057.8
3540,0.00034714,3058.7
3541,0.00040507,3059.6
3542,0.00034927,3060.5
3543,0.00065668,3061.4
3544,0.00038296,3062.3
3545,0.00045961,3063.1
3546,0.00034452,3064.1
3547,0.00062803,3064.9
3548,0.00036811,3065.8
3549,0.00041438,3066.7
3550,0.00045794,3067.6
3551,0.00038030,3068.5
3552,0.00056845,3069.4
3553,0.00040141,3070.2
3554,0.00040352,3071.1
3555,0.00054520,3072.0
3556,0.00123863,3072.8
3557,0.00053372,3073.7
3558,0.00034758,3074.5
3559,0.00036087,3075.3
3560,0.00032769,3076.1
3561,0.00054284,3077.0
3562,0.00033746,3077.8
3563,0.00025411,3078.6
3564,0.00044143,3079.5
3565,0.00051284,3080.3
3566,0.00039067,3081.1
3567,0.00046024,3081.9
3568,0.00049803,3082.8
3569,0.00058895,3083.6
3570,0.00039180,3084.4
3571,0.00047748,3085.2
3572,0.00038490,3086.1
3573,0.00044503,3086.9
3574,0.00029226,3087.7
3575,0.00061303,3088.5
3576,0.00036047,3089.4
3577,0.00058216,3090.2
3578,0.00036015,3091.0
3579,0.00057372,3091.9
3580,0.00055536,3092.7
3581,0.00032573,3093.5
3582,0.00046685,3094.3
3583,0.00032942,3095.2
3584,0.00043238,3096.0
3585,0.00043306,3096.8
3586,0.00058494,3097.7
3587,0.00063545,3098.5
3588,0.00065206,3099.3
3589,0.00047545,3100.1
3590,0.00061189,3101.0
3591,0.00044571,3101.8
3592,0.00028015,3102.6
3593,0.00034854,3103.5
3594,0.00042281,3104.3
3595,0.00045425,3105.1
3596,0.00062144,3105.9
3597,0.00046031,3106.8
3598,0.00040659,3107.6
3599,0.00074713,3108.4
3600,0.00057319,3109.3
3601,0.00028945,3110.2
3602,0.00040099,3111.0
3603,0.00033499,3111.8
3604,0.00025410,3112.7
3605,0.00032998,3113.5
3606,0.00039957,3114.3
3607,0.00051116,3115.2
3608,0.00046570,3116.0
3609,0.00070043,3116.8
3610,0.00030314,3117.7
3611,0.00034106,3118.5
3612,0.00027163,3119.3
3613,0.00035653,3120.1
3614,0.00037089,3121.0
3615,0.00046513,3121.9
3616,0.00055957,3122.8
3617,0.00035468,3123.6
3618,0.00030647,3124.5
3619,0.00025882,3125.4
3620,0.00060545,3126.3
3621,0.00078771,3127.2
3622,0.00043727,3128.0
3623,0.00041828,3128.8
3624,0.00058883,3129.7
3625,0.00028563,3130.5
3626,0.00038116,3131.3
3627,0.00042823,3132.1
3628,0.00035006,3133.0
3629,0.00028688,3133.8
3630,0.00036242,3134.6
3631,0.00047358,3135.5
3632,0.00046130,3136.3
3633,0.00029090,3137.1
3634,0.00030925,3137.9
3635,0.00035115,3138.8
3636,0.00049541,3139.6
3637,0.00042262,3140.4
3638,0.00075924,3141.3
3639,0.00081330,3142.2
3640,0.00040501,3143.0
3641,0.00050990,3143.9
3642,0.00035522,3144.7
3643,0.00034249,3145.6
3644,0.00035601,3146.4
3645,0.00030813,3147.2
3646,0.00045194,3148.0
3647,0.00033736,3148.9
3648,0.00035390,3149.7
3649,0.00035536,3150.5
3650,0.00043026,3151.3
3651,0.00048009,3152.2
3652,0.00044043,3153.0
3653,0.00047619,3153.8
3654,0.00042511,3154.7
3655,0.00028978,3155.5
3656,0.00046844,3156.3
3657,0.00034126,3157.1
3658,0.00039358,3158.0
3659,0.00037510,3158.8
3660,0.00036620,3159.6
3661,0.00031665,3160.4
3662,0.00042801,3161.3
3663,0.00062109,3162.1
3664,0.00059877,3162.9
3665,0.00045586,3163.7
3666,0.00026128,3164.6
3667,0.00034318,3165.4
3668,0.00041763,3166.2
3669,0.00068803,3167.0
3670,0.00044966,3167.9
3671,0.00044007,3168.7
3672,0.00029081,3169.5
3673,0.00037471,3170.3
3674,0.00056733,3171.2
3675,0.00047337,3172.0
3676,0.00031506,3172.8
3677,0.00043984,3173.6
3678,0.00042617,3174.5
3679,0.00040142,3175.3
3680,0.00032466,3176.1
3681,0.00046476,3177.0
3682,0.00048554,3177.8
3683,0.00049367,3178.6
3684,0.00050728,3179.5
3685,0.00036288,3180.3
3686,0.00029547,3181.1
3687,0.00033799,3181.9
3688,0.00039808,3182.7
3689,0.00039230,3183.6
3690,0.00081632,3184.4
3691,0.00046570,3185.2
3692,0.00049726,3186.0
3693,0.00027081,3186.9
3694,0.00026452,3187.7
3695,0.00044370,3188.5
3696,0.00037566,3189.3
3697,0.00036819,3190.2
3698,0.00038636,3191.0
3699,0.00071008,3191.8
3700,0.00049100,3192.6
3701,0.00025967,3193.5
3702,0.00029554,3194.3
3703,0.00055000,3195.2
3704,0.00056820,3196.0
3705,0.00036181,3196.8
3706,0.00069443,3197.6
3707,0.00030207,3198.5
3708,0.00055577,3199.4
3709,0.00048975,3200.3
3710,0.00040303,3201.1
3711,0.00043408,3202.0
3712,0.00038426,3202.9
3713,0.00040708,3203.8
3714,0.00045081,3204.7
3715,0.00031830,3205.5
3716,0.00038056,3206.4
3717,0.00054153,3207.3
3718,0.00047760,3208.2
3719,0.00056254,3209.1
3720,0.00040178,3210.0
3721,0.00043833,3210.9
3722,0.00025522,3211.8
3723,0.00030194,3212.6
3724,0.00048518,3213.5
3725,0.00054919,3214.4
3726,0.00022822,3215.3
3727,0.00052525,3216.2
3728,0.00035135,3217.1
3729,0.00041431,3218.0
3730,0.00048531,3218.8
3731,0.00029623,3219.7
3732,0.00030431,3220.6
3733,0.00052286,3221.5
3734,0.00033908,3222.4
3735,0.00046194,3223.2
3736,0.00028995,3224.1
3737,0.00048573,3225.0
3738,0.00034077,3225.9
3739,0.00038061,3226.8
3740,0.00059484,3227.7
3741,0.00028596,3228.6
3742,0.00047554,3229.5
3743,0.00048747,3230.3
3744,0.00040273,3231.2
3745,0.00047827,3232.1
3746,0.00030185,3233.0
3747,0.00035652,3233.9
3748,0.00029966,3234.7
3749,0.00089635,3235.6
3750,0.00061196,3236.5
3751,0.00043233,3237.4
3752,0.00073341,3238.3
3753,0.00041543,3239.2
3754,0.00037660,3240.1
3755,0.00039627,3241.0
3756,0.00037290,3241.8
3757,0.00054816,3242.7
3758,0.00033950,3243.5
3759,0.00046645,3244.4
3760,0.00059666,3245.2
3761,0.00049084,3246.0
3762,0.00051980,3246.8
3763,0.00050627,3247.7
3764,0.00040862,3248.5
3765,0.00042023,3249.3
3766,0.00043301,3250.1
3767,0.00043986,3251.0
3768,0.00072310,3251.8
3769,0.00035726,3252.6
3770,0.00032943,3253.4
3771,0.00033876,3254.3
3772,0.00042760,3255.1
3773,0.00048029,3255.9
3774,0.00043518,3256.7
3775,0.00043538,3257.6
3776,0.00027578,3258.4
3777,0.00034454,3259.2
3778,0.00044128,3260.0
3779,0.00027669,3260.9
3780,0.00055288,3261.7
3781,0.00039161,3262.5
3782,0.00032668,3263.3
3783,0.00032407,3264.2
3784,0.00036462,3265.0
3785,0.00043982,3265.8
3786,0.00051615,3266.7
3787,0.00043400,3267.5
3788,0.00036213,3268.3
3789,0.00024028,3269.1
3790,0.00033721,3270.0
3791,0.00051156,3270.8
3792,0.00029103,3271.6
3793,0.00033204,3272.4
3794,0.00051008,3273.3
3795,0.00033621,3274.1
3796,0.00042078,3274.9
3797,0.00045502,3275.7
3798,0.00036605,3276.6
3799,0.00036552,3277.4
3800,0.00049370,3278.2
3801,0.00038617,3279.0
3802,0.00042597,3279.9
3803,0.00030888,3280.7
3804,0.00030787,3281.5
3805,0.00034962,3282.4
3806,0.00073479,3283.2
3807,0.00050753,3284.0
3808,0.00048559,3284.8
3809,0.00048540,3285.7
3810,0.00054250,3286.5
3811,0.00053832,3287.3
3812,0.00044147,3288.2
3813,0.00054856,3289.0
3814,0.00052072,3289.8
3815,0.00058194,3290.7
3816,0.00028564,3291.5
3817,0.00043032,3292.3
3818,0.00026529,3293.1
3819,0.00025840,3294.0
3820,0.00041189,3294.8
3821,0.00025068,3295.6
3822,0.00034447,3296.5
3823,0.00054088,3297.3
3824,0.00045573,3298.1
3825,0.00038037,3299.0
3826,0.00044518,3299.8
3827,0.00035535,3300.7
3828,0.00032358,3301.5
3829,0.00044275,3302.4
3830,0.00066127,3303.3
3831,0.00032703,3304.2
3832,0.00048099,3305.1
3833,0.00037201,3305.9
3834,0.00094339,3306.8
3835,0.00036197,3307.7
3836,0.00023287,3308.6
3837,0.00044809,3309.5
3838,0.00035672,3310.3
3839,0.00022364,3311.2
3840,0.00056368,3312.1
3841,0.00046260,3313.0
3842,0.00032509,3313.9
3843,0.00040485,3314.8
3844,0.00025375,3315.6
3845,0.00035393,3316.5
3846,0.00058862,3317.4
3847,0.00024767,3318.3
3848,0.00029825,3319.2
3849,0.00060063,3320.0
3850,0.00019972,3320.9
3851,0.00043730,3321.7
3852,0.00052935,3322.5
3853,0.00041448,3323.3
3854,0.00043056,3324.2
3855,0.00058750,3325.0
3856,0.00029263,3325.8
3857,0.00017729,3326.7
3858,0.00051807,3327.5
3859,0.00041904,3328.3
3860,0.00070743,3329.2
3861,0.00044750,3330.0
3862,0.00032236,3330.8
3863,0.00041968,3331.6
3864,0.00031322,3332.5
3865,0.00024984,3333.3
3866,0.00031244,3334.1
3867,0.00073385,3335.0
3868,0.00031574,3335.8
3869,0.00039716,3336.6
3870,0.00023160,3337.4
3871,0.00022990,3338.3
3872,0.00040374,3339.1
3873,0.00048771,3339.9
3874,0.00029853,3340.8
3875,0.00041807,3341.6
3876,0.00027773,3342.4
3877,0.00020769,3343.2
3878,0.00048213,3344.1
3879,0.00048491,3344.9
3880,0.00047884,3345.7
3881,0.00025157,3346.6
3882,0.00048177,3347.4
3883,0.00041043,3348.3
3884,0.00034360,3349.2
3885,0.00048710,3350.0
3886,0.00044749,3350.9
3887,0.00022181,3351.8
3888,0.00031028,3352.7
3889,0.00036083,3353.6
3890,0.00031395,3354.4
3891,0.00040793,3355.3
3892,0.00034979,3356.2
3893,0.00067075,3357.1
3894,0.00030606,3358.0
3895,0.00042161,3358.9
3896,0.00029401,3359.8
3897,0.00055867,3360.7
3898,0.00059464,3361.6
3899,0.00024097,3362.5
3900,0.00086356,3363.3
3901,0.00046758,3364.2
3902,0.00030713,3365.1
3903,0.00076784,3366.0
3904,0.00032397,3366.9
3905,0.00044386,3367.8
3906,0.00031382,3368.7
3907,0.00076420,3369.6
3908,0.00030130,3370.4
3909,0.00023324,3371.3
3910,0.00047301,3372.2
3911,0.00040512,3373.1
3912,0.00023253,3373.9
3913,0.00038945,3374.8
3914,0.00037174,3375.7
3915,0.00018720,3376.6
3916,0.00041453,3377.5
3917,0.00043388,3378.4
3918,0.00038705,3379.2
3919,0.00028712,3380.1
3920,0.00032129,3381.0
3921,0.00037889,3381.9
3922,0.00027118,3382.8
3923,0.00033370,3383.6
3924,0.00037067,3384.5
3925,0.00036204,3385.4
3926,0.00047373,3386.3
3927,0.00037226,3387.2
3928,0.00036204,3388.1
3929,0.00037451,3388.9
3930,0.00038702,3389.8
3931,0.00034107,3390.7
3932,0.00037505,3391.7
3933,0.00036840,3392.6
3934,0.00037849,3393.4
3935,0.00048230,3394.3
3936,0.00029818,3395.2
3937,0.00029006,3396.1
3938,0.00040008,3397.0
3939,0.00032709,3397.9
3940,0.00031797,3398.8
3941,0.00055491,3399.6
3942,0.00033224,3400.5
3943,0.00052531,3401.4
3944,0.00032864,3402.3
3945,0.00044961,3403.2
3946,0.00046046,3404.0
3947,0.00044954,3404.9
3948,0.00031941,3405.8
3949,0.00026457,3406.7
3950,0.00032627,3407.5
3951,0.00033462,3408.4
3952,0.00042023,3409.3
3953,0.00040609,3410.2
3954,0.00046692,3411.1
3955,0.00037013,3411.9
3956,0.00089915,3412.8
3957,0.00020631,3413.7
3958,0.00068116,3414.6
3959,0.00052633,3415.4
3960,0.00052957,3416.3
3961,0.00027761,3417.2
3962,0.00028934,3418.1
3963,0.00032024,3419.0
3964,0.00032549,3419.9
3965,0.00053074,3420.7
3966,0.00026790,3421.6
3967,0.00031138,3422.5
3968,0.00048707,3423.4
3969,0.00070680,3424.3
3970,0.00038829,3425.2
3971,0.00053209,3426.0
3972,0.00037614,3426.9
3973,0.00020147,3427.8
3974,0.00043922,3428.7
3975,0.00028995,3429.5
3976,0.00051167,3430.4
3977,0.00040612,3431.3
3978,0.00023805,3432.2
3979,0.00035896,3433.1
3980,0.00048136,3433.9
3981,0.00035134,3434.8
3982,0.00044322,3435.7
3983,0.00029959,3436.5
3984,0.00052612,3437.4
3985,0.00036261,3438.3
3986,0.00044741,3439.1
3987,0.00037937,3439.9
3988,0.00042612,3440.7
3989,0.00051029,3441.5
3990,0.00034914,3442.4
3991,0.00055774,3443.2
3992,0.00032922,3444.0
3993,0.00036541,3444.8
3994,0.00036303,3445.7
3995,0.00042202,3446.5
3996,0.00027897,3447.3
3997,0.00041564,3448.1
3998,0.00027149,3449.0
3999,0.00033622,3449.8
4000,0.00030910,3450.6
4001,0.00034080,3451.5
4002,0.00061893,3452.4
4003,0.00032111,3453.3
4004,0.00039177,3454.2
4005,0.00051281,3455.1
4006,0.00027405,3455.9
4007,0.00048127,3456.8
4008,0.00038909,3457.7
4009,0.00038079,3458.6
4010,0.00028406,3459.5
4011,0.00035725,3460.4
4012,0.00057146,3461.2
4013,0.00036217,3462.1
4014,0.00041114,3463.0
4015,0.00032467,3463.9
4016,0.00038534,3464.8
4017,0.00031851,3465.7
4018,0.00036554,3466.6
4019,0.00035914,3467.4
4020,0.00054752,3468.3
4021,0.00042142,3469.2
4022,0.00036131,3470.1
4023,0.00042494,3471.0
4024,0.00035363,3471.8
4025,0.00022500,3472.7
4026,0.00055497,3473.6
4027,0.00037043,3474.5
4028,0.00046965,3475.4
4029,0.00033268,3476.2
4030,0.00023698,3477.1
4031,0.00038852,3478.0
4032,0.00033924,3478.8
4033,0.00035210,3479.7
4034,0.00040601,3480.6
4035,0.00031857,3481.5
4036,0.00036127,3482.4
4037,0.00026630,3483.3
4038,0.00050061,3484.2
4039,0.00048185,3485.0
4040,0.00054296,3485.9
4041,0.00026790,3486.8
4042,0.00040390,3487.7
4043,0.00024086,3488.6
4044,0.00045992,3489.5
4045,0.00054539,3490.3
4046,0.00034439,3491.2
4047,0.00034426,3492.1
4048,0.00032296,3493.0
4049,0.00043068,3493.8
4050,0.00035241,3494.7
4051,0.00037142,3495.6
4052,0.00034545,3496.5
4053,0.00043647,3497.4
4054,0.00078964,3498.3
4055,0.00025034,3499.1
4056,0.00028598,3500.0
4057,0.00045574,3500.9
4058,0.00039959,3501.8
4059,0.00051159,3502.7
4060,0.00029409,3503.5
4061,0.00047786,3504.4
4062,0.00053096,3505.3
4063,0.00030210,3506.2
4064,0.00023264,3507.1
4065,0.00027539,3508.0
4066,0.00043337,3508.8
4067,0.00050312,3509.7
4068,0.00042243,3510.6
4069,0.00022458,3511.5
4070,0.00029196,3512.3
4071,0.00040058,3513.2
4072,0.00028365,3514.1
4073,0.00036353,3515.0
4074,0.00030937,3515.9
4075,0.00034725,3516.7
4076,0.00024556,3517.6
4077,0.00053605,3518.5
4078,0.00029957,3519.4
4079,0.00031640,3520.3
4080,0.00031703,3521.2
4081,0.00060252,3522.0
4082,0.00025548,3522.9
4083,0.00068839,3523.8
4084,0.00041743,3524.7
4085,0.00030929,3525.6
4086,0.00025620,3526.4
4087,0.00031971,3527.2
4088,0.00041548,3528.0
4089,0.00039090,3528.9
4090,0.00036648,3529.7
4091,0.00026649,3530.5
4092,0.00033813,3531.3
4093,0.00038615,3532.2
4094,0.00029936,3533.0
4095,0.00019164,3533.8
4096,0.00041272,3534.6
4097,0.00039951,3535.5
4098,0.00062659,3536.3
4099,0.00029330,3537.1
4100,0.00055166,3538.0
4101,0.00047968,3538.8
4102,0.00045393,3539.7
4103,0.00042169,3540.5
4104,0.00036872,3541.3
4105,0.00053230,3542.1
4106,0.00040191,3543.0
4107,0.00046287,3543.8
4108,0.00043862,3544.6
4109,0.00061850,3545.4
4110,0.00033718,3546.3
4111,0.00021352,3547.1
4112,0.00041948,3547.9
4113,0.00044343,3548.8
4114,0.00038723,3549.6
4115,0.00023181,3550.4
4116,0.00027788,3551.2
4117,0.00028519,3552.1
4118,0.00049880,3552.9
4119,0.00027025,3553.7
4120,0.00042749,3554.6
4121,0.00032833,3555.4
4122,0.00023149,3556.2
4123,0.00041594,3557.0
4124,0.00052553,3557.9
4125,0.00034519,3558.7
4126,0.00055262,3559.5
4127,0.00068588,3560.3
4128,0.00031586,3561.2
4129,0.00025738,3562.0
4130,0.00030386,3562.8
4131,0.00037435,3563.7
4132,0.00029028,3564.5
4133,0.00024431,3565.3
4134,0.00024061,3566.1
4135,0.00028442,3567.0
4136,0.00055636,3567.8
4137,0.00033191,3568.6
4138,0.00041528,3569.4
4139,0.00065268,3570.3
4140,0.00023545,3571.1
4141,0.00032295,3571.9
4142,0.00056366,3572.7
4143,0.00036287,3573.6
4144,0.00030499,3574.4
4145,0.00033019,3575.2
4146,0.00055725,3576.1
4147,0.00041935,3576.9
4148,0.00024136,3577.7
4149,0.00036642,3578.5
4150,0.00057133,3579.4
4151,0.00042177,3580.2
4152,0.00034217,3581.0
4153,0.00035991,3581.9
4154,0.00029741,3582.7
4155,0.00035249,3583.5
4156,0.00036331,3584.3
4157,0.00062854,3585.2
4158,0.00044774,3586.0
4159,0.00025674,3586.8
4160,0.00036596,3587.6
4161,0.00038590,3588.5
4162,0.00047720,3589.3
4163,0.00028137,3590.1
4164,0.00033645,3591.0
4165,0.00036457,3591.8
4166,0.00037875,3592.6
4167,0.00048383,3593.4
4168,0.00041579,3594.3
4169,0.00040327,3595.1
4170,0.00025786,3595.9
4171,0.00030603,3596.8
4172,0.00056224,3597.6
4173,0.00049233,3598.4
4174,0.00025379,3599.2
4175,0.00039728,3600.0
4176,0.00030499,3600.9
4177,0.00037758,3601.7
4178,0.00030576,3602.5
4179,0.00029238,3603.4
4180,0.00041516,3604.2
4181,0.00023283,3605.0
4182,0.00030831,3605.8
4183,0.00041276,3606.7
4184,0.00037290,3607.5
4185,0.00047078,3608.3
4186,0.00044789,3609.1
4187,0.00052358,3610.0
4188,0.00046890,3610.8
4189,0.00046454,3611.6
4190,0.00035331,3612.4
4191,0.00025835,3613.3
4192,0.00027071,3614.1
4193,0.00018853,3614.9
4194,0.00036149,3615.7
4195,0.00025337,3616.6
4196,0.00060161,3617.4
4197,0.00026537,3618.2
4198,0.00027237,3619.1
4199,0.00037900,3619.9
4200,0.00031928,3620.7
4201,0.00045078,3621.6
4202,0.00032489,3622.4
4203,0.00036455,3623.2
4204,0.00029093,3624.0
4205,0.00019160,3624.9
4206,0.00026591,3625.7
4207,0.00030589,3626.5
4208,0.00055114,3627.3
4209,0.00034214,3628.2
4210,0.00068009,3629.0
4211,0.00039721,3629.8
4212,0.00034859,3630.6
4213,0.00046018,3631.5
4214,0.00044214,3632.3
4215,0.00042898,3633.1
4216,0.00040508,3634.0
4217,0.00044089,3634.8
4218,0.00023727,3635.6
4219,0.00027319,3636.4
4220,0.00044558,3637.3
4221,0.00024579,3638.1
4222,0.00039024,3638.9
4223,0.00039563,3639.8
4224,0.00025746,3640.6
4225,0.00043928,3641.4
4226,0.00042273,3642.2
4227,0.00046498,3643.1
4228,0.00043975,3643.9
4229,0.00018364,3644.7
4230,0.00029841,3645.6
4231,0.00044481,3646.4
4232,0.00037755,3647.2
4233,0.00035876,3648.0
4234,0.00029819,3648.9
4235,0.00045148,3649.7
4236,0.00031144,3650.5
4237,0.00042380,3651.4
4238,0.00038709,3652.2
4239,0.00046766,3653.0
4240,0.00022233,3653.8
4241,0.00040073,3654.7
4242,0.00021552,3655.5
4243,0.00020683,3656.3
4244,0.00037479,3657.1
4245,0.00035324,3658.0
4246,0.00035360,3658.8
4247,0.00047922,3659.6
4248,0.00044612,3660.5
4249,0.00029548,3661.4
4250,0.00027829,3662.3
4251,0.00017019,3663.2
4252,0.00055660,3664.1
4253,0.00032049,3664.9
4254,0.00030993,3665.8
4255,0.00037980,3666.7
4256,0.00052405,3667.6
4257,0.00034028,3668.5
4258,0.00023770,3669.3
4259,0.00035341,3670.2
4260,0.00027614,3671.1
4261,0.00056239,3672.0
4262,0.00036102,3672.9
4263,0.00034767,3673.8
4264,0.00029399,3674.7
4265,0.00015716,3675.5
4266,0.00081406,3676.4
4267,0.00036635,3677.3
4268,0.00028321,3678.2
4269,0.00020152,3679.1
4270,0.00023871,3680.0
4271,0.00046730,3680.8
4272,0.00034623,3681.7
4273,0.00032954,3682.6
4274,0.00030705,3683.5
4275,0.00024926,3684.3
4276,0.00026820,3685.2
4277,0.00032166,3686.1
4278,0.00051407,3687.0
4279,0.00027660,3687.9
4280,0.00049319,3688.7
4281,0.00035799,3689.5
4282,0.00045349,3690.4
4283,0.00028220,3691.2
4284,0.00034941,3692.0
4285,0.00043604,3692.8
4286,0.00023048,3693.7
4287,0.00030088,3694.5
4288,0.00034375,3695.3
4289,0.00030738,3696.1
4290,0.00032305,3697.0
4291,0.00037736,3697.8
4292,0.00030937,3698.6
4293,0.00043831,3699.4
4294,0.00046443,3700.3
4295,0.00033851,3701.1
4296,0.00037235,3701.9
4297,0.00030171,3702.7
4298,0.00034618,3703.6
4299,0.00036402,3704.5
4300,0.00037569,3705.4
4301,0.00038049,3706.2
4302,0.00043659,3707.1
4303,0.00037873,3708.1
4304,0.00029763,3708.9
4305,0.00019561,3709.8
4306,0.00036176,3710.7
4307,0.00027226,3711.6
4308,0.00029007,3712.5
4309,0.00066339,3713.4
4310,0.00022897,3714.3
4311,0.00014987,3715.1
4312,0.00038439,3716.0
4313,0.00029256,3716.9
4314,0.00025982,3717.9
4315,0.00034097,3718.7
4316,0.00027929,3719.6
4317,0.00019221,3720.5
4318,0.00031198,3721.4
4319,0.00029819,3722.3
4320,0.00034211,3723.1
4321,0.00031694,3724.0
4322,0.00021992,3724.9
4323,0.00038442,3725.8
4324,0.00039025,3726.6
4325,0.00050001,3727.5
4326,0.00050118,3728.4
4327,0.00040777,3729.3
4328,0.00029526,3730.2
4329,0.00042904,3731.1
4330,0.00024347,3732.0
4331,0.00032942,3732.9
4332,0.00019592,3733.7
4333,0.00031065,3734.5
4334,0.00043581,3735.3
4335,0.00033978,3736.2
4336,0.00041272,3737.0
4337,0.00027692,3737.8
4338,0.00031692,3738.6
4339,0.00042009,3739.5
4340,0.00033697,3740.3
4341,0.00027639,3741.1
4342,0.00028070,3741.9
4343,0.00044588,3742.7
4344,0.00034923,3743.6
4345,0.00027857,3744.5
4346,0.00044838,3745.4
4347,0.00020433,3746.2
4348,0.00023660,3747.1
4349,0.00032066,3748.0
4350,0.00044358,3748.9
4351,0.00056042,3749.7
4352,0.00037548,3750.6
4353,0.00084403,3751.4
4354,0.00016550,3752.2
4355,0.00034637,3753.1
4356,0.00023623,3753.9
4357,0.00049414,3754.7
4358,0.00024575,3755.6
4359,0.00034083,3756.4
4360,0.00032381,3757.2
4361,0.00051920,3758.0
4362,0.00030101,3758.9
4363,0.00040064,3759.7
4364,0.00047432,3760.5
4365,0.00032636,3761.3
4366,0.00023318,3762.2
4367,0.00033440,3763.0
4368,0.00032323,3763.8
4369,0.00023464,3764.6
4370,0.00044429,3765.5
4371,0.00049738,3766.3
4372,0.00032063,3767.1
4373,0.00031323,3768.0
4374,0.00041983,3768.9
4375,0.00028041,3769.8
4376,0.00025740,3770.7
4377,0.00031523,3771.6
4378,0.00024847,3772.4
4379,0.00021178,3773.3
4380,0.00027010,3774.2
4381,0.00039934,3775.1
4382,0.00026927,3776.0
4383,0.00040145,3776.9
4384,0.00032214,3777.8
4385,0.00026726,3778.6
4386,0.00057669,3779.5
4387,0.00024903,3780.4
4388,0.00021713,3781.3
4389,0.00035028,3782.2
4390,0.00025389,3783.1
4391,0.00024860,3784.0
4392,0.00044159,3784.9
4393,0.00057990,3785.7
4394,0.00021076,3786.6
4395,0.00047410,3787.5
4396,0.00026650,3788.4
4397,0.00043943,3789.3
4398,0.00056912,3790.1
4399,0.00049081,3791.0
4400,0.00034551,3791.9
4401,0.00047884,3792.8
4402,0.00025899,3793.7
4403,0.00043746,3794.6
4404,0.00086167,3795.4
4405,0.00024341,3796.3
4406,0.00033193,3797.2
4407,0.00034251,3798.0
4408,0.00018701,3798.9
4409,0.00036885,3799.8
4410,0.00022221,3800.7
4411,0.00046256,3801.6
4412,0.00042066,3802.5
4413,0.00034792,3803.4
4414,0.00035296,3804.3
4415,0.00030287,3805.2
4416,0.00026450,3806.1
4417,0.00024260,3806.9
4418,0.00056449,3807.8
4419,0.00050922,3808.7
4420,0.00023608,3809.5
4421,0.00040898,3810.4
4422,0.00068333,3811.2
4423,0.00037360,3812.0
4424,0.00023063,3812.9
4425,0.00024636,3813.7
4426,0.00040017,3814.5
4427,0.00038099,3815.4
4428,0.00076498,3816.2
4429,0.00039529,3817.1
4430,0.00020758,3817.9
4431,0.00027356,3818.8
4432,0.00034861,3819.7
4433,0.00033682,3820.6
4434,0.00041785,3821.5
4435,0.00027532,3822.3
4436,0.00020146,3823.2
4437,0.00044151,3824.1
4438,0.00027862,3825.0
4439,0.00022400,3825.8
4440,0.00049010,3826.7
4441,0.00038234,3827.6
4442,0.00029149,3828.5
4443,0.00034887,3829.3
4444,0.00032180,3830.2
4445,0.00039103,3831.1
4446,0.00021250,3832.0
4447,0.00029077,3832.9
4448,0.00021689,3833.8
4449,0.00035744,3834.6
4450,0.00053409,3835.5
4451,0.00018650,3836.4
4452,0.00027770,3837.3
4453,0.00042205,3838.2
4454,0.00046070,3839.1
4455,0.00052910,3840.0
4456,0.00022720,3840.9
4457,0.00015347,3841.8
4458,0.00019246,3842.6
4459,0.00045190,3843.5
4460,0.00041612,3844.4
4461,0.00029342,3845.3
4462,0.00027052,3846.2
4463,0.00033046,3847.1
4464,0.00029834,3848.0
4465,0.00043568,3848.9
4466,0.00030991,3849.8
4467,0.00028087,3850.6
4468,0.00047409,3851.5
4469,0.00040301,3852.4
4470,0.00014748,3853.3
4471,0.00022780,3854.1
4472,0.00031982,3855.0
4473,0.00094196,3855.9
4474,0.00032995,3856.8
4475,0.00025465,3857.7
4476,0.00019478,3858.5
4477,0.00036398,3859.4
4478,0.00030671,3860.3
4479,0.00020948,3861.2
4480,0.00028434,3862.1
4481,0.00035016,3862.9
4482,0.00029259,3863.8
4483,0.00031805,3864.7
4484,0.00034583,3865.6
4485,0.00026874,3866.4
4486,0.00024539,3867.3
4487,0.00038203,3868.2
4488,0.00020027,3869.1
4489,0.00032907,3870.0
4490,0.00028299,3870.9
4491,0.00022748,3871.8
4492,0.00043130,3872.6
4493,0.00020495,3873.5
4494,0.00058281,3874.5
4495,0.00028875,3875.4
4496,0.00029009,3876.2
4497,0.00023952,3877.1
4498,0.00027881,3878.0
4499,0.00022187,3878.9
4500,0.00025755,3879.8
4501,0.00031562,3880.7
4502,0.00045808,3881.6
4503,0.00035469,3882.4
4504,0.00049110,3883.2
4505,0.00037004,3884.0
4506,0.00032183,3884.9
4507,0.00026254,3885.7
4508,0.00027531,3886.5
4509,0.00037072,3887.3
4510,0.00032827,3888.2
4511,0.00042166,3889.0
4512,0.00028254,3889.8
4513,0.00042187,3890.6
4514,0.00029885,3891.5
4515,0.00028419,3892.3
4516,0.00030012,3893.1
4517,0.00030373,3894.0
4518,0.00043275,3894.8
4519,0.00037547,3895.6
4520,0.00053163,3896.5
4521,0.00021888,3897.3
4522,0.00029988,3898.1
4523,0.00024512,3899.0
4524,0.00016434,3899.8
4525,0.00033320,3900.6
4526,0.00038493,3901.4
4527,0.00021426,3902.3
4528,0.00024161,3903.1
4529,0.00030274,3903.9
4530,0.00037753,3904.8
4531,0.00026538,3905.6
4532,0.00022504,3906.4
4533,0.00025620,3907.2
4534,0.00033417,3908.1
4535,0.00071948,3908.9
4536,0.00034318,3909.7
4537,0.00015751,3910.6
4538,0.00038092,3911.4
4539,0.00028383,3912.2
4540,0.00031353,3913.0
4541,0.00043650,3913.9
4542,0.00020316,3914.7
4543,0.00035884,3915.6
4544,0.00014997,3916.4
4545,0.00037447,3917.3
4546,0.00038082,3918.2
4547,0.00033750,3919.1
4548,0.00059142,3920.0
4549,0.00037958,3920.9
4550,0.00018553,3921.8
4551,0.00024964,3922.6
4552,0.00030895,3923.5
4553,0.00031218,3924.4
4554,0.00025599,3925.3
4555,0.00036903,3926.2
4556,0.00027398,3927.0
4557,0.00025694,3927.9
4558,0.00045821,3928.8
4559,0.00036059,3929.7
4560,0.00060272,3930.6
4561,0.00043674,3931.5
4562,0.00039740,3932.3
4563,0.00025900,3933.2
4564,0.00026092,3934.1
4565,0.00020298,3935.0
4566,0.00015871,3935.9
4567,0.00030291,3936.7
4568,0.00026978,3937.6
4569,0.00035189,3938.5
4570,0.00022927,3939.4
4571,0.00027306,3940.3
4572,0.00025042,3941.2
4573,0.00021393,3942.0
4574,0.00036535,3942.9
4575,0.00027465,3943.8
4576,0.00026883,3944.7
4577,0.00017030,3945.6
4578,0.00048300,3946.5
4579,0.00038888,3947.4
4580,0.00031548,3948.2
4581,0.00022707,3949.1
4582,0.00034231,3950.0
4583,0.00027641,3950.9
4584,0.00025105,3951.7
4585,0.00033040,3952.6
4586,0.00044849,3953.5
4587,0.00035871,3954.4
4588,0.00020433,3955.3
4589,0.00020726,3956.1
4590,0.00057996,3956.9
4591,0.00026064,3957.8
4592,0.00043989,3958.6
4593,0.00039626,3959.4
4594,0.00031230,3960.2
4595,0.00016352,3961.1
4596,0.00022897,3961.9
4597,0.00041379,3962.8
4598,0.00024747,3963.6
4599,0.00033130,3964.4
4600,0.00026816,3965.3
4601,0.00030036,3966.1
4602,0.00055125,3966.9
4603,0.00031331,3967.8
4604,0.00024154,3968.6
4605,0.00020947,3969.4
4606,0.00013436,3970.3
4607,0.00030268,3971.1
4608,0.00024566,3972.0
4609,0.00031964,3972.9
4610,0.00030249,3973.8
4611,0.00054543,3974.7
4612,0.00047501,3975.5
4613,0.00047116,3976.4
4614,0.00032471,3977.3
4615,0.00027153,3978.2
4616,0.00039251,3979.1
4617,0.00022215,3980.0
4618,0.00040887,3980.8
4619,0.00030186,3981.7
4620,0.00021652,3982.6
4621,0.00020560,3983.5
4622,0.00053000,3984.4
4623,0.00026093,3985.2
4624,0.00027088,3986.1
4625,0.00031447,3987.0
4626,0.00051555,3987.9
4627,0.00025687,3988.7
4628,0.00033365,3989.6
4629,0.00054887,3990.4
4630,0.00051711,3991.2
4631,0.00034954,3992.1
4632,0.00020125,3992.9
4633,0.00018974,3993.7
4634,0.00026984,3994.6
4635,0.00052328,3995.4
4636,0.00032348,3996.2
4637,0.00023442,3997.0
4638,0.00031246,3997.9
4639,0.00026264,3998.7
4640,0.00044950,3999.5
4641,0.00021052,4000.3
4642,0.00020576,4001.2
4643,0.00077338,4002.0
4644,0.00028685,4002.8
4645,0.00023399,4003.7
4646,0.00017011,4004.5
4647,0.00031190,4005.3
4648,0.00030803,4006.1
4649,0.00016902,4006.9
4650,0.00034992,4007.8
4651,0.00050641,4008.7
4652,0.00038717,4009.6
4653,0.00030123,4010.5
4654,0.00019789,4011.3
4655,0.00022538,4012.2
4656,0.00033334,4013.1
4657,0.00033490,4014.0
4658,0.00032656,4014.9
4659,0.00030295,4015.8
4660,0.00031608,4016.7
4661,0.00027075,4017.5
4662,0.00046409,4018.4
4663,0.00027057,4019.3
4664,0.00032376,4020.2
4665,0.00055913,4021.1
4666,0.00034641,4022.0
4667,0.00026978,4022.8
4668,0.00014664,4023.7
4669,0.00025078,4024.6
4670,0.00051834,4025.5
4671,0.00058084,4026.4
4672,0.00029283,4027.2
4673,0.00022784,4028.1
4674,0.00022275,4029.0
4675,0.00029645,4029.9
4676,0.00021082,4030.8
4677,0.00018857,4031.6
4678,0.00043295,4032.5
4679,0.00035724,4033.4
4680,0.00023629,4034.3
4681,0.00028202,4035.2
4682,0.00022583,4036.0
4683,0.00040307,4036.9
4684,0.00019821,4037.8
4685,0.00025003,4038.7
4686,0.00021526,4039.6
4687,0.00022894,4040.5
4688,0.00042746,4041.3
4689,0.00047144,4042.2
4690,0.00024170,4043.1
4691,0.00025760,4044.0
4692,0.00033014,4044.9
4693,0.00038508,4045.8
4694,0.00033846,4046.7
4695,0.00039010,4047.5
4696,0.00028480,4048.4
4697,0.00050155,4049.3
4698,0.00017766,4050.2
4699,0.00028187,4051.1
4700,0.00050567,4052.0
4701,0.00041180,4052.9
4702,0.00022844,4053.7
4703,0.00021875,4054.6
4704,0.00023271,4055.5
4705,0.00025930,4056.4
4706,0.00029149,4057.3
4707,0.00035874,4058.1
4708,0.00044666,4059.0
4709,0.00019900,4060.0
4710,0.00036422,4060.9
4711,0.00065167,4061.7
4712,0.00014202,4062.6
4713,0.00032020,4063.5
4714,0.00022442,4064.4
4715,0.00022177,4065.3
4716,0.00039207,4066.1
4717,0.00076992,4067.0
4718,0.00017125,4067.9
4719,0.00025516,4068.8
4720,0.00016605,4069.6
4721,0.00040557,4070.5
4722,0.00053243,4071.4
4723,0.00029249,4072.3
4724,0.00018422,4073.2
4725,0.00017399,4074.1
4726,0.00026772,4074.9
4727,0.00035147,4075.8
4728,0.00031871,4076.7
4729,0.00029067,4077.6
4730,0.00018150,4078.4
4731,0.00033926,4079.3
4732,0.00029474,4080.2
4733,0.00020341,4081.0
4734,0.00012509,4081.8
4735,0.00050639,4082.7
4736,0.00047737,4083.5
4737,0.00071763,4084.3
4738,0.00039168,4085.2
4739,0.00018673,4086.0
4740,0.00033821,4086.8
4741,0.00016836,4087.6
4742,0.00029194,4088.5
4743,0.00033836,4089.3
4744,0.00030189,4090.1
4745,0.00027251,4091.0
4746,0.00033531,4091.9
4747,0.00035697,4092.7
4748,0.00027139,4093.6
4749,0.00042110,4094.4
4750,0.00037416,4095.2
4751,0.00027199,4096.0
4752,0.00016958,4096.9
4753,0.00026063,4097.8
4754,0.00036186,4098.6
4755,0.00030059,4099.5
4756,0.00035211,4100.4
4757,0.00017020,4101.3
4758,0.00042315,4102.2
4759,0.00042495,4103.1
4760,0.00015460,4104.0
4761,0.00019205,4104.9
4762,0.00031743,4105.8
4763,0.00028015,4106.7
4764,0.00020008,4107.5
4765,0.00015727,4108.4
4766,0.00033501,4109.3
4767,0.00033649,4110.2
4768,0.00029275,4111.1
4769,0.00028275,4111.9
4770,0.00026984,4112.7
4771,0.00036182,4113.6
4772,0.00021429,4114.4
4773,0.00029954,4115.2
4774,0.00028951,4116.1
4775,0.00029902,4116.9
4776,0.00017939,4117.7
4777,0.00019977,4118.6
4778,0.00029615,4119.4
4779,0.00042249,4120.2
4780,0.00039180,4121.1
4781,0.00025767,4121.9
4782,0.00020262,4122.7
4783,0.00039992,4123.6
4784,0.00033130,4124.5
4785,0.00063867,4125.3
4786,0.00041998,4126.2
4787,0.00035415,4127.1
4788,0.00030447,4128.0
4789,0.00021171,4128.9
4790,0.00021448,4129.7
4791,0.00017806,4130.6
4792,0.00026920,4131.5
4793,0.00022553,4132.4
4794,0.00018112,4133.3
4795,0.00085964,4134.2
4796,0.00021251,4135.1
4797,0.00027599,4136.0
4798,0.00060739,4136.9
4799,0.00020974,4137.8
4800,0.00030026,4138.7
4801,0.00032323,4139.7
4802,0.00037174,4140.5
4803,0.00018687,4141.4
4804,0.00016912,4142.3
4805,0.00027237,4143.2
4806,0.00039831,4144.0
4807,0.00028800,4144.9
4808,0.00043362,4145.8
4809,0.00026760,4146.7
4810,0.00016163,4147.6
4811,0.00027516,4148.4
4812,0.00020398,4149.3
4813,0.00045106,4150.2
4814,0.00032831,4151.1
4815,0.00017912,4152.0
4816,0.00029594,4152.9
4817,0.00025419,4153.9
4818,0.00041042,4154.7
4819,0.00018921,4155.6
4820,0.00028595,4156.5
4821,0.00029463,4157.4
4822,0.00022559,4158.2
4823,0.00039382,4159.1
4824,0.00043202,4160.0
4825,0.00039425,4160.9
4826,0.00036361,4161.8
4827,0.00043811,4162.7
4828,0.00026921,4163.6
4829,0.00030639,4164.4
4830,0.00035371,4165.3
4831,0.00017379,4166.2
4832,0.00023072,4167.1
4833,0.00024261,4168.0
4834,0.00049451,4168.8
4835,0.00031867,4169.7
4836,0.00025600,4170.6
4837,0.00012205,4171.5
4838,0.00026822,4172.3
4839,0.00033963,4173.2
4840,0.00028364,4174.1
4841,0.00019957,4175.0
4842,0.00027231,4175.9
4843,0.00055599,4176.8
4844,0.00030128,4177.6
4845,0.00035928,4178.5
4846,0.00043083,4179.4
4847,0.00042585,4180.3
4848,0.00025096,4181.1
4849,0.00023291,4182.0
4850,0.00015205,4182.9
4851,0.00043726,4183.8
4852,0.00052713,4184.7
4853,0.00017841,4185.5
4854,0.00022433,4186.4
4855,0.00043501,4187.3
4856,0.00040845,4188.2
4857,0.00033505,4189.1
4858,0.00021227,4189.9
4859,0.00016611,4190.8
4860,0.00026139,4191.7
4861,0.00013998,4192.6
4862,0.00020945,4193.5
4863,0.00051738,4194.3
4864,0.00040575,4195.2
4865,0.00028405,4196.1
4866,0.00021838,4197.0
4867,0.00017268,4197.9
4868,0.00035277,4198.8
4869,0.00051775,4199.6
4870,0.00027590,4200.5
4871,0.00031095,4201.4
4872,0.00017948,4202.3
4873,0.00022252,4203.2
4874,0.00032197,4204.1
4875,0.00025464,4205.0
4876,0.00028958,4205.9
4877,0.00026193,4206.7
4878,0.00030718,4207.6
4879,0.00044237,4208.5
4880,0.00020711,4209.4
4881,0.00028744,4210.3
4882,0.00027247,4211.1
4883,0.00043673,4212.1
4884,0.00012469,4212.9
4885,0.00034137,4213.8
4886,0.00022799,4214.7
4887,0.00066053,4215.6
4888,0.00057369,4216.4
4889,0.00029301,4217.4
4890,0.00028443,4218.3
4891,0.00040996,4219.1
4892,0.00036418,4220.0
4893,0.00026162,4220.9
4894,0.00039242,4221.8
4895,0.00021722,4222.7
4896,0.00016414,4223.6
4897,0.00046115,4224.4
4898,0.00047069,4225.3
4899,0.00018764,4226.2
4900,0.00030771,4227.1
4901,0.00022323,4228.0
4902,0.00022443,4228.8
4903,0.00034233,4229.7
4904,0.00055744,4230.6
4905,0.00020051,4231.5
4906,0.00024215,4232.3
4907,0.00025521,4233.2
4908,0.00064278,4234.1
4909,0.00025759,4235.0
4910,0.00023151,4235.8
4911,0.00013832,4236.7
4912,0.00034087,4237.6
4913,0.00022431,4238.5
4914,0.00019216,4239.4
4915,0.00035098,4240.2
4916,0.00032568,4241.1
4917,0.00053577,4241.9
4918,0.00036214,4242.7
4919,0.00032123,4243.5
4920,0.00015663,4244.4
4921,0.00018030,4245.2
4922,0.00038586,4246.0
4923,0.00026568,4246.9
4924,0.00016499,4247.7
4925,0.00040722,4248.5
4926,0.00036812,4249.3
4927,0.00020341,4250.1
4928,0.00027960,4251.0
4929,0.00030213,4251.8
4930,0.00058552,4252.6
4931,0.00021579,4253.5
4932,0.00027863,4254.3
4933,0.00018563,4255.1
4934,0.00016189,4255.9
4935,0.00023033,4256.8
4936,0.00027528,4257.6
4937,0.00042695,4258.4
4938,0.00051781,4259.3
4939,0.00023406,4260.1
4940,0.00020744,4260.9
4941,0.00045268,4261.8
4942,0.00029176,4262.6
4943,0.00029040,4263.4
4944,0.00015026,4264.2
4945,0.00029225,4265.0
4946,0.00034562,4265.9
4947,0.00023785,4266.7
4948,0.00029197,4267.5
4949,0.00028944,4268.3
4950,0.00024879,4269.2
4951,0.00020998,4270.0
4952,0.00022454,4270.8
4953,0.00025869,4271.7
4954,0.00054578,4272.6
4955,0.00032241,4273.5
4956,0.00042437,4274.4
4957,0.00038612,4275.2
4958,0.00030309,4276.1
4959,0.00028391,4277.0
4960,0.00028535,4277.9
4961,0.00030749,4278.8
4962,0.00026408,4279.6
4963,0.00013052,4280.5
4964,0.00028592,4281.4
4965,0.00022580,4282.3
4966,0.00031464,4283.2
4967,0.00035732,4284.0
4968,0.00051932,4284.9
4969,0.00060284,4285.8
4970,0.00019810,4286.7
4971,0.00024387,4287.6
4972,0.00018798,4288.5
4973,0.00024190,4289.4
4974,0.00016733,4290.3
4975,0.00028416,4291.2
4976,0.00035799,4292.1
4977,0.00035068,4293.0
4978,0.00049838,4293.8
4979,0.00024471,4294.7
4980,0.00020550,4295.6
4981,0.00038819,4296.5
4982,0.00017073,4297.3
4983,0.00041647,4298.2
4984,0.00030606,4299.0
4985,0.00057346,4299.8
4986,0.00030118,4300.6
4987,0.00028685,4301.5
4988,0.00031241,4302.3
4989,0.00040392,4303.1
4990,0.00028227,4304.0
4991,0.00013812,4304.8
4992,0.00029579,4305.6
4993,0.00018035,4306.4
4994,0.00029040,4307.3
4995,0.00016237,4308.1
4996,0.00031789,4308.9
4997,0.00019764,4309.7
4998,0.00036454,4310.6
4999,0.00026093,4311.4
5000,0.00029202,4312.2
5001,0.00060527,4313.0
5002,0.00022536,4313.9
5003,0.00017432,4314.7
5004,0.00026286,4315.5
5005,0.00027525,4316.3
5006,0.00024556,4317.1
5007,0.00032307,4318.0
5008,0.00023246,4318.8
5009,0.00043135,4319.6
5010,0.00017737,4320.4
5011,0.00034696,4321.3
5012,0.00019882,4322.1
5013,0.00020468,4322.9
5014,0.00044919,4323.8
5015,0.00023702,4324.7
5016,0.00044507,4325.5
5017,0.00016635,4326.4
5018,0.00017143,4327.3
5019,0.00027602,4328.2
5020,0.00018717,4329.1
5021,0.00028044,4330.0
5022,0.00049690,4330.8
5023,0.00016761,4331.7
5024,0.00014212,4332.6
5025,0.00034389,4333.5
5026,0.00015087,4334.4
5027,0.00048566,4335.2
5028,0.00047645,4336.1
5029,0.00026886,4337.0
5030,0.00037072,4337.9
5031,0.00026566,4338.7
5032,0.00020379,4339.6
5033,0.00043544,4340.5
5034,0.00024695,4341.4
5035,0.00017321,4342.3
5036,0.00016597,4343.1
5037,0.00031053,4344.0
5038,0.00014880,4344.9
5039,0.00027381,4345.8
5040,0.00040276,4346.6
5041,0.00023729,4347.5
5042,0.00028061,4348.4
5043,0.00025816,4349.3
5044,0.00020679,4350.1
5045,0.00017575,4351.0
5046,0.00021830,4351.9
5047,0.00021179,4352.8
5048,0.00043042,4353.7
5049,0.00023222,4354.5
5050,0.00034055,4355.4
5051,0.00029723,4356.3
5052,0.00029425,4357.1
5053,0.00030074,4358.0
5054,0.00022782,4358.9
5055,0.00035206,4359.8
5056,0.00012520,4360.7
5057,0.00016213,4361.5
5058,0.00030799,4362.4
5059,0.00043481,4363.3
5060,0.00021298,4364.2
5061,0.00014151,4365.0
5062,0.00027046,4365.9
5063,0.00029047,4366.8
5064,0.00045175,4367.7
5065,0.00055546,4368.6
5066,0.00044689,4369.4
5067,0.00015691,4370.3
5068,0.00031560,4371.2
5069,0.00015578,4372.1
5070,0.00019930,4373.0
5071,0.00043357,4373.9
5072,0.00027181,4374.7
5073,0.00026557,4375.6
5074,0.00043968,4376.5
5075,0.00015356,4377.4
5076,0.00024894,4378.3
5077,0.00033667,4379.1
5078,0.00019415,4380.0
5079,0.00010857,4380.9
5080,0.00016673,4381.8
5081,0.00062735,4382.7
5082,0.00046623,4383.6
5083,0.00016911,4384.4
5084,0.00022540,4385.3
5085,0.00020245,4386.2
5086,0.00031040,4387.0
5087,0.00025400,4387.9
5088,0.00051230,4388.8
5089,0.00035831,4389.7
5090,0.00020297,4390.6
5091,0.00025604,4391.4
5092,0.00014832,4392.3
5093,0.00028595,4393.2
5094,0.00028130,4394.1
5095,0.00021502,4395.0
5096,0.00025991,4395.8
5097,0.00055722,4396.7
5098,0.00024155,4397.6
5099,0.00049892,4398.5
5100,0.00014852,4399.4
5101,0.00020075,4400.4
5102,0.00017832,4401.2
5103,0.00080062,4402.1
5104,0.00029505,4402.9
5105,0.00028140,4403.8
5106,0.00015752,4404.6
5107,0.00026791,4405.5
5108,0.00051849,4406.4
5109,0.00032752,4407.3
5110,0.00022250,4408.1
5111,0.00025026,4409.0
5112,0.00015164,4409.9
5113,0.00027412,4410.8
5114,0.00054671,4411.7
5115,0.00032496,4412.6
5116,0.00028880,4413.4
5117,0.00026623,4414.3
5118,0.00015787,4415.2
5119,0.00031356,4416.1
5120,0.00021849,4416.9
5121,0.00017664,4417.8
5122,0.00023849,4418.7
5123,0.00024310,4419.6
5124,0.00026728,4420.4
5125,0.00027985,4421.3
5126,0.00042528,4422.2
5127,0.00022757,4423.1
5128,0.00012364,4424.0
5129,0.00030552,4424.8
5130,0.00023470,4425.7
5131,0.00048674,4426.6
5132,0.00029247,4427.5
5133,0.00017034,4428.4
5134,0.00019411,4429.2
5135,0.00035531,4430.1
5136,0.00027940,4431.0
5137,0.00041084,4431.9
5138,0.00018323,4432.8
5139,0.00017127,4433.6
5140,0.00045536,4434.5
5141,0.00026490,4435.4
5142,0.00014075,4436.2
5143,0.00052694,4437.1
5144,0.00031366,4438.0
5145,0.00027041,4438.9
5146,0.00019820,4439.8
5147,0.00020547,4440.7
5148,0.00024165,4441.5
5149,0.00031771,4442.4
5150,0.00031613,4443.3
5151,0.00022158,4444.2
5152,0.00011485,4445.1
5153,0.00029219,4445.9
5154,0.00020703,4446.9
5155,0.00027678,4447.7
5156,0.00029330,4448.6
5157,0.00028639,4449.5
5158,0.00053321,4450.4
5159,0.00031429,4451.3
5160,0.00013905,4452.2
5161,0.00094520,4453.1
5162,0.00027164,4453.9
5163,0.00011233,4454.8
5164,0.00021727,4455.7
5165,0.00014532,4456.6
5166,0.00015593,4457.4
5167,0.00033070,4458.3
5168,0.00020159,4459.2
5169,0.00033109,4460.1
5170,0.00049175,4461.0
5171,0.00026038,4461.9
5172,0.00012854,4462.8
5173,0.00020084,4463.6
5174,0.00016230,4464.5
5175,0.00056229,4465.4
5176,0.00021092,4466.3
5177,0.00033146,4467.1
5178,0.00011763,4468.0
5179,0.00016377,4468.9
5180,0.00029673,4469.8
5181,0.00023802,4470.6
5182,0.00041062,4471.5
5183,0.00011170,4472.4
5184,0.00018332,4473.3
5185,0.00028532,4474.1
5186,0.00029303,4475.0
5187,0.00028397,4475.9
5188,0.00030778,4476.8
5189,0.00024645,4477.6
5190,0.00020265,4478.5
5191,0.00030038,4479.4
5192,0.00019890,4480.3
5193,0.00029398,4481.2
5194,0.00050209,4482.0
5195,0.00027434,4482.9
5196,0.00019725,4483.8
5197,0.00015609,4484.7
5198,0.00058427,4485.6
5199,0.00026941,4486.4
5200,0.00018193,4487.3
5201,0.00013576,4488.2
5202,0.00018682,4489.1
5203,0.00033168,4490.0
5204,0.00023896,4490.9
5205,0.00023826,4491.7
5206,0.00028361,4492.6
5207,0.00030851,4493.5
5208,0.00017378,4494.4
5209,0.00022822,4495.3
5210,0.00015432,4496.2
5211,0.00055550,4497.1
5212,0.00018767,4497.9
5213,0.00023641,4498.8
5214,0.00018970,4499.7
5215,0.00023141,4500.6
5216,0.00031494,4501.5
5217,0.00055898,4502.4
5218,0.00022136,4503.3
5219,0.00025633,4504.1
5220,0.00017321,4505.0
5221,0.00029563,4505.9
5222,0.00020908,4506.8
5223,0.00016878,4507.6
5224,0.00018835,4508.5
5225,0.00020721,4509.4
5226,0.00032848,4510.3
5227,0.00020443,4511.2
5228,0.00028289,4512.1
5229,0.00027281,4513.0
5230,0.00025562,4513.8
5231,0.00027243,4514.7
5232,0.00017899,4515.6
5233,0.00024282,4516.5
5234,0.00034615,4517.4
5235,0.00022573,4518.3
5236,0.00021313,4519.2
5237,0.00034119,4520.0
5238,0.00022870,4520.9
5239,0.00020733,4521.8
5240,0.00017296,4522.7
5241,0.00015870,4523.5
5242,0.00025763,4524.4
5243,0.00022559,4525.3
5244,0.00033432,4526.2
5245,0.00021405,4527.1
5246,0.00012158,4528.0
5247,0.00025668,4528.9
5248,0.00057506,4529.8
5249,0.00036349,4530.6
5250,0.00039256,4531.5
5251,0.00017102,4532.4
5252,0.00014833,4533.3
5253,0.00033926,4534.2
5254,0.00049085,4535.0
5255,0.00025534,4535.9
5256,0.00042823,4536.8
5257,0.00024187,4537.8
5258,0.00023066,4538.6
5259,0.00023994,4539.5
5260,0.00040507,4540.4
5261,0.00018396,4541.3
5262,0.00021143,4542.2
5263,0.00011575,4543.1
5264,0.00012068,4543.9
5265,0.00022325,4544.8
5266,0.00019092,4545.7
5267,0.00021102,4546.6
5268,0.00034770,4547.5
5269,0.00033892,4548.4
5270,0.00014575,4549.2
5271,0.00017971,4550.1
5272,0.00024840,4551.0
5273,0.00038622,4551.9
5274,0.00024179,4552.8
5275,0.00055973,4553.7
5276,0.00024855,4554.6
5277,0.00019866,4555.5
5278,0.00010361,4556.4
5279,0.00028277,4557.3
5280,0.00053270,4558.1
5281,0.00015251,4559.0
5282,0.00015831,4559.9
5283,0.00019519,4560.8
5284,0.00031083,4561.7
5285,0.00039327,4562.6
5286,0.00019019,4563.5
5287,0.00032058,4564.4
5288,0.00036497,4565.3
5289,0.00024555,4566.2
5290,0.00046759,4567.1
5291,0.00028160,4568.0
5292,0.00026523,4568.8
5293,0.00019556,4569.7
5294,0.00018319,4570.6
5295,0.00020086,4571.4
5296,0.00025115,4572.2
5297,0.00019058,4573.1
5298,0.00037260,4573.9
5299,0.00024279,4574.7
5300,0.00030796,4575.5
5301,0.00015355,4576.4
5302,0.00020984,4577.2
5303,0.00034167,4578.0
5304,0.00018595,4578.9
5305,0.00022706,4579.7
5306,0.00038066,4580.5
5307,0.00038497,4581.3
5308,0.00021221,4582.1
5309,0.00027565,4583.0
5310,0.00017505,4583.8
5311,0.00035249,4584.6
5312,0.00014185,4585.4
5313,0.00023014,4586.3
5314,0.00038709,4587.1
5315,0.00018250,4587.9
5316,0.00012516,4588.7
5317,0.00019318,4589.6
5318,0.00036989,4590.4
5319,0.00040792,4591.2
5320,0.00023359,4592.0
5321,0.00033771,4592.9
5322,0.00027513,4593.7
5323,0.00021564,4594.5
5324,0.00015183,4595.3
5325,0.00025069,4596.2
5326,0.00025070,4597.1
5327,0.00032133,4598.0
5328,0.00021986,4598.8
5329,0.00020816,4599.6
5330,0.00014152,4600.5
5331,0.00062366,4601.3
5332,0.00033756,4602.1
5333,0.00035805,4602.9
5334,0.00013598,4603.7
5335,0.00011758,4604.6
5336,0.00042920,4605.4
5337,0.00038605,4606.2
5338,0.00020863,4607.0
5339,0.00021054,4607.9
5340,0.00023116,4608.7
5341,0.00012756,4609.5
5342,0.00016667,4610.3
5343,0.00030910,4611.2
5344,0.00048299,4612.0
5345,0.00027431,4612.8
5346,0.00034442,4613.6
5347,0.00044575,4614.4
5348,0.00017999,4615.3
5349,0.00016558,4616.1
5350,0.00016027,4616.9
5351,0.00043945,4617.8
5352,0.00024679,4618.6
5353,0.00053959,4619.4
5354,0.00021156,4620.2
5355,0.00022044,4621.1
5356,0.00013256,4621.9
5357,0.00028278,4622.7
5358,0.00015269,4623.5
5359,0.00018549,4624.4
5360,0.00024046,4625.2
5361,0.00062230,4626.0
5362,0.00012736,4626.8
5363,0.00022680,4627.7
5364,0.00022826,4628.5
5365,0.00018883,4629.3
5366,0.00055321,4630.1
5367,0.00022817,4631.0
5368,0.00018120,4631.8
5369,0.00021342,4632.6
5370,0.00021875,4633.4
5371,0.00040963,4634.3
5372,0.00022920,4635.1
5373,0.00039974,4635.9
5374,0.00014739,4636.7
5375,0.00018968,4637.5
5376,0.00048641,4638.4
5377,0.00011263,4639.2
5378,0.00024562,4640.0
5379,0.00032606,4640.8
5380,0.00014284,4641.7
5381,0.00024778,4642.5
5382,0.00045211,4643.3
5383,0.00032003,4644.1
5384,0.00017010,4645.0
5385,0.00015456,4645.8
5386,0.00022551,4646.6
5387,0.00021469,4647.4
5388,0.00047117,4648.3
5389,0.00021977,4649.1
5390,0.00015570,4649.9
5391,0.00013454,4650.8
5392,0.00014856,4651.6
5393,0.00028894,4652.4
5394,0.00028533,4653.2
5395,0.00020339,4654.1
5396,0.00017762,4654.9
5397,0.00025670,4655.7
5398,0.00043400,4656.6
5399,0.00016784,4657.4
5400,0.00026608,4658.2
5401,0.00022902,4659.1
5402,0.00019127,4659.9
5403,0.00020937,4660.7
5404,0.00028980,4661.5
5405,0.00016095,4662.4
5406,0.00026702,4663.2
5407,0.00037659,4664.0
5408,0.00026222,4664.8
5409,0.00015518,4665.7
5410,0.00028335,4666.5
5411,0.00021589,4667.3
5412,0.00014270,4668.1
5413,0.00037930,4669.0
5414,0.00020859,4669.8
5415,0.00041790,4670.6
5416,0.00021257,4671.4
5417,0.00017719,4672.3
5418,0.00038863,4673.1
5419,0.00022318,4673.9
5420,0.00013689,4674.8
5421,0.00023064,4675.6
5422,0.00010825,4676.4
5423,0.00040607,4677.3
5424,0.00026052,4678.1
5425,0.00058380,4678.9
5426,0.00061897,4679.7
5427,0.00014607,4680.6
5428,0.00044700,4681.4
5429,0.00014592,4682.2
5430,0.00014124,4683.0
5431,0.00015059,4683.8
5432,0.00030973,4684.7
5433,0.00016493,4685.5
5434,0.00031441,4686.3
5435,0.00018555,4687.2
5436,0.00024457,4688.0
5437,0.00020513,4688.8
5438,0.00017007,4689.6
5439,0.00017940,4690.4
5440,0.00056755,4691.3
5441,0.00022469,4692.1
5442,0.00030094,4692.9
5443,0.00021899,4693.8
5444,0.00035294,4694.6
5445,0.00016827,4695.4
5446,0.00025133,4696.2
5447,0.00029650,4697.1
5448,0.00025886,4697.9
5449,0.00024075,4698.7
5450,0.00011686,4699.5
5451,0.00020423,4700.4
5452,0.00032941,4701.2
5453,0.00033609,4702.0
5454,0.00026835,4702.8
5455,0.00048815,4703.6
5456,0.00011939,4704.5
5457,0.00015612,4705.3
5458,0.00017243,4706.1
5459,0.00024509,4707.0
5460,0.00059527,4707.8
5461,0.00029658,4708.6
5462,0.00016758,4709.4
5463,0.00027607,4710.3
5464,0.00015264,4711.1
5465,0.00023499,4711.9
5466,0.00015213,4712.8
5467,0.00023886,4713.6
5468,0.00032651,4714.4
5469,0.00056643,4715.2
5470,0.00044696,4716.1
5471,0.00014300,4716.9
5472,0.00022355,4717.7
5473,0.00045247,4718.6
5474,0.00032896,4719.4
5475,0.00020383,4720.2
5476,0.00012688,4721.1
5477,0.00015835,4721.9
5478,0.00021409,4722.7
5479,0.00024855,4723.5
5480,0.00024738,4724.4
5481,0.00016137,4725.2
5482,0.00032601,4726.0
5483,0.00014832,4726.8
5484,0.00012307,4727.7
5485,0.00030869,4728.5
5486,0.00021603,4729.3
5487,0.00035300,4730.2
5488,0.00015402,4731.0
5489,0.00017648,4731.8
5490,0.00020362,4732.6
5491,0.00030065,4733.5
5492,0.00039262,4734.3
5493,0.00033940,4735.1
5494,0.00045430,4736.0
5495,0.00013464,4736.8
5496,0.00031123,4737.6
5497,0.00024603,4738.5
5498,0.00009990,4739.3
5499,0.00014727,4740.2
5500,0.00015386,4741.1
5501,0.00039094,4742.0
5502,0.00023918,4742.9
5503,0.00030826,4743.7
5504,0.00028524,4744.6
5505,0.00017836,4745.5
5506,0.00025134,4746.4
5507,0.00025949,4747.2
5508,0.00043096,4748.1
5509,0.00014865,4749.0
5510,0.00024039,4749.9
5511,0.00023934,4750.8
5512,0.00026705,4751.6
5513,0.00022961,4752.5
5514,0.00029148,4753.4
5515,0.00019265,4754.3
5516,0.00042927,4755.2
5517,0.00017698,4756.1
5518,0.00010913,4756.9
5519,0.00018918,4757.8
5520,0.00044040,4758.7
5521,0.00010529,4759.6
5522,0.00025740,4760.4
5523,0.00027175,4761.3
5524,0.00023108,4762.2
5525,0.00033664,4763.1
5526,0.00052020,4764.0
5527,0.00019425,4764.8
5528,0.00019246,4765.7
5529,0.00026373,4766.6
5530,0.00026901,4767.4
5531,0.00036198,4768.3
5532,0.00014594,4769.2
5533,0.00037511,4770.1
5534,0.00026362,4770.9
5535,0.00013705,4771.8
5536,0.00010090,4772.7
5537,0.00026941,4773.6
5538,0.00021804,4774.5
5539,0.00023481,4775.3
5540,0.00024302,4776.2
5541,0.00010967,4777.1
5542,0.00014088,4778.0
5543,0.00034521,4778.9
5544,0.00016507,4779.7
5545,0.00021171,4780.6
5546,0.00016820,4781.4
5547,0.00028986,4782.3
5548,0.00024791,4783.2
5549,0.00035905,4784.1
5550,0.00030697,4784.9
5551,0.00021765,4785.8
5552,0.00033811,4786.7
5553,0.00016973,4787.6
5554,0.00013073,4788.5
5555,0.00025867,4789.3
5556,0.00015329,4790.2
5557,0.00022313,4791.1
5558,0.00021943,4792.0
5559,0.00031137,4792.9
5560,0.00021576,4793.8
5561,0.00015101,4794.7
5562,0.00029724,4795.6
5563,0.00041684,4796.5
5564,0.00021753,4797.4
5565,0.00027346,4798.3
5566,0.00025434,4799.2
5567,0.00042083,4800.0
5568,0.00020957,4800.9
5569,0.00010147,4801.8
5570,0.00013673,4802.6
5571,0.00043022,4803.4
5572,0.00019492,4804.3
5573,0.00014471,4805.2
5574,0.00024823,4806.1
5575,0.00020724,4806.9
5576,0.00017321,4807.8
5577,0.00020345,4808.7
5578,0.00041852,4809.6
5579,0.00027451,4810.5
5580,0.00021576,4811.4
5581,0.00031559,4812.3
5582,0.00030808,4813.1
5583,0.00055758,4814.0
5584,0.00027552,4814.9
5585,0.00011383,4815.8
5586,0.00014049,4816.7
5587,0.00012613,4817.6
5588,0.00030986,4818.5
5589,0.00033527,4819.3
5590,0.00022872,4820.2
5591,0.00012245,4821.1
5592,0.00042807,4821.9
5593,0.00014102,4822.7
5594,0.00031616,4823.5
5595,0.00028431,4824.4
5596,0.00014513,4825.2
5597,0.00027159,4826.0
5598,0.00023637,4826.9
5599,0.00034616,4827.7
5600,0.00017402,4828.5
5601,0.00016162,4829.3
5602,0.00014192,4830.2
5603,0.00027184,4831.0
5604,0.00021887,4831.8
5605,0.00060923,4832.6
5606,0.00013412,4833.5
5607,0.00026700,4834.3
5608,0.00036638,4835.1
5609,0.00016888,4835.9
5610,0.00018152,4836.8
5611,0.00013793,4837.6
5612,0.00012733,4838.4
5613,0.00026533,4839.3
5614,0.00028844,4840.1
5615,0.00039235,4840.9
5616,0.00026260,4841.7
5617,0.00021827,4842.6
5618,0.00021369,4843.4
5619,0.00016353,4844.3
5620,0.00021481,4845.1
5621,0.00055971,4845.9
5622,0.00020431,4846.7
5623,0.00020130,4847.6
5624,0.00040764,4848.4
5625,0.00014535,4849.3
5626,0.00015824,4850.2
5627,0.00013438,4851.1
5628,0.00016749,4852.0
5629,0.00019698,4852.9
5630,0.00021361,4853.8
5631,0.00012412,4854.6
5632,0.00075739,4855.5
5633,0.00025299,4856.4
5634,0.00020170,4857.3
5635,0.00014401,4858.1
5636,0.00020525,4859.0
5637,0.00033086,4859.8
5638,0.00018067,4860.6
5639,0.00018126,4861.4
5640,0.00015457,4862.3
5641,0.00027093,4863.1
5642,0.00050910,4863.9
5643,0.00018488,4864.8
5644,0.00015778,4865.6
5645,0.00019642,4866.4
5646,0.00028770,4867.2
5647,0.00024567,4868.1
5648,0.00017389,4868.9
5649,0.00024954,4869.7
5650,0.00024414,4870.5
5651,0.00066590,4871.4
5652,0.00022408,4872.2
5653,0.00017244,4873.0
5654,0.00010537,4873.8
5655,0.00023427,4874.7
5656,0.00024912,4875.5
5657,0.00015672,4876.3
5658,0.00025335,4877.2
5659,0.00018325,4878.0
5660,0.00030335,4878.8
5661,0.00024512,4879.6
5662,0.00025291,4880.5
5663,0.00011560,4881.3
5664,0.00014007,4882.1
5665,0.00018332,4882.9
5666,0.00032367,4883.8
5667,0.00021272,4884.6
5668,0.00020882,4885.4
5669,0.00021792,4886.2
5670,0.00029161,4887.1
5671,0.00015983,4887.9
5672,0.00023726,4888.7
5673,0.00020055,4889.5
5674,0.00023352,4890.4
5675,0.00025076,4891.2
5676,0.00020443,4892.1
5677,0.00036111,4893.0
5678,0.00020005,4893.8
5679,0.00010621,4894.7
5680,0.00020504,4895.6
5681,0.00051928,4896.5
5682,0.00013158,4897.4
5683,0.00022792,4898.3
5684,0.00034546,4899.2
5685,0.00035895,4900.0
5686,0.00042836,4900.9
5687,0.00023424,4901.8
5688,0.00013351,4902.7
5689,0.00020454,4903.5
5690,0.00008986,4904.4
5691,0.00038911,4905.3
5692,0.00037912,4906.2
5693,0.00038575,4907.1
5694,0.00026469,4908.0
5695,0.00009776,4908.9
5696,0.00012252,4909.7
5697,0.00010502,4910.6
5698,0.00026641,4911.5
5699,0.00031208,4912.4
5700,0.00022983,4913.3
5701,0.00042053,4914.2
5702,0.00032589,4915.0
5703,0.00024671,4915.9
5704,0.00022952,4916.8
5705,0.00013181,4917.7
5706,0.00009855,4918.5
5707,0.00025557,4919.4
5708,0.00019376,4920.3
5709,0.00030875,4921.2
5710,0.00028877,4922.1
5711,0.00033082,4923.0
5712,0.00016553,4923.9
5713,0.00039882,4924.7
5714,0.00013273,4925.6
5715,0.00013242,4926.5
5716,0.00015268,4927.4
5717,0.00026005,4928.2
5718,0.00022542,4929.1
5719,0.00041045,4930.0
5720,0.00035183,4930.8
5721,0.00018292,4931.6
5722,0.00025693,4932.5
5723,0.00012471,4933.3
5724,0.00016387,4934.2
5725,0.00030508,4935.0
5726,0.00014100,4935.8
5727,0.00033714,4936.6
5728,0.00030193,4937.5
5729,0.00033707,4938.3
5730,0.00009329,4939.1
5731,0.00012539,4940.0
5732,0.00013084,4940.8
5733,0.00014881,4941.6
5734,0.00013834,4942.4
5735,0.00010263,4943.3
5736,0.00023289,4944.1
5737,0.00047706,4944.9
5738,0.00018124,4945.7
5739,0.00012993,4946.6
5740,0.00035203,4947.4
5741,0.00017477,4948.2
5742,0.00016740,4949.0
5743,0.00020379,4949.9
5744,0.00019315,4950.7
5745,0.00038401,4951.5
5746,0.00019566,4952.4
5747,0.00019121,4953.2
5748,0.00010575,4954.0
5749,0.00013316,4954.8
5750,0.00033885,4955.7
5751,0.00015647,4956.5
5752,0.00015448,4957.4
5753,0.00040813,4958.3
5754,0.00031076,4959.1
5755,0.00036765,4959.9
5756,0.00011414,4960.8
5757,0.00016505,4961.6
5758,0.00022771,4962.4
5759,0.00017829,4963.3
5760,0.00028820,4964.1
5761,0.00042532,4964.9
5762,0.00013591,4965.7
5763,0.00030675,4966.6
5764,0.00026343,4967.4
5765,0.00014719,4968.2
5766,0.00008381,4969.1
5767,0.00014834,4969.9
5768,0.00023996,4970.8
5769,0.00029411,4971.7
5770,0.00019049,4972.6
5771,0.00029788,4973.5
5772,0.00010636,4974.4
5773,0.00017715,4975.3
5774,0.00015122,4976.2
5775,0.00029547,4977.0
5776,0.00019067,4977.9
5777,0.00052699,4978.8
5778,0.00014124,4979.7
5779,0.00011038,4980.6
5780,0.00015779,4981.4
5781,0.00046720,4982.3
5782,0.00049860,4983.2
5783,0.00024897,4984.1
5784,0.00019431,4985.0
5785,0.00009237,4985.8
5786,0.00018632,4986.7
5787,0.00010632,4987.6
5788,0.00023998,4988.5
5789,0.00020166,4989.3
5790,0.00026740,4990.1
5791,0.00031929,4990.9
5792,0.00015852,4991.8
5793,0.00027131,4992.6
5794,0.00011459,4993.4
5795,0.00029779,4994.2
5796,0.00022367,4995.1
5797,0.00020030,4995.9
5798,0.00032119,4996.7
5799,0.00010787,4997.5
5800,0.00019424,4998.4
5801,0.00014823,4999.2
5802,0.00020756,5000.1
5803,0.00040140,5001.0
5804,0.00019300,5001.9
5805,0.00030184,5002.7
5806,0.00017582,5003.6
5807,0.00014586,5004.4
5808,0.00026877,5005.2
5809,0.00025576,5006.1
5810,0.00019027,5006.9
5811,0.00016775,5007.7
5812,0.00009661,5008.5
5813,0.00052426,5009.4
5814,0.00022349,5010.2
5815,0.00009913,5011.0
5816,0.00032835,5011.8
5817,0.00038309,5012.7
5818,0.00022823,5013.5
5819,0.00022103,5014.3
5820,0.00018863,5015.1
5821,0.00020102,5016.0
5822,0.00016146,5016.8
5823,0.00034575,5017.6
5824,0.00021204,5018.5
5825,0.00010210,5019.3
5826,0.00021898,5020.1
5827,0.00026889,5020.9
5828,0.00030001,5021.8
5829,0.00024347,5022.6
5830,0.00015898,5023.4
5831,0.00026753,5024.2
5832,0.00011458,5025.1
5833,0.00035250,5025.9
5834,0.00016777,5026.7
5835,0.00012212,5027.6
5836,0.00015850,5028.4
5837,0.00061684,5029.2
5838,0.00041063,5030.1
5839,0.00010407,5031.0
5840,0.00011924,5031.9
5841,0.00032723,5032.7
5842,0.00013643,5033.7
5843,0.00013906,5034.6
5844,0.00039351,5035.4
5845,0.00037604,5036.3
5846,0.00014535,5037.2
5847,0.00014995,5038.1
5848,0.00023236,5039.0
5849,0.00021348,5039.9
5850,0.00008872,5040.7
5851,0.00053057,5041.6
5852,0.00015188,5042.5
5853,0.00017405,5043.4
5854,0.00034642,5044.3
5855,0.00012758,5045.2
5856,0.00016772,5046.0
5857,0.00010536,5046.9
5858,0.00021502,5047.8
5859,0.00011933,5048.7
5860,0.00051535,5049.6
5861,0.00014128,5050.4
5862,0.00034947,5051.3
5863,0.00039402,5052.2
5864,0.00024699,5053.1
5865,0.00023393,5054.0
5866,0.00009370,5054.9
5867,0.00030180,5055.8
5868,0.00022838,5056.6
5869,0.00008544,5057.5
5870,0.00033892,5058.4
5871,0.00028175,5059.3
5872,0.00023724,5060.2
5873,0.00032723,5061.0
5874,0.00023897,5061.9
5875,0.00017539,5062.8
5876,0.00017064,5063.6
5877,0.00030490,5064.5
5878,0.00019568,5065.4
5879,0.00041162,5066.3
5880,0.00018885,5067.2
5881,0.00061659,5068.1
5882,0.00016739,5069.0
5883,0.00015246,5069.8
5884,0.00018829,5070.7
5885,0.00014721,5071.6
5886,0.00021191,5072.5
5887,0.00023393,5073.4
5888,0.00031557,5074.2
5889,0.00010646,5075.1
5890,0.00018350,5076.0
5891,0.00032441,5076.9
5892,0.00020703,5077.8
5893,0.00019740,5078.7
5894,0.00024350,5079.5
5895,0.00021206,5080.3
5896,0.00027815,5081.2
5897,0.00022089,5082.0
5898,0.00009080,5082.8
5899,0.00028446,5083.6
5900,0.00030199,5084.5
5901,0.00018242,5085.4
5902,0.00010952,5086.2
5903,0.00019219,5087.0
5904,0.00016888,5087.9
5905,0.00013295,5088.8
5906,0.00045483,5089.7
5907,0.00017109,5090.5
5908,0.00014790,5091.4
5909,0.00008194,5092.3
5910,0.00035649,5093.2
5911,0.00020756,5094.1
5912,0.00032472,5095.0
5913,0.00021533,5095.9
5914,0.00026190,5096.7
5915,0.00028144,5097.5
5916,0.00018783,5098.4
5917,0.00008782,5099.2
5918,0.00009919,5100.0
5919,0.00043038,5100.8
5920,0.00017957,5101.7
5921,0.00011975,5102.6
5922,0.00021380,5103.4
5923,0.00022716,5104.3
5924,0.00022151,5105.2
5925,0.00012385,5106.0
5926,0.00015358,5106.9
5927,0.00021012,5107.8
5928,0.00021081,5108.7
5929,0.00029196,5109.5
5930,0.00019220,5110.4
5931,0.00014190,5111.3
5932,0.00020966,5112.2
5933,0.00029302,5113.0
5934,0.00018018,5113.9
5935,0.00010219,5114.8
5936,0.00015724,5115.7
5937,0.00022268,5116.6
5938,0.00018615,5117.5
5939,0.00014886,5118.3
5940,0.00018482,5119.2
5941,0.00020656,5120.1
5942,0.00048833,5120.9
5943,0.00017526,5121.8
5944,0.00028569,5122.7
5945,0.00011347,5123.6
5946,0.00009626,5124.5
5947,0.00009753,5125.3
5948,0.00020030,5126.2
5949,0.00030700,5127.1
5950,0.00025532,5128.0
5951,0.00016874,5128.8
5952,0.00028214,5129.7
5953,0.00011515,5130.6
5954,0.00009864,5131.5
5955,0.00048454,5132.4
5956,0.00025665,5133.3
5957,0.00020520,5134.1
5958,0.00008358,5135.0
5959,0.00022905,5135.9
5960,0.00012283,5136.8
5961,0.00026093,5137.7
5962,0.00063275,5138.6
5963,0.00015105,5139.5
5964,0.00020417,5140.3
5965,0.00011615,5141.2
5966,0.00012354,5142.1
5967,0.00029156,5143.0
5968,0.00019212,5143.9
5969,0.00024082,5144.8
5970,0.00018812,5145.7
5971,0.00024801,5146.5
5972,0.00009489,5147.4
5973,0.00034768,5148.3
5974,0.00019751,5149.2
5975,0.00025877,5150.0
5976,0.00041843,5150.9
5977,0.00012582,5151.8
5978,0.00019093,5152.7
5979,0.00026013,5153.6
5980,0.00038820,5154.5
5981,0.00011931,5155.3
5982,0.00011098,5156.2
5983,0.00016077,5157.1
5984,0.00015482,5158.0
5985,0.00033562,5158.8
5986,0.00020030,5159.7
5987,0.00019322,5160.6
5988,0.00020043,5161.5
5989,0.00013810,5162.3
5990,0.00033160,5163.2
5991,0.00015533,5164.1
5992,0.00020131,5165.0
5993,0.00019934,5165.9
5994,0.00028187,5166.8
5995,0.00030594,5167.7
5996,0.00017875,5168.5
5997,0.00011447,5169.4
5998,0.00021971,5170.3
5999,0.00015747,5171.2
6000,0.00018965,5172.0
6001,0.00025372,5173.0
6002,0.00036766,5173.9
6003,0.00033944,5174.8
6004,0.00011037,5175.7
6005,0.00028255,5176.5
6006,0.00020426,5177.4
6007,0.00019564,5178.3
6008,0.00012254,5179.2
6009,0.00019976,5180.0
6010,0.00065839,5180.9
6011,0.00012786,5181.8
6012,0.00015314,5182.7
6013,0.00015915,5183.6
6014,0.00026065,5184.5
6015,0.00014382,5185.4
6016,0.00012391,5186.3
6017,0.00038988,5187.1
6018,0.00032460,5188.0
6019,0.00009270,5188.9
6020,0.00012112,5189.8
6021,0.00035260,5190.7
6022,0.00022000,5191.5
6023,0.00011484,5192.4
6024,0.00052177,5193.3
6025,0.00019115,5194.2
6026,0.00016074,5195.0
6027,0.00021357,5195.9
6028,0.00022703,5196.9
6029,0.00010191,5197.8
6030,0.00027140,5198.7
6031,0.00008631,5199.6
6032,0.00026798,5200.5
6033,0.00035282,5201.3
6034,0.00036448,5202.2
6035,0.00010266,5203.1
6036,0.00008937,5204.0
6037,0.00007875,5204.9
6038,0.00023418,5205.8
6039,0.00039655,5206.6
6040,0.00010149,5207.5
6041,0.00013636,5208.4
6042,0.00037716,5209.3
6043,0.00014532,5210.1
6044,0.00021766,5211.0
6045,0.00016423,5211.9
6046,0.00028535,5212.8
6047,0.00014577,5213.6
6048,0.00023050,5214.5
6049,0.00014312,5215.4
6050,0.00012716,5216.3
6051,0.00029215,5217.1
6052,0.00029375,5218.0
6053,0.00022621,5218.9
6054,0.00015798,5219.8
6055,0.00012057,5220.7
6056,0.00014463,5221.5
6057,0.00027471,5222.3
6058,0.00035364,5223.2
6059,0.00022886,5224.1
6060,0.00014680,5225.0
6061,0.00020238,5225.9
6062,0.00033337,5226.7
6063,0.00036603,5227.6
6064,0.00011511,5228.5
6065,0.00013825,5229.4
6066,0.00019580,5230.3
6067,0.00024325,5231.1
6068,0.00021971,5232.0
6069,0.00014893,5232.9
6070,0.00023378,5233.8
6071,0.00025745,5234.7
6072,0.00012930,5235.6
6073,0.00021178,5236.5
6074,0.00031815,5237.4
6075,0.00025416,5238.3
6076,0.00017056,5239.1
6077,0.00009673,5239.9
6078,0.00021857,5240.8
6079,0.00022063,5241.6
6080,0.00010145,5242.5
6081,0.00021314,5243.3
6082,0.00036481,5244.2
6083,0.00010079,5245.0
6084,0.00007789,5245.9
6085,0.00017980,5246.7
6086,0.00032960,5247.5
6087,0.00016098,5248.3
6088,0.00027043,5249.2
6089,0.00015945,5250.0
6090,0.00015696,5250.8
6091,0.00016385,5251.6
6092,0.00034281,5252.5
6093,0.00018218,5253.3
6094,0.00022350,5254.1
6095,0.00011392,5255.0
6096,0.00036875,5255.8
6097,0.00046374,5256.6
6098,0.00035582,5257.4
6099,0.00007443,5258.2
6100,0.00008186,5259.1
6101,0.00020381,5259.9
6102,0.00018595,5260.7
6103,0.00040981,5261.6
6104,0.00026732,5262.5
6105,0.00010306,5263.3
6106,0.00014785,5264.1
6107,0.00019753,5265.0
6108,0.00014691,5265.8
6109,0.00018193,5266.6
6110,0.00034206,5267.4
6111,0.00023380,5268.2
6112,0.00029038,5269.1
6113,0.00014364,5269.9
6114,0.00032263,5270.7
6115,0.00027143,5271.5
6116,0.00035396,5272.3
6117,0.00030609,5273.2
6118,0.00024471,5274.0
6119,0.00017277,5274.8
6120,0.00009281,5275.6
6121,0.00012973,5276.4
6122,0.00037155,5277.3
6123,0.00019724,5278.1
6124,0.00021738,5278.9
6125,0.00027747,5279.7
6126,0.00015814,5280.6
6127,0.00012937,5281.4
6128,0.00019377,5282.2
6129,0.00021215,5283.0
6130,0.00016963,5283.8
6131,0.00009401,5284.7
6132,0.00023714,5285.5
6133,0.00016200,5286.3
6134,0.00018950,5287.1
6135,0.00019626,5288.0
6136,0.00040233,5288.8
6137,0.00021462,5289.6
6138,0.00015964,5290.4
6139,0.00019411,5291.3
6140,0.00018046,5292.1
6141,0.00015450,5292.9
6142,0.00021165,5293.7
6143,0.00015217,5294.6
6144,0.00010562,5295.4
6145,0.00017137,5296.2
6146,0.00033459,5297.1
6147,0.00027929,5297.9
6148,0.00029931,5298.7
6149,0.00016831,5299.5
6150,0.00011786,5300.4
6151,0.00007702,5301.2
6152,0.00012337,5302.0
6153,0.00025788,5302.8
6154,0.00027491,5303.7
6155,0.00013354,5304.5
6156,0.00010795,5305.3
6157,0.00016747,5306.1
6158,0.00030948,5307.0
6159,0.00011110,5307.8
6160,0.00015762,5308.6
6161,0.00023346,5309.4
6162,0.00027782,5310.3
6163,0.00032340,5311.1
6164,0.00029903,5311.9
6165,0.00013857,5312.8
6166,0.00015857,5313.6
6167,0.00030712,5314.4
6168,0.00037275,5315.2
6169,0.00017158,5316.1
6170,0.00011799,5317.0
6171,0.00026721,5317.8
6172,0.00028735,5318.7
6173,0.00033194,5319.5
6174,0.00018558,5320.4
6175,0.00030544,5321.2
6176,0.00051093,5322.0
6177,0.00009097,5322.8
6178,0.00011459,5323.7
6179,0.00018554,5324.5
6180,0.00023774,5325.4
6181,0.00014594,5326.2
6182,0.00027069,5327.0
6183,0.00013718,5327.9
6184,0.00048899,5328.8
6185,0.00031745,5329.7
6186,0.00009088,5330.5
6187,0.00030891,5331.3
6188,0.00040868,5332.1
6189,0.00021687,5333.0
6190,0.00014889,5333.8
6191,0.00025647,5334.6
6192,0.00010845,5335.4
6193,0.00032474,5336.3
6194,0.00019100,5337.1
6195,0.00022245,5337.9
6196,0.00011000,5338.7
6197,0.00030573,5339.6
6198,0.00022634,5340.4
6199,0.00031038,5341.2
6200,0.00027737,5342.1
6201,0.00020584,5342.9
6202,0.00013283,5343.7
6203,0.00013966,5344.6
6204,0.00044246,5345.4
6205,0.00029592,5346.2
6206,0.00045281,5347.0
6207,0.00015234,5347.8
6208,0.00008550,5348.7
6209,0.00020322,5349.5
6210,0.00010653,5350.3
6211,0.00018932,5351.1
6212,0.00052996,5352.0
6213,0.00017616,5352.8
6214,0.00022815,5353.6
6215,0.00035140,5354.4
6216,0.00014799,5355.3
6217,0.00009100,5356.1
6218,0.00008258,5356.9
6219,0.00011729,5357.7
6220,0.00019545,5358.6
6221,0.00026854,5359.4
6222,0.00011398,5360.2
6223,0.00019505,5361.1
6224,0.00012427,5361.9
6225,0.00032149,5362.7
6226,0.00025267,5363.5
6227,0.00017143,5364.4
6228,0.00014204,5365.2
6229,0.00031118,5366.0
6230,0.00008464,5366.8
6231,0.00028756,5367.7
6232,0.00018965,5368.5
6233,0.00009649,5369.3
6234,0.00031149,5370.1
6235,0.00034764,5370.9
6236,0.00019343,5371.8
6237,0.00014371,5372.6
6238,0.00054579,5373.4
6239,0.00024384,5374.3
6240,0.00016689,5375.1
6241,0.00020279,5375.9
6242,0.00010577,5376.7
6243,0.00010991,5377.5
6244,0.00016316,5378.4
6245,0.00019227,5379.2
6246,0.00046727,5380.0
6247,0.00010961,5380.8
6248,0.00017588,5381.7
6249,0.00010104,5382.5
6250,0.00018175,5383.3
6251,0.00018725,5384.1
6252,0.00024615,5385.0
6253,0.00026945,5385.8
6254,0.00013698,5386.6
6255,0.00014595,5387.4
6256,0.00013920,5388.2
6257,0.00022381,5389.1
6258,0.00013236,5389.9
6259,0.00015512,5390.7
6260,0.00016204,5391.5
6261,0.00018886,5392.4
6262,0.00036308,5393.3
6263,0.00032799,5394.2
6264,0.00016418,5395.1
6265,0.00013251,5395.9
6266,0.00009203,5396.8
6267,0.00020645,5397.7
6268,0.00069739,5398.6
6269,0.00009789,5399.5
6270,0.00011337,5400.3
6271,0.00012910,5401.2
6272,0.00019489,5402.1
6273,0.00011861,5403.0
6274,0.00016434,5403.9
6275,0.00023458,5404.8
6276,0.00057280,5405.6
6277,0.00024125,5406.5
6278,0.00009876,5407.4
6279,0.00011707,5408.3
6280,0.00029005,5409.2
6281,0.00009684,5410.0
6282,0.00024382,5410.9
6283,0.00022032,5411.8
6284,0.00034845,5412.7
6285,0.00016045,5413.5
6286,0.00008594,5414.4
6287,0.00013799,5415.3
6288,0.00049646,5416.2
6289,0.00022866,5417.0
6290,0.00012548,5417.9
6291,0.00008714,5418.8
6292,0.00012958,5419.7
6293,0.00026275,5420.6
6294,0.00036346,5421.4
6295,0.00016767,5422.4
6296,0.00009113,5423.3
6297,0.00031513,5424.1
6298,0.00020162,5425.0
6299,0.00041448,5425.8
6300,0.00017880,5426.6
6301,0.00008522,5427.5
6302,0.00012031,5428.3
6303,0.00031144,5429.1
6304,0.00016886,5430.0
6305,0.00018531,5430.8
6306,0.00020315,5431.7
6307,0.00013265,5432.5
6308,0.00025089,5433.4
6309,0.00017853,5434.2
6310,0.00011613,5435.0
6311,0.00014112,5435.8
6312,0.00024736,5436.7
6313,0.00018822,5437.5
6314,0.00019338,5438.3
6315,0.00040196,5439.1
6316,0.00014723,5440.0
6317,0.00018098,5440.8
6318,0.00010228,5441.6
6319,0.00040752,5442.5
6320,0.00028994,5443.3
6321,0.00016802,5444.1
6322,0.00016982,5444.9
6323,0.00017427,5445.8
6324,0.00021666,5446.6
6325,0.00013849,5447.4
6326,0.00019075,5448.2
6327,0.00022254,5449.1
6328,0.00018156,5449.9
6329,0.00012296,5450.7
6330,0.00018536,5451.6
6331,0.00018500,5452.4
6332,0.00008429,5453.2
6333,0.00024642,5454.0
6334,0.00029812,5454.9
6335,0.00016994,5455.7
6336,0.00011510,5456.5
6337,0.00013360,5457.4
6338,0.00014057,5458.2
6339,0.00022124,5459.0
6340,0.00021419,5459.8
6341,0.00030649,5460.7
6342,0.00012251,5461.5
6343,0.00029194,5462.3
6344,0.00033425,5463.2
6345,0.00025524,5464.0
6346,0.00016767,5464.8
6347,0.00014526,5465.6
6348,0.00017487,5466.5
6349,0.00020611,5467.3
6350,0.00039403,5468.1
6351,0.00033593,5468.9
6352,0.00014050,5469.8
6353,0.00007827,5470.6
6354,0.00022942,5471.4
6355,0.00017801,5472.2
6356,0.00028088,5473.1
6357,0.00014527,5473.9
6358,0.00020193,5474.7
6359,0.00010024,5475.5
6360,0.00011853,5476.4
6361,0.00050575,5477.2
6362,0.00022037,5478.0
6363,0.00018604,5478.8
6364,0.00021280,5479.7
6365,0.00015910,5480.5
6366,0.00009520,5481.3
6367,0.00027359,5482.1
6368,0.00018994,5483.0
6369,0.00008362,5483.8
6370,0.00019633,5484.7
6371,0.00022101,5485.5
6372,0.00026008,5486.3
6373,0.00025252,5487.2
6374,0.00010024,5488.0
6375,0.00021083,5488.8
6376,0.00022873,5489.6
6377,0.00011877,5490.5
6378,0.00018934,5491.3
6379,0.00028819,5492.1
6380,0.00014566,5493.0
6381,0.00033276,5493.9
6382,0.00015729,5494.8
6383,0.00030454,5495.6
6384,0.00026686,5496.5
6385,0.00036144,5497.4
6386,0.00011872,5498.3
6387,0.00015005,5499.1
6388,0.00010471,5499.9
6389,0.00010999,5500.7
6390,0.00012859,5501.6
6391,0.00011306,5502.4
6392,0.00016765,5503.2
6393,0.00015021,5504.0
6394,0.00042692,5504.9
6395,0.00019226,5505.7
6396,0.00019930,5506.5
6397,0.00011845,5507.3
6398,0.00021679,5508.2
6399,0.00016245,5509.0
6400,0.00018315,5509.8
6401,0.00022790,5510.7
6402,0.00014548,5511.5
6403,0.00032409,5512.3
6404,0.00010644,5513.2
6405,0.00020384,5514.0
6406,0.00029028,5514.8
6407,0.00015996,5515.7
6408,0.00019479,5516.5
6409,0.00053493,5517.3
6410,0.00013373,5518.1
6411,0.00007887,5519.0
6412,0.00016490,5519.8
6413,0.00054162,5520.6
6414,0.00022998,5521.4
6415,0.00024523,5522.3
6416,0.00010704,5523.1
6417,0.00011528,5523.9
6418,0.00011467,5524.7
6419,0.00008635,5525.6
6420,0.00012594,5526.4
6421,0.00020872,5527.2
6422,0.00028535,5528.1
6423,0.00009520,5528.9
6424,0.00051807,5529.7
6425,0.00041468,5530.5
6426,0.00007889,5531.4
6427,0.00018959,5532.2
6428,0.00014677,5533.0
6429,0.00009074,5533.9
6430,0.00024151,5534.7
6431,0.00037804,5535.5
6432,0.00019658,5536.3
6433,0.00014525,5537.2
6434,0.00007325,5538.0
6435,0.00021414,5538.9
6436,0.00028072,5539.8
6437,0.00016448,5540.6
6438,0.00016008,5541.6
6439,0.00012186,5542.4
6440,0.00023370,5543.3
6441,0.00027122,5544.2
6442,0.00010183,5545.1
6443,0.00008018,5546.0
6444,0.00013212,5546.9
6445,0.00020793,5547.7
6446,0.00031969,5548.6
6447,0.00012974,5549.5
6448,0.00065851,5550.4
6449,0.00015567,5551.3
6450,0.00007486,5552.2
6451,0.00011530,5553.0
6452,0.00007362,5553.9
6453,0.00007142,5554.8
6454,0.00021884,5555.7
6455,0.00034327,5556.5
6456,0.00013993,5557.4
6457,0.00018867,5558.3
6458,0.00028440,5559.2
6459,0.00007845,5560.1
6460,0.00008277,5561.0
6461,0.00040571,5561.8
6462,0.00042341,5562.7
6463,0.00014716,5563.6
6464,0.00009476,5564.5
6465,0.00010388,5565.4
6466,0.00029130,5566.2
6467,0.00047016,5567.1
6468,0.00014501,5568.0
6469,0.00030493,5568.9
6470,0.00011993,5569.7
6471,0.00033535,5570.6
6472,0.00023964,5571.5
6473,0.00016678,5572.4
6474,0.00010578,5573.3
6475,0.00017496,5574.1
6476,0.00033671,5575.0
6477,0.00035852,5575.9
6478,0.00019581,5576.8
6479,0.00021776,5577.7
6480,0.00023432,5578.5
6481,0.00016190,5579.4
6482,0.00015011,5580.3
6483,0.00050544,5581.2
6484,0.00008048,5582.1
6485,0.00014963,5583.0
6486,0.00009918,5583.9
6487,0.00011182,5584.7
6488,0.00028723,5585.6
6489,0.00021127,5586.5
6490,0.00012362,5587.4
6491,0.00033226,5588.3
6492,0.00026128,5589.2
6493,0.00023566,5590.1
6494,0.00027952,5590.9
6495,0.00015319,5591.8
6496,0.00012459,5592.7
6497,0.00039249,5593.6
6498,0.00015228,5594.5
6499,0.00008223,5595.3
6500,0.00009486,5596.2
6501,0.00021702,5597.1
6502,0.00017497,5598.0
6503,0.00011633,5598.8
6504,0.00044064,5599.7
6505,0.00016441,5600.6
6506,0.00023341,5601.5
6507,0.00010320,5602.4
6508,0.00035784,5603.2
6509,0.00011564,5604.1
6510,0.00011917,5605.1
6511,0.00042834,5605.9
6512,0.00014916,5606.8
6513,0.00015978,5607.7
6514,0.00009687,5608.6
6515,0.00014048,5609.5
6516,0.00014514,5610.3
6517,0.00020470,5611.2
6518,0.00030244,5612.1
6519,0.00021982,5613.0
6520,0.00023531,5613.9
6521,0.00008649,5614.8
6522,0.00008653,5615.7
6523,0.00040080,5616.5
6524,0.00023536,5617.4
6525,0.00030851,5618.3
6526,0.00013372,5619.2
6527,0.00011468,5620.1
6528,0.00012304,5621.0
6529,0.00030335,5621.8
6530,0.00033857,5622.7
6531,0.00016686,5623.6
6532,0.00011457,5624.5
6533,0.00013876,5625.4
6534,0.00032654,5626.3
6535,0.00020503,5627.2
6536,0.00023684,5628.1
6537,0.00020939,5628.9
6538,0.00016723,5629.8
6539,0.00008258,5630.7
6540,0.00029217,5631.6
6541,0.00021160,5632.5
6542,0.00036521,5633.3
6543,0.00012865,5634.2
6544,0.00021235,5635.1
6545,0.00034059,5636.0
6546,0.00011024,5636.9
6547,0.00010656,5637.7
6548,0.00011011,5638.6
6549,0.00009246,5639.5
6550,0.00016136,5640.4
6551,0.00050571,5641.3
6552,0.00018553,5642.1
6553,0.00020076,5643.0
6554,0.00014148,5643.9
6555,0.00009509,5644.8
6556,0.00014999,5645.7
6557,0.00009322,5646.5
6558,0.00015475,5647.4
6559,0.00051281,5648.3
6560,0.00017507,5649.2
6561,0.00014970,5650.1
6562,0.00008548,5651.0
6563,0.00039266,5651.8
6564,0.00018300,5652.7
6565,0.00017125,5653.6
6566,0.00016820,5654.5
6567,0.00033355,5655.3
6568,0.00013219,5656.2
6569,0.00010829,5657.1
6570,0.00019751,5658.0
6571,0.00012441,5658.9
6572,0.00039941,5659.8
6573,0.00036281,5660.7
6574,0.00008340,5661.5
6575,0.00012278,5662.4
6576,0.00013627,5663.3
6577,0.00014049,5664.2
6578,0.00021544,5665.1
6579,0.00012405,5666.0
6580,0.00038054,5666.8
6581,0.00018407,5667.7
6582,0.00050471,5668.6
6583,0.00007952,5669.5
6584,0.00010104,5670.4
6585,0.00010600,5671.2
6586,0.00022143,5672.1
6587,0.00044834,5673.0
6588,0.00030665,5673.9
6589,0.00008766,5674.7
6590,0.00014745,5675.5
6591,0.00019827,5676.4
6592,0.00023530,5677.2
6593,0.00013167,5678.0
6594,0.00034651,5678.8
6595,0.00022485,5679.7
6596,0.00018556,5680.5
6597,0.00020602,5681.3
6598,0.00012655,5682.1
6599,0.00029658,5683.0
6600,0.00016817,5683.8
6601,0.00025451,5684.6
6602,0.00022557,5685.5
6603,0.00008191,5686.3
6604,0.00013857,5687.1
6605,0.00007847,5688.0
6606,0.00020306,5688.8
6607,0.00033090,5689.6
6608,0.00028979,5690.4
6609,0.00008954,5691.3
6610,0.00012979,5692.1
6611,0.00012627,5692.9
6612,0.00012471,5693.7
6613,0.00017644,5694.6
6614,0.00017090,5695.4
6615,0.00009603,5696.3
6616,0.00026649,5697.1
6617,0.00049268,5698.0
6618,0.00018761,5698.9
6619,0.00016515,5699.8
6620,0.00007650,5700.7
6621,0.00014497,5701.5
6622,0.00017304,5702.5
6623,0.00012620,5703.3
6624,0.00018970,5704.2
6625,0.00037193,5705.1
6626,0.00026791,5706.0
6627,0.00013672,5706.8
6628,0.00013379,5707.7
6629,0.00019323,5708.6
6630,0.00010915,5709.5
6631,0.00019003,5710.4
6632,0.00015550,5711.3
6633,0.00031410,5712.1
6634,0.00021024,5713.0
6635,0.00010692,5713.9
6636,0.00013646,5714.8
6637,0.00020353,5715.7
6638,0.00012309,5716.5
6639,0.00024485,5717.3
6640,0.00036628,5718.2
6641,0.00032805,5719.0
6642,0.00009041,5719.8
6643,0.00006752,5720.6
6644,0.00038235,5721.5
6645,0.00008315,5722.3
6646,0.00014605,5723.1
6647,0.00039466,5724.0
6648,0.00011221,5724.8
6649,0.00014057,5725.6
6650,0.00017464,5726.4
6651,0.00028175,5727.3
6652,0.00020898,5728.1
6653,0.00011401,5728.9
6654,0.00010393,5729.7
6655,0.00052153,5730.6
6656,0.00008488,5731.4
6657,0.00017257,5732.2
6658,0.00011004,5733.1
6659,0.00061113,5733.9
6660,0.00012895,5734.7
6661,0.00007321,5735.5
6662,0.00018340,5736.3
6663,0.00012851,5737.2
6664,0.00024683,5738.0
6665,0.00027404,5738.8
6666,0.00020928,5739.6
6667,0.00041536,5740.5
6668,0.00022802,5741.3
6669,0.00013073,5742.1
6670,0.00007041,5742.9
6671,0.00014811,5743.8
6672,0.00030831,5744.6
6673,0.00025019,5745.4
6674,0.00009608,5746.2
6675,0.00021301,5747.1
6676,0.00011129,5747.9
6677,0.00013121,5748.7
6678,0.00016561,5749.5
6679,0.00028753,5750.3
6680,0.00043128,5751.2
6681,0.00013647,5752.0
6682,0.00010933,5752.8
6683,0.00025313,5753.6
6684,0.00014936,5754.5
6685,0.00012027,5755.3
6686,0.00010104,5756.1
6687,0.00011692,5756.9
6688,0.00014847,5757.8
6689,0.00022013,5758.6
6690,0.00007154,5759.4
6691,0.00007618,5760.2
6692,0.00011270,5761.0
6693,0.00019095,5761.9
6694,0.00038799,5762.7
6695,0.00037152,5763.5
6696,0.00016697,5764.3
6697,0.00008266,5765.2
6698,0.00011909,5766.0
6699,0.00029130,5766.8
6700,0.00011583,5767.6
6701,0.00017914,5768.5
6702,0.00022188,5769.3
6703,0.00008439,5770.2
6704,0.00014853,5771.1
6705,0.00021310,5771.9
6706,0.00035683,5772.7
6707,0.00014668,5773.5
6708,0.00022416,5774.4
6709,0.00024790,5775.2
6710,0.00032245,5776.0
6711,0.00013026,5776.8
6712,0.00014743,5777.6
6713,0.00007142,5778.5
6714,0.00019238,5779.3
6715,0.00020741,5780.2
6716,0.00018663,5781.0
6717,0.00016874,5781.9
6718,0.00019887,5782.8
6719,0.00016090,5783.7
6720,0.00019452,5784.5
6721,0.00025232,5785.4
6722,0.00030652,5786.3
6723,0.00013997,5787.2
6724,0.00014297,5788.1
6725,0.00034343,5789.0
6726,0.00024326,5789.9
6727,0.00008196,5790.7
6728,0.00018922,5791.6
6729,0.00021097,5792.5
6730,0.00014868,5793.4
6731,0.00028277,5794.2
6732,0.00014357,5795.1
6733,0.00016732,5796.0
6734,0.00006787,5796.9
6735,0.00026936,5797.7
6736,0.00014432,5798.6
6737,0.00007777,5799.5
6738,0.00034693,5800.4
6739,0.00052444,5801.2
6740,0.00012953,5802.1
6741,0.00006697,5803.0
6742,0.00016396,5803.9
6743,0.00015573,5804.7
6744,0.00014450,5805.6
6745,0.00037269,5806.5
6746,0.00017204,5807.4
6747,0.00011712,5808.3
6748,0.00012995,5809.1
6749,0.00037212,5810.0
6750,0.00010367,5810.9
6751,0.00008464,5811.8
6752,0.00021578,5812.7
6753,0.00008233,5813.5
6754,0.00021803,5814.4
6755,0.00036891,5815.3
6756,0.00007196,5816.2
6757,0.00011035,5817.1
6758,0.00030928,5817.9
6759,0.00012185,5818.8
6760,0.00010566,5819.7
6761,0.00023916,5820.6
6762,0.00036757,5821.5
6763,0.00048001,5822.3
6764,0.00008614,5823.2
6765,0.00016452,5824.1
6766,0.00042009,5825.0
6767,0.00047304,5825.8
6768,0.00016677,5826.7
6769,0.00006827,5827.6
6770,0.00018727,5828.5
6771,0.00011603,5829.4
6772,0.00037750,5830.3
6773,0.00040001,5831.2
6774,0.00008045,5832.1
6775,0.00012503,5832.9
6776,0.00016890,5833.8
6777,0.00025631,5834.7
6778,0.00021208,5835.6
6779,0.00016426,5836.5
6780,0.00023872,5837.4
6781,0.00008843,5838.3
6782,0.00013959,5839.2
6783,0.00018066,5840.1
6784,0.00023753,5840.9
6785,0.00010833,5841.8
6786,0.00031481,5842.7
6787,0.00020395,5843.5
6788,0.00009510,5844.4
6789,0.00017073,5845.3
6790,0.00026981,5846.2
6791,0.00023060,5847.0
6792,0.00013435,5847.9
6793,0.00011010,5848.8
6794,0.00025270,5849.7
6795,0.00015540,5850.6
6796,0.00015210,5851.4
6797,0.00022702,5852.3
6798,0.00010900,5853.2
6799,0.00013422,5854.1
6800,0.00054426,5854.9
6801,0.00025196,5855.9
6802,0.00022476,5856.8
6803,0.00010273,5857.7
6804,0.00015358,5858.5
6805,0.00010255,5859.4
6806,0.00021465,5860.3
6807,0.00019360,5861.2
6808,0.00010187,5862.1
6809,0.00037290,5863.0
6810,0.00026589,5863.9
6811,0.00019629,5864.8
6812,0.00008836,5865.7
6813,0.00006874,5866.6
6814,0.00010789,5867.4
6815,0.00052443,5868.3
6816,0.00013211,5869.2
6817,0.00023674,5870.1
6818,0.00007659,5871.0
6819,0.00011373,5871.8
6820,0.00020336,5872.7
6821,0.00044840,5873.6
6822,0.00013409,5874.5
6823,0.00021138,5875.3
6824,0.00007968,5876.3
6825,0.00007547,5877.1
6826,0.00015845,5878.0
6827,0.00030555,5878.9
6828,0.00046091,5879.8
6829,0.00012948,5880.6
6830,0.00019846,5881.5
6831,0.00019399,5882.4
6832,0.00011473,5883.3
6833,0.00018359,5884.2
6834,0.00008380,5885.0
6835,0.00017315,5885.9
6836,0.00009166,5886.8
6837,0.00015825,5887.7
6838,0.00038045,5888.5
6839,0.00028604,5889.4
6840,0.00010424,5890.3
6841,0.00017215,5891.2
6842,0.00021637,5892.0
6843,0.00023034,5892.9
6844,0.00008050,5893.8
6845,0.00006983,5894.7
6846,0.00032478,5895.6
6847,0.00007565,5896.4
6848,0.00013203,5897.3
6849,0.00020017,5898.2
6850,0.00026666,5899.1
6851,0.00015111,5899.9
6852,0.00007856,5900.8
6853,0.00012582,5901.7
6854,0.00023541,5902.6
6855,0.00009645,5903.5
6856,0.00026530,5904.3
6857,0.00014704,5905.2
6858,0.00026769,5906.1
6859,0.00022417,5907.0
6860,0.00020262,5907.9
6861,0.00006603,5908.7
6862,0.00015445,5909.6
6863,0.00024539,5910.5
6864,0.00047791,5911.4
6865,0.00020910,5912.3
6866,0.00014889,5913.1
6867,0.00008810,5914.0
6868,0.00014796,5914.9
6869,0.00017431,5915.8
6870,0.00036013,5916.7
6871,0.00007434,5917.5
6872,0.00012743,5918.4
6873,0.00033378,5919.3
6874,0.00018975,5920.2
6875,0.00030181,5921.1
6876,0.00009041,5921.9
6877,0.00012181,5922.8
6878,0.00018834,5923.7
6879,0.00013214,5924.6
6880,0.00016074,5925.5
6881,0.00027042,5926.4
6882,0.00010374,5927.2
6883,0.00017926,5928.1
6884,0.00024738,5929.0
6885,0.00023352,5929.9
6886,0.00022375,5930.8
6887,0.00024095,5931.7
6888,0.00032347,5932.6
6889,0.00054993,5933.5
6890,0.00008441,5934.3
6891,0.00006647,5935.2
6892,0.00009724,5936.1
6893,0.00012332,5937.0
6894,0.00013502,5937.9
6895,0.00013170,5938.8
6896,0.00017567,5939.7
6897,0.00027062,5940.6
6898,0.00026878,5941.5
6899,0.00009264,5942.3
6900,0.00006504,5943.3
6901,0.00011898,5944.1
6902,0.00016929,5945.0
6903,0.00021792,5945.9
6904,0.00014938,5946.8
6905,0.00030871,5947.6
6906,0.00018828,5948.5
6907,0.00006854,5949.4
6908,0.00006584,5950.3
6909,0.00027683,5951.2
6910,0.00017386,5952.0
6911,0.00049131,5952.9
6912,0.00010790,5953.8
6913,0.00034219,5954.7
6914,0.00009878,5955.6
6915,0.00007920,5956.4
6916,0.00006465,5957.3
6917,0.00018587,5958.2
6918,0.00038529,5959.1
6919,0.00015764,5959.9
6920,0.00010687,5960.8
6921,0.00014336,5961.7
6922,0.00015756,5962.6
6923,0.00034375,5963.5
6924,0.00020594,5964.4
6925,0.00028618,5965.3
6926,0.00016291,5966.2
6927,0.00007261,5967.0
6928,0.00007168,5967.9
6929,0.00006451,5968.8
6930,0.00029760,5969.7
6931,0.00013009,5970.6
6932,0.00018200,5971.4
6933,0.00022556,5972.4
6934,0.00025608,5973.2
6935,0.00012339,5974.1
6936,0.00048150,5975.0
6937,0.00018477,5975.9
6938,0.00018961,5976.7
6939,0.00023984,5977.6
6940,0.00006981,5978.4
6941,0.00008191,5979.2
6942,0.00008431,5980.1
6943,0.00012270,5980.9
6944,0.00012753,5981.7
6945,0.00013027,5982.5
6946,0.00022201,5983.4
6947,0.00020004,5984.2
6948,0.00012654,5985.0
6949,0.00020590,5985.8
6950,0.00012373,5986.7
6951,0.00035059,5987.5
6952,0.00008382,5988.3
6953,0.00009856,5989.1
6954,0.00031361,5990.0
6955,0.00017507,5990.8
6956,0.00023228,5991.6
6957,0.00018567,5992.4
6958,0.00024208,5993.2
6959,0.00015250,5994.1
6960,0.00008179,5994.9
6961,0.00009671,5995.7
6962,0.00015394,5996.5
6963,0.00013797,5997.4
6964,0.00040960,5998.2
6965,0.00008786,5999.0
6966,0.00007643,5999.8
6967,0.00012704,6000.7
6968,0.00033562,6001.5
6969,0.00013306,6002.3
6970,0.00024403,6003.1
6971,0.00022174,6004.0
6972,0.00016611,6004.8
6973,0.00032572,6005.6
6974,0.00015169,6006.4
6975,0.00020656,6007.3
6976,0.00019274,6008.1
6977,0.00020738,6008.9
6978,0.00009019,6009.7
6979,0.00019425,6010.6
6980,0.00009237,6011.4
6981,0.00018042,6012.2
6982,0.00014561,6013.0
6983,0.00054891,6013.9
6984,0.00008257,6014.7
6985,0.00015413,6015.5
6986,0.00011391,6016.3
6987,0.00011989,6017.1
6988,0.00023684,6018.0
6989,0.00024854,6018.8
6990,0.00007229,6019.6
6991,0.00012043,6020.4
6992,0.00007296,6021.3
6993,0.00037709,6022.1
6994,0.00028012,6022.9
6995,0.00007110,6023.7
6996,0.00013243,6024.5
6997,0.00021210,6025.4
6998,0.00012387,6026.2
6999,0.00025919,6027.0
7000,0.00023572,6027.8
7001,0.00006530,6028.7
7002,0.00006137,6029.6
7003,0.00010946,6030.4
7004,0.00060824,6031.2
7005,0.00033159,6032.0
7006,0.00008990,6032.9
7007,0.00016835,6033.7
7008,0.00019786,6034.5
7009,0.00017778,6035.3
7010,0.00011732,6036.2
7011,0.00031789,6037.0
7012,0.00008338,6037.9
7013,0.00012509,6038.7
7014,0.00008739,6039.5
7015,0.00024877,6040.4
7016,0.00011469,6041.2
7017,0.00012938,6042.0
7018,0.00009856,6042.9
7019,0.00053229,6043.8
7020,0.00019663,6044.7
7021,0.00011370,6045.5
7022,0.00018045,6046.4
7023,0.00020438,6047.3
7024,0.00024241,6048.2
7025,0.00009056,6049.1
7026,0.00007000,6050.0
7027,0.00010502,6050.9
7028,0.00012692,6051.7
7029,0.00025345,6052.6
7030,0.00012285,6053.5
7031,0.00035665,6054.4
7032,0.00037800,6055.3
7033,0.00007165,6056.2
7034,0.00007044,6057.0
7035,0.00028616,6057.9
7036,0.00034796,6058.8
7037,0.00014438,6059.7
7038,0.00060471,6060.5
7039,0.00015835,6061.3
7040,0.00006678,6062.2
7041,0.00013249,6063.0
7042,0.00008120,6063.8
7043,0.00009237,6064.6
7044,0.00017739,6065.4
7045,0.00025353,6066.3
7046,0.00009372,6067.1
7047,0.00016517,6067.9
7048,0.00026953,6068.8
7049,0.00010924,6069.7
7050,0.00039137,6070.5
7051,0.00043093,6071.4
7052,0.00008568,6072.3
7053,0.00012878,6073.2
7054,0.00031438,6074.0
7055,0.00016867,6074.9
7056,0.00006254,6075.8
7057,0.00017863,6076.7
7058,0.00011066,6077.5
7059,0.00041268,6078.4
7060,0.00016657,6079.3
7061,0.00023282,6080.2
7062,0.00014739,6081.0
7063,0.00019157,6081.9
7064,0.00013074,6082.8
7065,0.00009910,6083.7
7066,0.00008844,6084.5
7067,0.00007761,6085.4
7068,0.00006167,6086.3
7069,0.00025392,6087.2
7070,0.00025767,6088.0
7071,0.00042548,6088.9
7072,0.00007473,6089.8
7073,0.00008248,6090.7
7074,0.00007217,6091.5
7075,0.00035275,6092.4
7076,0.00015086,6093.3
7077,0.00007140,6094.2
7078,0.00010546,6095.1
7079,0.00015826,6095.9
7080,0.00009522,6096.8
7081,0.00019715,6097.7
7082,0.00029473,6098.6
7083,0.00041515,6099.5
7084,0.00007415,6100.3
7085,0.00012236,6101.2
7086,0.00027046,6102.1
7087,0.00028131,6103.0
7088,0.00016789,6103.8
7089,0.00042499,6104.6
7090,0.00019163,6105.5
7091,0.00011498,6106.3
7092,0.00012983,6107.1
7093,0.00016195,6107.9
7094,0.00036342,6108.7
7095,0.00010701,6109.6
7096,0.00006908,6110.4
7097,0.00012715,6111.2
7098,0.00033772,6112.0
7099,0.00020764,6112.9
7100,0.00011366,6113.7
7101,0.00011813,6114.6
7102,0.00006250,6115.5
7103,0.00018981,6116.3
7104,0.00022356,6117.2
7105,0.00009129,6118.1
7106,0.00006942,6119.0
7107,0.00046710,6119.8
7108,0.00032668,6120.7
7109,0.00020054,6121.6
7110,0.00007203,6122.5
7111,0.00014524,6123.3
7112,0.00029681,6124.3
7113,0.00019927,6125.1
7114,0.00009373,6126.0
7115,0.00021051,6126.9
7116,0.00009140,6127.8
7117,0.00008740,6128.7
7118,0.00017757,6129.5
7119,0.00023783,6130.4
7120,0.00013678,6131.3
7121,0.00017735,6132.2
7122,0.00010530,6133.0
7123,0.00014639,6133.9
7124,0.00011251,6134.8
7125,0.00023814,6135.7
7126,0.00032733,6136.6
7127,0.00019634,6137.4
7128,0.00014805,6138.3
7129,0.00010921,6139.2
7130,0.00020545,6140.1
7131,0.00008475,6141.0
7132,0.00021713,6141.8
7133,0.00031390,6142.7
7134,0.00012137,6143.6
7135,0.00015400,6144.5
7136,0.00017357,6145.3
7137,0.00006619,6146.2
7138,0.00023620,6147.1
7139,0.00010345,6147.9
7140,0.00008874,6148.7
7141,0.00012760,6149.6
7142,0.00007853,6150.4
7143,0.00010527,6151.2
7144,0.00010032,6152.0
7145,0.00034506,6152.9
7146,0.00026067,6153.7
7147,0.00006775,6154.5
7148,0.00020035,6155.4
7149,0.00024892,6156.2
7150,0.00022753,6157.0
7151,0.00014782,6157.8
7152,0.00018384,6158.7
7153,0.00012137,6159.5
7154,0.00008588,6160.3
7155,0.00019358,6161.1
7156,0.00026193,6162.0
7157,0.00012290,6162.8
7158,0.00030857,6163.6
7159,0.00009404,6164.4
7160,0.00006973,6165.3
7161,0.00010448,6166.1
7162,0.00025566,6166.9
7163,0.00008233,6167.7
7164,0.00016595,6168.6
7165,0.00029235,6169.4
7166,0.00030933,6170.2
7167,0.00009155,6171.0
7168,0.00018709,6171.9
7169,0.00009727,6172.7
7170,0.00027079,6173.5
7171,0.00008549,6174.3
7172,0.00022686,6175.2
7173,0.00022705,6176.0
7174,0.00012142,6176.8
7175,0.00011472,6177.6
7176,0.00021768,6178.5
7177,0.00010577,6179.3
7178,0.00007566,6180.1
7179,0.00011756,6180.9
7180,0.00013419,6181.7
7181,0.00010605,6182.6
7182,0.00032594,6183.4
7183,0.00016528,6184.2
7184,0.00039760,6185.0
7185,0.00025085,6185.9
7186,0.00020859,6186.7
7187,0.00036212,6187.5
7188,0.00005906,6188.3
7189,0.00006076,6189.2
7190,0.00022496,6190.0
7191,0.00017682,6190.8
7192,0.00011842,6191.6
7193,0.00032133,6192.4
7194,0.00032377,6193.3
7195,0.00010435,6194.1
7196,0.00027470,6194.9
7197,0.00010456,6195.8
7198,0.00006908,6196.6
7199,0.00008964,6197.4
7200,0.00023987,6198.2
7201,0.00017309,6199.1
7202,0.00011248,6199.9
7203,0.00016213,6200.7
7204,0.00016101,6201.5
7205,0.00013019,6202.4
7206,0.00010543,6203.2
7207,0.00009777,6204.0
7208,0.00030366,6204.8
7209,0.00016335,6205.7
7210,0.00012997,6206.5
7211,0.00048629,6207.3
7212,0.00018454,6208.1
7213,0.00017887,6209.0
7214,0.00017829,6209.8
7215,0.00010381,6210.6
7216,0.00010871,6211.4
7217,0.00033788,6212.3
7218,0.00020519,6213.1
7219,0.00016062,6213.9
7220,0.00009711,6214.7
7221,0.00006651,6215.6
7222,0.00010530,6216.4
7223,0.00028448,6217.2
7224,0.00010862,6218.1
7225,0.00013196,6218.9
7226,0.00006775,6219.7
7227,0.00021813,6220.5
7228,0.00009869,6221.3
7229,0.00034221,6222.2
7230,0.00058251,6223.0
7231,0.00011396,6223.8
7232,0.00011625,6224.7
7233,0.00013195,6225.5
7234,0.00018588,6226.3
7235,0.00011408,6227.1
7236,0.00013609,6228.0
7237,0.00009764,6228.8
7238,0.00009572,6229.7
7239,0.00024426,6230.5
7240,0.00018290,6231.4
7241,0.00018873,6232.2
7242,0.00036501,6233.0
7243,0.00008071,6233.8
7244,0.00006969,6234.7
7245,0.00012981,6235.5
7246,0.00024601,6236.3
7247,0.00016982,6237.1
7248,0.00008837,6238.0
7249,0.00021201,6238.8
7250,0.00019203,6239.6
7251,0.00018013,6240.4
7252,0.00020293,6241.3
7253,0.00013696,6242.1
7254,0.00013333,6242.9
7255,0.00017026,6243.7
7256,0.00032808,6244.6
7257,0.00025987,6245.4
7258,0.00010423,6246.3
7259,0.00008059,6247.2
7260,0.00013575,6248.1
7261,0.00014863,6249.0
7262,0.00022638,6249.8
7263,0.00017813,6250.7
7264,0.00012509,6251.6
7265,0.00026900,6252.5
7266,0.00006799,6253.3
7267,0.00009348,6254.2
7268,0.00018513,6255.1
7269,0.00014131,6256.0
7270,0.00019569,6256.9
7271,0.00024317,6257.8
7272,0.00009709,6258.7
7273,0.00025998,6259.5
7274,0.00007986,6260.4
7275,0.00007959,6261.3
7276,0.00052418,6262.2
7277,0.00008064,6263.0
7278,0.00018289,6263.9
7279,0.00012109,6264.8
7280,0.00008562,6265.6
7281,0.00017585,6266.5
7282,0.00062687,6267.3
7283,0.00015560,6268.1
7284,0.00008155,6268.9
7285,0.00006592,6269.8
7286,0.00006560,6270.6
7287,0.00011415,6271.4
7288,0.00028657,6272.2
7289,0.00017392,6273.1
7290,0.00020765,6273.9
7291,0.00007305,6274.7
7292,0.00010999,6275.6
7293,0.00015360,6276.4
7294,0.00022950,6277.2
7295,0.00015485,6278.1
7296,0.00006149,6278.9
7297,0.00035737,6279.7
7298,0.00009371,6280.7
7299,0.00007047,6281.5
7300,0.00009600,6282.4
7301,0.00028042,6283.3
7302,0.00014592,6284.2
7303,0.00014963,6285.1
7304,0.00016455,6285.9
7305,0.00007296,6286.8
7306,0.00009940,6287.7
7307,0.00028752,6288.6
7308,0.00028058,6289.5
7309,0.00019056,6290.4
7310,0.00009595,6291.2
7311,0.00006963,6292.1
7312,0.00011325,6293.0
7313,0.00023817,6293.9
7314,0.00017297,6294.8
7315,0.00026302,6295.7
7316,0.00010914,6296.6
7317,0.00014091,6297.4
7318,0.00036839,6298.3
7319,0.00008208,6299.2
7320,0.00033954,6300.1
7321,0.00011407,6300.9
7322,0.00014733,6301.8
7323,0.00005821,6302.7
7324,0.00009689,6303.6
7325,0.00029016,6304.5
7326,0.00020043,6305.4
7327,0.00013858,6306.3
7328,0.00016163,6307.1
7329,0.00019648,6308.0
7330,0.00007438,6308.9
7331,0.00007031,6309.8
7332,0.00010746,6310.7
7333,0.00027835,6311.5
7334,0.00053712,6312.4
7335,0.00013873,6313.3
7336,0.00010932,6314.2
7337,0.00014689,6315.0
7338,0.00007311,6315.9
7339,0.00010415,6316.8
7340,0.00029398,6317.7
7341,0.00040248,6318.6
7342,0.00022861,6319.5
7343,0.00008337,6320.3
7344,0.00013417,6321.2
7345,0.00022667,6322.1
7346,0.00007384,6323.0
7347,0.00009833,6323.8
7348,0.00062317,6324.7
7349,0.00011174,6325.6
7350,0.00009116,6326.5
7351,0.00011061,6327.4
7352,0.00013869,6328.3
7353,0.00010759,6329.2
7354,0.00007641,6330.0
7355,0.00038614,6330.9
7356,0.00008738,6331.8
7357,0.00029899,6332.7
7358,0.00008564,6333.6
7359,0.00009996,6334.5
7360,0.00018048,6335.3
7361,0.00035408,6336.2
7362,0.00024398,6337.1
7363,0.00007370,6337.9
7364,0.00007925,6338.8
7365,0.00008242,6339.7
7366,0.00015877,6340.6
7367,0.00020127,6341.5
7368,0.00010983,6342.3
7369,0.00008104,6343.2
7370,0.00008072,6344.1
7371,0.00022842,6345.0
7372,0.00032507,6345.8
7373,0.00012267,6346.7
7374,0.00008687,6347.6
7375,0.00020277,6348.4
7376,0.00029678,6349.2
7377,0.00015958,6350.0
7378,0.00009094,6350.9
7379,0.00005581,6351.7
7380,0.00010087,6352.5
7381,0.00022313,6353.3
7382,0.00032066,6354.2
7383,0.00016310,6355.0
7384,0.00015010,6355.9
7385,0.00015686,6356.7
7386,0.00009149,6357.5
7387,0.00032853,6358.3
7388,0.00006632,6359.2
7389,0.00006814,6360.0
7390,0.00010579,6360.8
7391,0.00012554,6361.6
7392,0.00008529,6362.5
7393,0.00011946,6363.3
7394,0.00017936,6364.1
7395,0.00021316,6365.0
7396,0.00051820,6365.8
7397,0.00024421,6366.6
7398,0.00017605,6367.4
7399,0.00008155,6368.3
7400,0.00006567,6369.1
7401,0.00017719,6369.9
7402,0.00011843,6370.8
7403,0.00010045,6371.6
7404,0.00013159,6372.4
7405,0.00015129,6373.2
7406,0.00010291,6374.0
7407,0.00047895,6374.9
7408,0.00016921,6375.7
7409,0.00026354,6376.5
7410,0.00007448,6377.3
7411,0.00018370,6378.2
7412,0.00006536,6379.0
7413,0.00060025,6379.8
7414,0.00012836,6380.6
7415,0.00014395,6381.5
7416,0.00018195,6382.4
7417,0.00013806,6383.3
7418,0.00005547,6384.2
7419,0.00005642,6385.0
7420,0.00013910,6385.9
7421,0.00010189,6386.8
7422,0.00046019,6387.7
7423,0.00023315,6388.5
7424,0.00010546,6389.4
7425,0.00007320,6390.3
7426,0.00011267,6391.2
7427,0.00018941,6392.1
7428,0.00031679,6393.0
7429,0.00021206,6393.8
7430,0.00034100,6394.7
7431,0.00037546,6395.6
7432,0.00006229,6396.5
7433,0.00005531,6397.3
7434,0.00006008,6398.1
7435,0.00014127,6399.0
7436,0.00014847,6399.8
7437,0.00013848,6400.6
7438,0.00017886,6401.4
7439,0.00011971,6402.3
7440,0.00007196,6403.1
7441,0.00032311,6403.9
7442,0.00015159,6404.8
7443,0.00020911,6405.6
7444,0.00007528,6406.4
7445,0.00009319,6407.2
7446,0.00011067,6408.0
7447,0.00017054,6408.9
7448,0.00033529,6409.7
7449,0.00006685,6410.5
7450,0.00008953,6411.3
7451,0.00017253,6412.2
7452,0.00014669,6413.0
7453,0.00020395,6413.8
7454,0.00020593,6414.6
7455,0.00017076,6415.4
7456,0.00008743,6416.3
7457,0.00013923,6417.1
7458,0.00010640,6417.9
7459,0.00029699,6418.8
7460,0.00010050,6419.6
7461,0.00006563,6420.4
7462,0.00015520,6421.2
7463,0.00024258,6422.1
7464,0.00007622,6422.9
7465,0.00032517,6423.7
7466,0.00008063,6424.5
7467,0.00017643,6425.4
7468,0.00022310,6426.2
7469,0.00006994,6427.0
7470,0.00015330,6427.8
7471,0.00012574,6428.7
7472,0.00036005,6429.5
7473,0.00009524,6430.3
7474,0.00014780,6431.2
7475,0.00010138,6432.0
7476,0.00011307,6432.8
7477,0.00019780,6433.6
7478,0.00031546,6434.4
7479,0.00010584,6435.3
7480,0.00023602,6436.1
7481,0.00010571,6436.9
7482,0.00015336,6437.7
7483,0.00010180,6438.6
7484,0.00007012,6439.4
7485,0.00027422,6440.2
7486,0.00037231,6441.0
7487,0.00009529,6441.9
7488,0.00006396,6442.7
7489,0.00010114,6443.5
7490,0.00005577,6444.4
7491,0.00019360,6445.2
7492,0.00036162,6446.0
7493,0.00007744,6446.8
7494,0.00007305,6447.7
7495,0.00015001,6448.5
7496,0.00022472,6449.3
7497,0.00022845,6450.1
7498,0.00048811,6451.0
7499,0.00006961,6451.8
7500,0.00009236,6452.6
7501,0.00030110,6453.5
7502,0.00014872,6454.3
7503,0.00007072,6455.2
7504,0.00008166,6456.0
7505,0.00025549,6456.9
7506,0.00020938,6457.8
7507,0.00007433,6458.6
7508,0.00022464,6459.5
7509,0.00022197,6460.4
7510,0.00023844,6461.3
7511,0.00028420,6462.2
7512,0.00008687,6463.1
7513,0.00005964,6463.9
7514,0.00006403,6464.8
7515,0.00024762,6465.7
7516,0.00017422,6466.6
7517,0.00025301,6467.4
7518,0.00007963,6468.3
7519,0.00014619,6469.2
7520,0.00017150,6470.1
7521,0.00012078,6471.0
7522,0.00056824,6471.8
7523,0.00019737,6472.7
7524,0.00012579,6473.6
7525,0.00013475,6474.5
7526,0.00010669,6475.4
7527,0.00011510,6476.2
7528,0.00009957,6477.1
7529,0.00013132,6478.0
7530,0.00017932,6478.9
7531,0.00010517,6479.7
7532,0.00018063,6480.6
7533,0.00021639,6481.5
7534,0.00020890,6482.4
7535,0.00014451,6483.2
7536,0.00012096,6484.1
7537,0.00009542,6485.0
7538,0.00007387,6485.9
7539,0.00018074,6486.8
7540,0.00018517,6487.7
7541,0.00021526,6488.5
7542,0.00031287,6489.4
7543,0.00013176,6490.3
7544,0.00006056,6491.2
7545,0.00006479,6492.1
7546,0.00007765,6493.0
7547,0.00013896,6493.8
7548,0.00010251,6494.7
7549,0.00020779,6495.6
7550,0.00015297,6496.5
7551,0.00020770,6497.3
7552,0.00061211,6498.3
7553,0.00011527,6499.1
7554,0.00006794,6500.0
7555,0.00015209,6501.0
7556,0.00005476,6501.8
7557,0.00009899,6502.8
7558,0.00014178,6503.6
7559,0.00023372,6504.5
7560,0.00015658,6505.4
7561,0.00011424,6506.3
7562,0.00027440,6507.1
7563,0.00017737,6508.0
7564,0.00013201,6508.8
7565,0.00017346,6509.6
7566,0.00022791,6510.5
7567,0.00007180,6511.4
7568,0.00006760,6512.3
7569,0.00010855,6513.1
7570,0.00034511,6514.0
7571,0.00055740,6514.8
7572,0.00007924,6515.6
7573,0.00006914,6516.4
7574,0.00006533,6517.3
7575,0.00009911,6518.1
7576,0.00017872,6518.9
7577,0.00023510,6519.7
7578,0.00018995,6520.6
7579,0.00014463,6521.4
7580,0.00016997,6522.2
7581,0.00015029,6523.1
7582,0.00030333,6523.9
7583,0.00009915,6524.7
7584,0.00008052,6525.5
7585,0.00008944,6526.4
7586,0.00037559,6527.2
7587,0.00017053,6528.0
7588,0.00011101,6528.8
7589,0.00007071,6529.7
7590,0.00006822,6530.5
7591,0.00010215,6531.3
7592,0.00009650,6532.2
7593,0.00014054,6533.0
7594,0.00037564,6533.9
7595,0.00020674,6534.7
7596,0.00006588,6535.5
7597,0.00010309,6536.3
7598,0.00012945,6537.2
7599,0.00020844,6538.0
7600,0.00008363,6538.8
7601,0.00033291,6539.7
7602,0.00014265,6540.5
7603,0.00006527,6541.3
7604,0.00009242,6542.2
7605,0.00032058,6543.0
7606,0.00015548,6543.8
7607,0.00021804,6544.7
7608,0.00007734,6545.5
7609,0.00019214,6546.3
7610,0.00013646,6547.1
7611,0.00015399,6548.0
7612,0.00028167,6548.8
7613,0.00008313,6549.6
7614,0.00006507,6550.4
7615,0.00009920,6551.3
7616,0.00010421,6552.1
7617,0.00014595,6552.9
7618,0.00022262,6553.8
7619,0.00022128,6554.6
7620,0.00029052,6555.5
7621,0.00011812,6556.3
7622,0.00007775,6557.2
7623,0.00049384,6558.1
7624,0.00011377,6559.0
7625,0.00007227,6559.9
7626,0.00010541,6560.7
7627,0.00030579,6561.6
7628,0.00016308,6562.5
7629,0.00010569,6563.4
7630,0.00019775,6564.3
7631,0.00016607,6565.1
7632,0.00026641,6566.0
7633,0.00006614,6566.9
7634,0.00007749,6567.7
7635,0.00025737,6568.6
7636,0.00007919,6569.5
7637,0.00019266,6570.4
7638,0.00019378,6571.3
7639,0.00024244,6572.1
7640,0.00023938,6573.0
7641,0.00012322,6573.9
7642,0.00009695,6574.8
7643,0.00006933,6575.7
7644,0.00008522,6576.5
7645,0.00036982,6577.4
7646,0.00012432,6578.3
7647,0.00011317,6579.2
7648,0.00010785,6580.0
7649,0.00007533,6580.9
7650,0.00007853,6581.8
7651,0.00023244,6582.7
7652,0.00034799,6583.6
7653,0.00016818,6584.5
7654,0.00007621,6585.3
7655,0.00009124,6586.2
7656,0.00017453,6587.1
7657,0.00014732,6588.0
7658,0.00006234,6588.8
7659,0.00013581,6589.7
7660,0.00029218,6590.6
7661,0.00021581,6591.5
7662,0.00017091,6592.4
7663,0.00009937,6593.2
7664,0.00009543,6594.1
7665,0.00005334,6595.0
7666,0.00015301,6595.9
7667,0.00027532,6596.7
7668,0.00025527,6597.6
7669,0.00012659,6598.5
7670,0.00007667,6599.4
7671,0.00011835,6600.2
7672,0.00010252,6601.1
7673,0.00035621,6601.9
7674,0.00010490,6602.7
7675,0.00008342,6603.5
7676,0.00010837,6604.3
7677,0.00006512,6605.2
7678,0.00010397,6606.0
7679,0.00031924,6606.8
7680,0.00024192,6607.6
7681,0.00012965,6608.5
7682,0.00023173,6609.3
7683,0.00005462,6610.1
7684,0.00006958,6611.0
7685,0.00008137,6611.8
7686,0.00027274,6612.6
7687,0.00013084,6613.4
7688,0.00011734,6614.3
7689,0.00022187,6615.1
7690,0.00024077,6616.0
7691,0.00019423,6616.9
7692,0.00006767,6617.8
7693,0.00006454,6618.7
7694,0.00006907,6619.6
7695,0.00022667,6620.4
7696,0.00027478,6621.3
7697,0.00010402,6622.2
7698,0.00012908,6623.1
7699,0.00013056,6623.9
7700,0.00006513,6624.8
7701,0.00007659,6625.7
7702,0.00027684,6626.5
7703,0.00036260,6627.4
7704,0.00013541,6628.3
7705,0.00025963,6629.1
7706,0.00007146,6630.0
7707,0.00005543,6630.8
7708,0.00007808,6631.6
7709,0.00021222,6632.4
7710,0.00019790,6633.3
7711,0.00042949,6634.1
7712,0.00014743,6634.9
7713,0.00011095,6635.8
7714,0.00014454,6636.6
7715,0.00006823,6637.4
7716,0.00005460,6638.3
7717,0.00018431,6639.1
7718,0.00018095,6639.9
7719,0.00006639,6640.7
7720,0.00005397,6641.6
7721,0.00009889,6642.4
7722,0.00034255,6643.2
7723,0.00026744,6644.0
7724,0.00013227,6644.8
7725,0.00007178,6645.7
7726,0.00018858,6646.6
7727,0.00006193,6647.5
7728,0.00006365,6648.3
7729,0.00017587,6649.2
7730,0.00008996,6650.1
7731,0.00007536,6651.0
7732,0.00034992,6651.8
7733,0.00010418,6652.6
7734,0.00006564,6653.5
7735,0.00031641,6654.3
7736,0.00015742,6655.1
7737,0.00007592,6656.0
7738,0.00017172,6656.8
7739,0.00007978,6657.7
7740,0.00011375,6658.5
7741,0.00030332,6659.4
7742,0.00008244,6660.2
7743,0.00006008,6661.0
7744,0.00012756,6661.9
7745,0.00013965,6662.7
7746,0.00028783,6663.5
7747,0.00018704,6664.3
7748,0.00006704,6665.2
7749,0.00022928,6666.0
7750,0.00020781,6666.8
7751,0.00016745,6667.6
7752,0.00020413,6668.5
7753,0.00006328,6669.3
7754,0.00006057,6670.1
7755,0.00005850,6670.9
7756,0.00012183,6671.7
7757,0.00031947,6672.6
7758,0.00014406,6673.5
7759,0.00010826,6674.4
7760,0.00015154,6675.2
7761,0.00009410,6676.1
7762,0.00009202,6677.0
7763,0.00033425,6677.9
7764,0.00016777,6678.7
7765,0.00005564,6679.6
7766,0.00005592,6680.5
7767,0.00007017,6681.4
7768,0.00019525,6682.3
7769,0.00018437,6683.1
7770,0.00028580,6684.0
7771,0.00012796,6684.9
7772,0.00013090,6685.8
7773,0.00021888,6686.7
7774,0.00005955,6687.6
7775,0.00006013,6688.5
7776,0.00014133,6689.3
7777,0.00005465,6690.2
7778,0.00008825,6691.1
7779,0.00024196,6692.0
7780,0.00015757,6692.9
7781,0.00017677,6693.8
7782,0.00005469,6694.6
7783,0.00020184,6695.5
7784,0.00011962,6696.4
7785,0.00017851,6697.3
7786,0.00017263,6698.2
7787,0.00012549,6699.0
7788,0.00011091,6699.9
7789,0.00014539,6700.8
7790,0.00006728,6701.7
7791,0.00013184,6702.6
7792,0.00026712,6703.4
7793,0.00014006,6704.3
7794,0.00018270,6705.1
7795,0.00010992,6705.9
7796,0.00023559,6706.7
7797,0.00029930,6707.6
7798,0.00014460,6708.4
7799,0.00005992,6709.2
7800,0.00008811,6710.0
7801,0.00017149,6711.0
7802,0.00008559,6711.8
7803,0.00008576,6712.7
7804,0.00006587,6713.6
7805,0.00023236,6714.5
7806,0.00011929,6715.3
7807,0.00012322,6716.1
7808,0.00020324,6716.9
7809,0.00009438,6717.8
7810,0.00010735,6718.6
7811,0.00009118,6719.4
7812,0.00023397,6720.3
7813,0.00036392,6721.1
7814,0.00010566,6721.9
7815,0.00012954,6722.7
7816,0.00013088,6723.6
7817,0.00013269,6724.4
7818,0.00013301,6725.3
7819,0.00009515,6726.1
7820,0.00021052,6727.0
7821,0.00014701,6727.8
7822,0.00020598,6728.6
7823,0.00019076,6729.4
7824,0.00016760,6730.3
7825,0.00013474,6731.1
7826,0.00005458,6731.9
7827,0.00011928,6732.7
7828,0.00026828,6733.6
7829,0.00011088,6734.4
7830,0.00006995,6735.2
7831,0.00025171,6736.0
7832,0.00011133,6736.8
7833,0.00006411,6737.7
7834,0.00040752,6738.5
7835,0.00017868,6739.3
7836,0.00005641,6740.1
7837,0.00013064,6741.0
7838,0.00014197,6741.8
7839,0.00011840,6742.6
7840,0.00006786,6743.5
7841,0.00010477,6744.3
7842,0.00033920,6745.1
7843,0.00015110,6745.9
7844,0.00011481,6746.8
7845,0.00007786,6747.6
7846,0.00035524,6748.5
7847,0.00010181,6749.4
7848,0.00047547,6750.3
7849,0.00006138,6751.1
7850,0.00010131,6752.0
7851,0.00030516,6752.9
7852,0.00014799,6753.8
7853,0.00007511,6754.6
7854,0.00007168,6755.5
7855,0.00005978,6756.4
7856,0.00005737,6757.2
7857,0.00011439,6758.1
7858,0.00023378,6759.0
7859,0.00030001,6759.9
7860,0.00006146,6760.8
7861,0.00018449,6761.6
7862,0.00007890,6762.5
7863,0.00005831,6763.4
7864,0.00010275,6764.3
7865,0.00019124,6765.2
7866,0.00027235,6766.1
7867,0.00008402,6766.9
7868,0.00009730,6767.8
7869,0.00033212,6768.7
7870,0.00031219,6769.6
7871,0.00008256,6770.4
7872,0.00011361,6771.3
7873,0.00009697,6772.2
7874,0.00013819,6773.1
7875,0.00006645,6774.0
7876,0.00009012,6774.8
7877,0.00012544,6775.7
7878,0.00009721,6776.6
7879,0.00019174,6777.5
7880,0.00012159,6778.4
7881,0.00027686,6779.3
7882,0.00010338,6780.1
7883,0.00006569,6781.0
7884,0.00005335,6781.9
7885,0.00008696,6782.8
7886,0.00032041,6783.6
7887,0.00026793,6784.5
7888,0.00007744,6785.3
7889,0.00030671,6786.1
7890,0.00027075,6786.9
7891,0.00015539,6787.8
7892,0.00019460,6788.6
7893,0.00021865,6789.4
7894,0.00012898,6790.2
7895,0.00007932,6791.0
7896,0.00009880,6791.9
7897,0.00021400,6792.7
7898,0.00006072,6793.5
7899,0.00010013,6794.3
7900,0.00026492,6795.2
7901,0.00023916,6796.0
7902,0.00007828,6796.8
7903,0.00016980,6797.7
7904,0.00037603,6798.5
7905,0.00032007,6799.3
7906,0.00007918,6800.1
7907,0.00005868,6801.0
7908,0.00004822,6801.9
7909,0.00004930,6802.8
7910,0.00006587,6803.6
7911,0.00036528,6804.5
7912,0.00007702,6805.4
7913,0.00008536,6806.3
7914,0.00021058,6807.2
7915,0.00008714,6808.1
7916,0.00007536,6808.9
7917,0.00016973,6809.8
7918,0.00014801,6810.7
7919,0.00015885,6811.6
7920,0.00032755,6812.4
7921,0.00009832,6813.3
7922,0.00005270,6814.1
7923,0.00013888,6815.0
7924,0.00015236,6815.8
7925,0.00005970,6816.6
7926,0.00022302,6817.4
7927,0.00022185,6818.2
7928,0.00010897,6819.1
7929,0.00014053,6819.9
7930,0.00009840,6820.7
7931,0.00009885,6821.6
7932,0.00023474,6822.4
7933,0.00006257,6823.2
7934,0.00010839,6824.0
7935,0.00015014,6824.8
7936,0.00023158,6825.7
7937,0.00007101,6826.5
7938,0.00010238,6827.3
7939,0.00028877,6828.1
7940,0.00010269,6828.9
7941,0.00011226,6829.8
7942,0.00013513,6830.6
7943,0.00042065,6831.4
7944,0.00017544,6832.2
7945,0.00004911,6833.1
7946,0.00007771,6833.9
7947,0.00010184,6834.7
7948,0.00012466,6835.5
7949,0.00006781,6836.3
7950,0.00008755,6837.2
7951,0.00030948,6838.0
7952,0.00014212,6838.8
7953,0.00029707,6839.6
7954,0.00025269,6840.5
7955,0.00007978,6841.3
7956,0.00011747,6842.1
7957,0.00012039,6842.9
7958,0.00023841,6843.8
7959,0.00016498,6844.6
7960,0.00005840,6845.4
7961,0.00005129,6846.3
7962,0.00005360,6847.1
7963,0.00052293,6847.9
7964,0.00014646,6848.8
7965,0.00008716,6849.7
7966,0.00007987,6850.6
7967,0.00011184,6851.4
7968,0.00014507,6852.3
7969,0.00010179,6853.2
7970,0.00025639,6854.1
7971,0.00018474,6855.0
7972,0.00017246,6855.8
7973,0.00018279,6856.7
7974,0.00006667,6857.6
7975,0.00011644,6858.5
7976,0.00006897,6859.3
7977,0.00005799,6860.2
7978,0.00021130,6861.1
7979,0.00068983,6862.0
7980,0.00008306,6862.9
7981,0.00006504,6863.8
7982,0.00028077,6864.6
7983,0.00007301,6865.5
7984,0.00007304,6866.4
7985,0.00025631,6867.3
7986,0.00019122,6868.2
7987,0.00015691,6869.0
7988,0.00029408,6869.9
7989,0.00007126,6870.8
7990,0.00010557,6871.7
7991,0.00009137,6872.5
7992,0.00006984,6873.4
7993,0.00058253,6874.3
7994,0.00008782,6875.2
7995,0.00006194,6876.0
7996,0.00006010,6876.9
7997,0.00015310,6877.8
7998,0.00008373,6878.7
7999,0.00024049,6879.6
8000,0.00016069,6880.4
8001,0.00016722,6881.3
8002,0.00005369,6882.2
8003,0.00004947,6883.1
8004,0.00017537,6884.0
8005,0.00046314,6884.9
8006,0.00006032,6885.8
8007,0.00005318,6886.6
8008,0.00009553,6887.5
8009,0.00015048,6888.4
8010,0.00026804,6889.3
8011,0.00008243,6890.2
8012,0.00014704,6891.0
8013,0.00014358,6891.9
8014,0.00005871,6892.8
8015,0.00008623,6893.7
8016,0.00007189,6894.5
8017,0.00025241,6895.4
8018,0.00014446,6896.3
8019,0.00008439,6897.2
8020,0.00023826,6898.1
8021,0.00008710,6898.9
8022,0.00006699,6899.8
8023,0.00017854,6900.7
8024,0.00007929,6901.6
8025,0.00011799,6902.5
8026,0.00018163,6903.4
8027,0.00011656,6904.2
8028,0.00017612,6905.2
8029,0.00008352,6906.0
8030,0.00007610,6906.9
8031,0.00014478,6907.8
8032,0.00016470,6908.7
8033,0.00010550,6909.5
8034,0.00048645,6910.4
8035,0.00007128,6911.3
8036,0.00013266,6912.2
8037,0.00017206,6913.1
8038,0.00010354,6914.0
8039,0.00006323,6914.8
8040,0.00014886,6915.7
8041,0.00019241,6916.6
8042,0.00009735,6917.5
8043,0.00035125,6918.3
8044,0.00015500,6919.3
8045,0.00005681,6920.2
8046,0.00010532,6921.1
8047,0.00005386,6922.0
8048,0.00006321,6922.9
8049,0.00006842,6923.8
8050,0.00033541,6924.6
8051,0.00028813,6925.5
8052,0.00011023,6926.4
8053,0.00032205,6927.3
8054,0.00023893,6928.2
8055,0.00005658,6929.0
8056,0.00006017,6929.9
8057,0.00008472,6930.8
8058,0.00007295,6931.7
8059,0.00007164,6932.5
8060,0.00036254,6933.4
8061,0.00017127,6934.3
8062,0.00005464,6935.2
8063,0.00005522,6936.0
8064,0.00012435,6936.9
8065,0.00007824,6937.8
8066,0.00038510,6938.7
8067,0.00012423,6939.6
8068,0.00009156,6940.5
8069,0.00015290,6941.3
8070,0.00013347,6942.2
8071,0.00007091,6943.1
8072,0.00009715,6944.0
8073,0.00020534,6944.9
8074,0.00007114,6945.7
8075,0.00005953,6946.6
8076,0.00023921,6947.5
8077,0.00028846,6948.4
8078,0.00015525,6949.2
8079,0.00005812,6950.1
8080,0.00006983,6951.0
8081,0.00031841,6951.9
8082,0.00015843,6952.8
8083,0.00008005,6953.6
8084,0.00009708,6954.5
8085,0.00006911,6955.4
8086,0.00005593,6956.3
8087,0.00013573,6957.1
8088,0.00020024,6958.0
8089,0.00030656,6958.9
8090,0.00007945,6959.8
8091,0.00025856,6960.7
8092,0.00010496,6961.5
8093,0.00006427,6962.4
8094,0.00014598,6963.3
8095,0.00019476,6964.2
8096,0.00017006,6965.1
8097,0.00006957,6965.9
8098,0.00008691,6966.8
8099,0.00015331,6967.7
8100,0.00006180,6968.6
8101,0.00012406,6969.6
8102,0.00019510,6970.4
8103,0.00022074,6971.3
8104,0.00012668,6972.2
8105,0.00018812,6973.1
8106,0.00006992,6974.0
8107,0.00030142,6974.9
8108,0.00030846,6975.7
8109,0.00006142,6976.7
8110,0.00005304,6977.5
8111,0.00004964,6978.4
8112,0.00009027,6979.3
8113,0.00022961,6980.2
8114,0.00022741,6981.0
8115,0.00009198,6982.0
8116,0.00005847,6982.9
8117,0.00005324,6983.7
8118,0.00035427,6984.6
8119,0.00039209,6985.5
8120,0.00021661,6986.4
8121,0.00008310,6987.3
8122,0.00004991,6988.2
8123,0.00006898,6989.1
8124,0.00031652,6990.0
8125,0.00010839,6990.9
8126,0.00010127,6991.7
8127,0.00007402,6992.6
8128,0.00017051,6993.5
8129,0.00010872,6994.4
8130,0.00018613,6995.3
8131,0.00010555,6996.2
8132,0.00017830,6997.0
8133,0.00006810,6997.9
8134,0.00012578,6998.8
8135,0.00022752,6999.7
8136,0.00018653,7000.6
8137,0.00005450,7001.4
8138,0.00004851,7002.3
8139,0.00014273,7003.2
8140,0.00028773,7004.1
8141,0.00031692,7005.0
8142,0.00011892,7005.9
8143,0.00006704,7006.8
8144,0.00005670,7007.6
8145,0.00011187,7008.5
8146,0.00016789,7009.4
8147,0.00015714,7010.3
8148,0.00015889,7011.2
8149,0.00005457,7012.0
8150,0.00010310,7012.9
8151,0.00014943,7013.8
8152,0.00009692,7014.7
8153,0.00032895,7015.5
8154,0.00015868,7016.4
8155,0.00010021,7017.3
8156,0.00011261,7018.2
8157,0.00011346,7019.1
8158,0.00012580,7020.0
8159,0.00006031,7020.8
8160,0.00025836,7021.7
8161,0.00017562,7022.6
8162,0.00005646,7023.5
8163,0.00005131,7024.4
8164,0.00017564,7025.4
8165,0.00008894,7026.2
8166,0.00009903,7027.1
8167,0.00006579,7028.0
8168,0.00011454,7028.9
8169,0.00012659,7029.7
8170,0.00044689,7030.6
8171,0.00021953,7031.5
8172,0.00005522,7032.4
8173,0.00009085,7033.3
8174,0.00014914,7034.2
8175,0.00012705,7035.0
8176,0.00021983,7035.9
8177,0.00008213,7036.8
8178,0.00020046,7037.7
8179,0.00006171,7038.6
8180,0.00005612,7039.5
8181,0.00021499,7040.3
8182,0.00006910,7041.2
8183,0.00005706,7042.1
8184,0.00009606,7043.0
8185,0.00020858,7043.9
8186,0.00016513,7044.7
8187,0.00039900,7045.6
8188,0.00007858,7046.5
8189,0.00006529,7047.4
8190,0.00006622,7048.3
8191,0.00011627,7049.1
8192,0.00014446,7050.0
8193,0.00005487,7050.9
8194,0.00038941,7051.8
8195,0.00019696,7052.7
8196,0.00008253,7053.6
8197,0.00006485,7054.5
8198,0.00006308,7055.3
8199,0.00018982,7056.2
8200,0.00012919,7057.1
8201,0.00009143,7058.1
8202,0.00024871,7059.0
8203,0.00043165,7059.8
8204,0.00005958,7060.7
8205,0.00014258,7061.6
8206,0.00013233,7062.4
8207,0.00026698,7063.2
8208,0.00011884,7064.1
8209,0.00005072,7064.9
8210,0.00004513,7065.7
8211,0.00013491,7066.5
8212,0.00024945,7067.4
8213,0.00025763,7068.2
8214,0.00005495,7069.0
8215,0.00006993,7069.9
8216,0.00023865,7070.7
8217,0.00008862,7071.5
8218,0.00010151,7072.4
8219,0.00025369,7073.2
8220,0.00009311,7074.0
8221,0.00005480,7074.9
8222,0.00013348,7075.7
8223,0.00014827,7076.5
8224,0.00009616,7077.3
8225,0.00030326,7078.2
8226,0.00011614,7079.0
8227,0.00007714,7079.8
8228,0.00009728,7080.6
8229,0.00026043,7081.5
8230,0.00007939,7082.3
8231,0.00035366,7083.1
8232,0.00007333,7084.0
8233,0.00010227,7084.9
8234,0.00007810,7085.7
8235,0.00008209,7086.6
8236,0.00013837,7087.5
8237,0.00012292,7088.3
8238,0.00012222,7089.2
8239,0.00010753,7090.0
8240,0.00017993,7090.8
8241,0.00051774,7091.7
8242,0.00007544,7092.6
8243,0.00022470,7093.5
8244,0.00011632,7094.4
8245,0.00022020,7095.3
8246,0.00010057,7096.2
8247,0.00004836,7097.0
8248,0.00010375,7097.9
8249,0.00009659,7098.8
8250,0.00015593,7099.7
8251,0.00024062,7100.6
8252,0.00005443,7101.4
8253,0.00004534,7102.3
8254,0.00011964,7103.2
8255,0.00010296,7104.1
8256,0.00018932,7104.9
8257,0.00007138,7105.7
8258,0.00014006,7106.6
8259,0.00028487,7107.4
8260,0.00007254,7108.2
8261,0.00008462,7109.0
8262,0.00016818,7109.9
8263,0.00024525,7110.7
8264,0.00033604,7111.5
8265,0.00032322,7112.3
8266,0.00005343,7113.2
8267,0.00005630,7114.0
8268,0.00006289,7114.8
8269,0.00005242,7115.6
8270,0.00007716,7116.5
8271,0.00022775,7117.3
8272,0.00028934,7118.1
8273,0.00039914,7118.9
8274,0.00006900,7119.8
8275,0.00007082,7120.6
8276,0.00006748,7121.4
8277,0.00005415,7122.2
8278,0.00009860,7123.1
8279,0.00025414,7123.9
8280,0.00007702,7124.7
8281,0.00035734,7125.6
8282,0.00024121,7126.4
8283,0.00011695,7127.2
8284,0.00006289,7128.0
8285,0.00008553,7128.9
8286,0.00006820,7129.7
8287,0.00016510,7130.5
8288,0.00025804,7131.4
8289,0.00009196,7132.2
8290,0.00010329,7133.0
8291,0.00004787,7133.8
8292,0.00006116,7134.7
8293,0.00036958,7135.5
8294,0.00039647,7136.3
8295,0.00018301,7137.1
8296,0.00006090,7138.0
8297,0.00007789,7138.8
8298,0.00005449,7139.6
8299,0.00005168,7140.4
8300,0.00012923,7141.2
8301,0.00043409,7142.1
8302,0.00011718,7142.9
8303,0.00006542,7143.7
8304,0.00007861,7144.6
8305,0.00008841,7145.4
8306,0.00026563,7146.2
8307,0.00007962,7147.0
8308,0.00021734,7147.9
8309,0.00007778,7148.7
8310,0.00005742,7149.5
8311,0.00012769,7150.4
8312,0.00018483,7151.2
8313,0.00005942,7152.0
8314,0.00014449,7152.8
8315,0.00035534,7153.7
8316,0.00007711,7154.5
8317,0.00013266,7155.3
8318,0.00007832,7156.1
8319,0.00004693,7157.0
8320,0.00005984,7157.8
8321,0.00011308,7158.6
8322,0.00013827,7159.4
8323,0.00020915,7160.3
8324,0.00034483,7161.1
8325,0.00007795,7161.9
8326,0.00005009,7162.7
8327,0.00012450,7163.6
8328,0.00031328,7164.4
8329,0.00011971,7165.2
8330,0.00012422,7166.0
8331,0.00005533,7166.9
8332,0.00004404,7167.7
8333,0.00007693,7168.5
8334,0.00014087,7169.4
8335,0.00028804,7170.2
8336,0.00007970,7171.0
8337,0.00004715,7171.8
8338,0.00009071,7172.7
8339,0.00026599,7173.5
8340,0.00015139,7174.3
8341,0.00021904,7175.1
8342,0.00006690,7176.0
8343,0.00004767,7176.8
8344,0.00017676,7177.6
8345,0.00012884,7178.4
8346,0.00011520,7179.3
8347,0.00021952,7180.1
8348,0.00015425,7180.9
8349,0.00011386,7181.7
8350,0.00006929,7182.6
8351,0.00009028,7183.5
8352,0.00012846,7184.3
8353,0.00013250,7185.2
8354,0.00012337,7186.0
8355,0.00018065,7186.8
8356,0.00027240,7187.6
8357,0.00009623,7188.5
8358,0.00005177,7189.3
8359,0.00004711,7190.1
8360,0.00015300,7190.9
8361,0.00021850,7191.8
8362,0.00006956,7192.6
8363,0.00006409,7193.4
8364,0.00017315,7194.2
8365,0.00009032,7195.1
8366,0.00009216,7195.9
8367,0.00005447,7196.7
8368,0.00022431,7197.5
8369,0.00007004,7198.4
8370,0.00012608,7199.2
8371,0.00021161,7200.0
8372,0.00010990,7200.8
8373,0.00005696,7201.7
8374,0.00011420,7202.5
8375,0.00008142,7203.3
8376,0.00012690,7204.1
8377,0.00052529,7205.0
8378,0.00027096,7205.8
8379,0.00006095,7206.6
8380,0.00004834,7207.4
8381,0.00005582,7208.3
8382,0.00026485,7209.2
8383,0.00022525,7210.0
8384,0.00024202,7210.9
8385,0.00020677,7211.8
8386,0.00006860,7212.7
8387,0.00005041,7213.6
8388,0.00008897,7214.4
8389,0.00045174,7215.3
8390,0.00009204,7216.2
8391,0.00012791,7217.1
8392,0.00005166,7218.0
8393,0.00012690,7218.8
8394,0.00021901,7219.7
8395,0.00013497,7220.6
8396,0.00009773,7221.5
8397,0.00004539,7222.3
8398,0.00007826,7223.2
8399,0.00018772,7224.1
8400,0.00011819,7225.0
8401,0.00004673,7225.9
8402,0.00045017,7226.8
8403,0.00006585,7227.6
8404,0.00006853,7228.5
8405,0.00006804,7229.4
8406,0.00013432,7230.3
8407,0.00009282,7231.1
8408,0.00049059,7232.0
8409,0.00019129,7232.9
8410,0.00006168,7233.8
8411,0.00026167,7234.7
8412,0.00015200,7235.5
8413,0.00012814,7236.4
8414,0.00007111,7237.3
8415,0.00004415,7238.2
8416,0.00011071,7239.1
8417,0.00016210,7239.9
8418,0.00010026,7240.8
8419,0.00013352,7241.7
8420,0.00010558,7242.6
8421,0.00006895,7243.4
8422,0.00008844,7244.3
8423,0.00005493,7245.2
8424,0.00005205,7246.1
8425,0.00027578,7246.9
8426,0.00010326,7247.7
8427,0.00033968,7248.5
8428,0.00019351,7249.4
8429,0.00006203,7250.2
8430,0.00005431,7251.0
8431,0.00005183,7251.8
8432,0.00028760,7252.7
8433,0.00017348,7253.5
8434,0.00007817,7254.3
8435,0.00012610,7255.1
8436,0.00013056,7255.9
8437,0.00006010,7256.8
8438,0.00012074,7257.6
8439,0.00075284,7258.4
8440,0.00011552,7259.3
8441,0.00004942,7260.1
8442,0.00005999,7260.9
8443,0.00021587,7261.7
8444,0.00020470,7262.6
8445,0.00004750,7263.4
8446,0.00013898,7264.2
8447,0.00035601,7265.1
8448,0.00006799,7265.9
8449,0.00004971,7266.7
8450,0.00009057,7267.5
8451,0.00029846,7268.4
8452,0.00011291,7269.2
8453,0.00014695,7270.0
8454,0.00006496,7270.8
8455,0.00006362,7271.7
8456,0.00026742,7272.5
8457,0.00008024,7273.3
8458,0.00018531,7274.2
8459,0.00018028,7275.0
8460,0.00005861,7275.8
8461,0.00004850,7276.6
8462,0.00005258,7277.5
8463,0.00010249,7278.3
8464,0.00021975,7279.1
8465,0.00019092,7280.0
8466,0.00020991,7280.8
8467,0.00006336,7281.6
8468,0.00005653,7282.5
8469,0.00009238,7283.3
8470,0.00012840,7284.1
8471,0.00019129,7284.9
8472,0.00014121,7285.8
8473,0.00024093,7286.6
8474,0.00012254,7287.4
8475,0.00006215,7288.3
8476,0.00008229,7289.1
8477,0.00011425,7289.9
8478,0.00008115,7290.7
8479,0.00041443,7291.6
8480,0.00015998,7292.4
8481,0.00006615,7293.2
8482,0.00007317,7294.0
8483,0.00011906,7294.9
8484,0.00017314,7295.7
8485,0.00005272,7296.5
8486,0.00007147,7297.3
8487,0.00006000,7298.2
8488,0.00034261,7299.0
8489,0.00015454,7299.8
8490,0.00007082,7300.6
8491,0.00007528,7301.5
8492,0.00006462,7302.3
8493,0.00008763,7303.1
8494,0.00039154,7304.0
8495,0.00035684,7304.8
8496,0.00016371,7305.6
8497,0.00005420,7306.4
8498,0.00005845,7307.3
8499,0.00019750,7308.1
8500,0.00010285,7309.0
8501,0.00005244,7309.8
8502,0.00004431,7310.7
8503,0.00014544,7311.5
8504,0.00046897,7312.3
8505,0.00006377,7313.2
8506,0.00005452,7314.0
8507,0.00006705,7314.8
8508,0.00013465,7315.7
8509,0.00012253,7316.5
8510,0.00028170,7317.3
8511,0.00006094,7318.1
8512,0.00005795,7319.0
8513,0.00016254,7319.8
8514,0.00007170,7320.6
8515,0.00005291,7321.5
8516,0.00030012,7322.3
8517,0.00077985,7323.1
8518,0.00011942,7323.9
8519,0.00004738,7324.8
8520,0.00007048,7325.6
8521,0.00008036,7326.4
8522,0.00009485,7327.2
8523,0.00011687,7328.1
8524,0.00021535,7328.9
8525,0.00011821,7329.7
8526,0.00008243,7330.6
8527,0.00015967,7331.4
8528,0.00021275,7332.2
8529,0.00004813,7333.0
8530,0.00007209,7333.9
8531,0.00010491,7334.7
8532,0.00011197,7335.5
8533,0.00020600,7336.3
8534,0.00015986,7337.2
8535,0.00028598,7338.0
8536,0.00011188,7338.8
8537,0.00006803,7339.7
8538,0.00006075,7340.5
8539,0.00004535,7341.3
8540,0.00019862,7342.1
8541,0.00021465,7343.0
8542,0.00014528,7343.8
8543,0.00005439,7344.6
8544,0.00004615,7345.5
8545,0.00006154,7346.3
8546,0.00004643,7347.2
8547,0.00018456,7348.0
8548,0.00014053,7348.8
8549,0.00012787,7349.6
8550,0.00007661,7350.5
8551,0.00029765,7351.3
8552,0.00005637,7352.1
8553,0.00005491,7352.9
8554,0.00031131,7353.8
8555,0.00028413,7354.6
8556,0.00006535,7355.4
8557,0.00009190,7356.3
8558,0.00005032,7357.1
8559,0.00005857,7357.9
8560,0.00016795,7358.7
8561,0.00022733,7359.6
8562,0.00007600,7360.4
8563,0.00011022,7361.2
8564,0.00015691,7362.0
8565,0.00007827,7362.9
8566,0.00006210,7363.7
8567,0.00027050,7364.5
8568,0.00026666,7365.4
8569,0.00019651,7366.2
8570,0.00004401,7367.0
8571,0.00006311,7367.9
8572,0.00007296,7368.7
8573,0.00006375,7369.6
8574,0.00035497,7370.4
8575,0.00043964,7371.2
8576,0.00010283,7372.0
8577,0.00011652,7372.9
8578,0.00007267,7373.7
8579,0.00004885,7374.5
8580,0.00012641,7375.3
8581,0.00008573,7376.2
8582,0.00024612,7377.0
8583,0.00007763,7377.8
8584,0.00006365,7378.6
8585,0.00023781,7379.5
8586,0.00011009,7380.3
8587,0.00007413,7381.1
8588,0.00032417,7382.0
8589,0.00015710,7382.8
8590,0.00012484,7383.6
8591,0.00011909,7384.4
8592,0.00005094,7385.3
8593,0.00005399,7386.1
8594,0.00008745,7386.9
8595,0.00013074,7387.7
8596,0.00015400,7388.6
8597,0.00008685,7389.4
8598,0.00010453,7390.3
8599,0.00006471,7391.1
8600,0.00009533,7391.9
8601,0.00031720,7392.8
8602,0.00007186,7393.6
8603,0.00007630,7394.5
8604,0.00020258,7395.4
8605,0.00010489,7396.3
8606,0.00013139,7397.2
8607,0.00008418,7398.0
8608,0.00006626,7398.9
8609,0.00005471,7399.8
8610,0.00017177,7400.7
8611,0.00029588,7401.6
8612,0.00005042,7402.5
8613,0.00007151,7403.4
8614,0.00012931,7404.2
8615,0.00025369,7405.1
8616,0.00013266,7406.0
8617,0.00016724,7406.9
8618,0.00004595,7407.7
8619,0.00005693,7408.6
8620,0.00025594,7409.5
8621,0.00006249,7410.4
8622,0.00019864,7411.3
8623,0.00016421,7412.2
8624,0.00016163,7413.0
8625,0.00012702,7413.9
8626,0.00006844,7414.8
8627,0.00006447,7415.7
8628,0.00005930,7416.6
8629,0.00005290,7417.5
8630,0.00005332,7418.4
8631,0.00026689,7419.3
8632,0.00010391,7420.2
8633,0.00017046,7421.0
8634,0.00013732,7421.9
8635,0.00011175,7422.8
8636,0.00005979,7423.7
8637,0.00006492,7424.6
8638,0.00024481,7425.5
8639,0.00027297,7426.3
8640,0.00005866,7427.2
8641,0.00007635,7428.1
8642,0.00061463,7429.0
8643,0.00032033,7429.9
8644,0.00011809,7430.8
8645,0.00005016,7431.7
8646,0.00004455,7432.5
8647,0.00005179,7433.4
8648,0.00007623,7434.3
8649,0.00017281,7435.2
8650,0.00019131,7436.1
8651,0.00010613,7437.0
8652,0.00017393,7437.9
8653,0.00018414,7438.7
8654,0.00028669,7439.6
8655,0.00030631,7440.5
8656,0.00006744,7441.4
8657,0.00004900,7442.3
8658,0.00004190,7443.2
8659,0.00004654,7444.0
8660,0.00015888,7444.9
8661,0.00011402,7445.8
8662,0.00016145,7446.7
8663,0.00009178,7447.6
8664,0.00007145,7448.5
8665,0.00007195,7449.3
8666,0.00026782,7450.2
8667,0.00008083,7451.1
8668,0.00012157,7452.0
8669,0.00005334,7452.8
8670,0.00010309,7453.7
8671,0.00006664,7454.6
8672,0.00005838,7455.5
8673,0.00013652,7456.3
8674,0.00023952,7457.2
8675,0.00005412,7458.1
8676,0.00007760,7459.0
8677,0.00004946,7459.9
8678,0.00056628,7460.7
8679,0.00025791,7461.6
8680,0.00006110,7462.5
8681,0.00004672,7463.4
8682,0.00004701,7464.2
8683,0.00008341,7465.1
8684,0.00018492,7466.0
8685,0.00021414,7466.9
8686,0.00019949,7467.7
8687,0.00006055,7468.6
8688,0.00004433,7469.5
8689,0.00005154,7470.4
8690,0.00013079,7471.2
8691,0.00020972,7472.1
8692,0.00004306,7473.0
8693,0.00008015,7473.9
8694,0.00017504,7474.7
8695,0.00015079,7475.6
8696,0.00013611,7476.5
8697,0.00012345,7477.3
8698,0.00016981,7478.1
8699,0.00006030,7479.0
8700,0.00004181,7479.8
8701,0.00027831,7480.7
8702,0.00006271,7481.6
8703,0.00027474,7482.4
8704,0.00008408,7483.3
8705,0.00004440,7484.2
8706,0.00015042,7485.1
8707,0.00045341,7486.0
8708,0.00005751,7486.8
8709,0.00005797,7487.7
8710,0.00007578,7488.6
8711,0.00020675,7489.5
8712,0.00031730,7490.4
8713,0.00006060,7491.3
8714,0.00007378,7492.1
8715,0.00032391,7493.0
8716,0.00018483,7493.9
8717,0.00005417,7494.8
8718,0.00006262,7495.7
8719,0.00006344,7496.6
8720,0.00006117,7497.4
8721,0.00037082,7498.3
8722,0.00018168,7499.2
8723,0.00016788,7500.0
8724,0.00007713,7500.8
8725,0.00005128,7501.7
8726,0.00021667,7502.5
8727,0.00025890,7503.3
8728,0.00020415,7504.1
8729,0.00005876,7504.9
8730,0.00005775,7505.8
8731,0.00009377,7506.6
8732,0.00005604,7507.4
8733,0.00021018,7508.2
8734,0.00010364,7509.1
8735,0.00009568,7509.9
8736,0.00022485,7510.7
8737,0.00005938,7511.5
8738,0.00020507,7512.4
8739,0.00041095,7513.2
8740,0.00005356,7514.0
8741,0.00004257,7514.8
8742,0.00035787,7515.7
8743,0.00009370,7516.5
8744,0.00004937,7517.3
8745,0.00004347,7518.2
8746,0.00011054,7519.0
8747,0.00015820,7519.9
8748,0.00012652,7520.7
8749,0.00011092,7521.6
8750,0.00015821,7522.5
8751,0.00007697,7523.4
8752,0.00039203,7524.3
8753,0.00007637,7525.1
8754,0.00004766,7526.0
8755,0.00006868,7526.9
8756,0.00056099,7527.8
8757,0.00008417,7528.7
8758,0.00004646,7529.6
8759,0.00005027,7530.5
8760,0.00008818,7531.4
8761,0.00010897,7532.3
8762,0.00004973,7533.1
8763,0.00029333,7534.0
8764,0.00063276,7534.9
8765,0.00011522,7535.8
8766,0.00004965,7536.6
8767,0.00004193,7537.5
8768,0.00004424,7538.4
8769,0.00021713,7539.3
8770,0.00037716,7540.2
8771,0.00005030,7541.0
8772,0.00004411,7541.9
8773,0.00005210,7542.8
8774,0.00012162,7543.7
8775,0.00012427,7544.6
8776,0.00014341,7545.5
8777,0.00022158,7546.3
8778,0.00032105,7547.2
8779,0.00008713,7548.1
8780,0.00011931,7549.0
8781,0.00004207,7549.8
8782,0.00013788,7550.7
8783,0.00013009,7551.6
8784,0.00007893,7552.5
8785,0.00004742,7553.3
8786,0.00004249,7554.2
8787,0.00023663,7555.1
8788,0.00005805,7556.0
8789,0.00005515,7556.9
8790,0.00038358,7557.7
8791,0.00015473,7558.6
8792,0.00006663,7559.5
8793,0.00004388,7560.4
8794,0.00028398,7561.3
8795,0.00010254,7562.1
8796,0.00004196,7563.0
8797,0.00026239,7563.9
8798,0.00024030,7564.8
8799,0.00004570,7565.7
8800,0.00004149,7566.6
8801,0.00023880,7567.5
8802,0.00014647,7568.3
8803,0.00007548,7569.2
8804,0.00015443,7570.1
8805,0.00016251,7571.0
8806,0.00008729,7571.9
8807,0.00009194,7572.8
8808,0.00015405,7573.7
8809,0.00012797,7574.6
8810,0.00011474,7575.4
8811,0.00035796,7576.3
8812,0.00006436,7577.2
8813,0.00004515,7578.1
8814,0.00012351,7579.0
8815,0.00008130,7579.9
8816,0.00013832,7580.8
8817,0.00005400,7581.6
8818,0.00016117,7582.5
8819,0.00008643,7583.4
8820,0.00010454,7584.3
8821,0.00004017,7585.2
8822,0.00005162,7586.0
8823,0.00040628,7586.9
8824,0.00021537,7587.8
8825,0.00006042,7588.7
8826,0.00037760,7589.5
8827,0.00014467,7590.4
8828,0.00007024,7591.3
8829,0.00005885,7592.2
8830,0.00012005,7593.0
8831,0.00004189,7593.9
8832,0.00006752,7594.8
8833,0.00022875,7595.7
8834,0.00017365,7596.5
8835,0.00006816,7597.4
8836,0.00022486,7598.3
8837,0.00008877,7599.2
8838,0.00010214,7600.0
8839,0.00005331,7600.9
8840,0.00011856,7601.8
8841,0.00015275,7602.7
8842,0.00005162,7603.6
8843,0.00004309,7604.4
8844,0.00010756,7605.3
8845,0.00020363,7606.2
8846,0.00014002,7607.1
8847,0.00007009,7608.0
8848,0.00012618,7608.9
8849,0.00011283,7609.8
8850,0.00007858,7610.6
8851,0.00012445,7611.5
8852,0.00016599,7612.4
8853,0.00028224,7613.3
8854,0.00005611,7614.1
8855,0.00007771,7615.0
8856,0.00008446,7615.9
8857,0.00017220,7616.8
8858,0.00006363,7617.6
8859,0.00023250,7618.5
8860,0.00019966,7619.4
8861,0.00010943,7620.3
8862,0.00006869,7621.1
8863,0.00006168,7622.0
8864,0.00005085,7622.9
8865,0.00015570,7623.8
8866,0.00016077,7624.7
8867,0.00011076,7625.5
8868,0.00013429,7626.5
8869,0.00017468,7627.4
8870,0.00012883,7628.2
8871,0.00013490,7629.1
8872,0.00004750,7630.0
8873,0.00022375,7630.9
8874,0.00028393,7631.8
8875,0.00016589,7632.6
8876,0.00007149,7633.6
8877,0.00008242,7634.4
8878,0.00005178,7635.3
8879,0.00025052,7636.2
8880,0.00009663,7637.1
8881,0.00004374,7638.0
8882,0.00004746,7638.8
8883,0.00007351,7639.7
8884,0.00016405,7640.6
8885,0.00030888,7641.5
8886,0.00013025,7642.3
8887,0.00008877,7643.2
8888,0.00012670,7644.1
8889,0.00009358,7645.0
8890,0.00005821,7645.9
8891,0.00004328,7646.7
8892,0.00009379,7647.6
8893,0.00005080,7648.5
8894,0.00005216,7649.4
8895,0.00022586,7650.3
8896,0.00015482,7651.2
8897,0.00031446,7652.0
8898,0.00007251,7652.8
8899,0.00005369,7653.7
8900,0.00012450,7654.5
8901,0.00007337,7655.4
8902,0.00043048,7656.2
8903,0.00006599,7657.0
8904,0.00013719,7657.9
8905,0.00004557,7658.7
8906,0.00018957,7659.5
8907,0.00009801,7660.4
8908,0.00005057,7661.3
8909,0.00006444,7662.2
8910,0.00023028,7663.0
8911,0.00007998,7663.9
8912,0.00004818,7664.7
8913,0.00006078,7665.5
8914,0.00025806,7666.4
8915,0.00019026,7667.2
8916,0.00007936,7668.0
8917,0.00004731,7668.9
8918,0.00007082,7669.7
8919,0.00011732,7670.5
8920,0.00005751,7671.3
8921,0.00018221,7672.2
8922,0.00017629,7673.0
8923,0.00012445,7673.8
8924,0.00006518,7674.7
8925,0.00003963,7675.5
8926,0.00011859,7676.3
8927,0.00028667,7677.2
8928,0.00010858,7678.0
8929,0.00007606,7678.8
8930,0.00004805,7679.6
8931,0.00005887,7680.5
8932,0.00021820,7681.3
8933,0.00021640,7682.1
8934,0.00008068,7682.9
8935,0.00020909,7683.8
8936,0.00006692,7684.6
8937,0.00003916,7685.4
8938,0.00005975,7686.2
8939,0.00004868,7687.1
8940,0.00004521,7687.9
8941,0.00030047,7688.7
8942,0.00030686,7689.5
8943,0.00007392,7690.4
8944,0.00005848,7691.2
8945,0.00006578,7692.0
8946,0.00004248,7692.9
8947,0.00004407,7693.7
8948,0.00004937,7694.5
8949,0.00013118,7695.3
8950,0.00039036,7696.2
8951,0.00024281,7697.0
8952,0.00004640,7697.8
8953,0.00005887,7698.6
8954,0.00004229,7699.5
8955,0.00014364,7700.3
8956,0.00008056,7701.1
8957,0.00013213,7701.9
8958,0.00014980,7702.8
8959,0.00022158,7703.6
8960,0.00015728,7704.4
8961,0.00005051,7705.2
8962,0.00007058,7706.0
8963,0.00004913,7706.9
8964,0.00012055,7707.7
8965,0.00042227,7708.5
8966,0.00007877,7709.4
8967,0.00010999,7710.2
8968,0.00010820,7711.0
8969,0.00004189,7711.8
8970,0.00009420,7712.7
8971,0.00016336,7713.5
8972,0.00008598,7714.3
8973,0.00011775,7715.1
8974,0.00024749,7716.0
8975,0.00008727,7716.8
8976,0.00014529,7717.6
8977,0.00004597,7718.4
8978,0.00005216,7719.3
8979,0.00005736,7720.1
8980,0.00027459,7720.9
8981,0.00011776,7721.7
8982,0.00019501,7722.6
8983,0.00014773,7723.4
8984,0.00020092,7724.2
8985,0.00029521,7725.0
8986,0.00005493,7725.9
8987,0.00004281,7726.7
8988,0.00018984,7727.5
8989,0.00022890,7728.4
8990,0.00010369,7729.2
8991,0.00004387,7730.0
8992,0.00009441,7730.8
8993,0.00029623,7731.7
8994,0.00009206,7732.6
8995,0.00005698,7733.5
8996,0.00004423,7734.3
8997,0.00007827,7735.2
8998,0.00011020,7736.1
8999,0.00024860,7737.0
9000,0.00010301,7737.8
9001,0.00018091,7738.7
9002,0.00004892,7739.6
9003,0.00005419,7740.5
9004,0.00007915,7741.4
9005,0.00032007,7742.2
9006,0.00017924,7743.1
9007,0.00004232,7744.0
9008,0.00004369,7744.9
9009,0.00031605,7745.8
9010,0.00023380,7746.7
9011,0.00005170,7747.5
9012,0.00012175,7748.4
9013,0.00004640,7749.3
9014,0.00007801,7750.2
9015,0.00006121,7751.1
9016,0.00006523,7752.0
9017,0.00017502,7752.8
9018,0.00066686,7753.7
9019,0.00033908,7754.6
9020,0.00004624,7755.5
9021,0.00004437,7756.3
9022,0.00003945,7757.2
9023,0.00013903,7758.1
9024,0.00007055,7759.0
9025,0.00009189,7759.9
9026,0.00005058,7760.8
9027,0.00013154,7761.6
9028,0.00017243,7762.5
9029,0.00016713,7763.4
9030,0.00012450,7764.2
9031,0.00004530,7765.0
9032,0.00005057,7765.9
9033,0.00007630,7766.7
9034,0.00109811,7767.5
9035,0.00010243,7768.3
9036,0.00005807,7769.2
9037,0.00004761,7770.0
9038,0.00005314,7770.8
9039,0.00020657,7771.7
9040,0.00008579,7772.5
9041,0.00005423,7773.3
9042,0.00004970,7774.1
9043,0.00013560,7775.0
9044,0.00011521,7775.8
9045,0.00022355,7776.6
9046,0.00048465,7777.5
9047,0.00006523,7778.3
9048,0.00004535,7779.1
9049,0.00005050,7779.9
9050,0.00005644,7780.8
9051,0.00018821,7781.6
9052,0.00004886,7782.4
9053,0.00008728,7783.3
9054,0.00025744,7784.1
9055,0.00004364,7784.9
9056,0.00008132,7785.7
9057,0.00010755,7786.6
9058,0.00005543,7787.4
9059,0.00021540,7788.2
9060,0.00016258,7789.0
9061,0.00014133,7789.9
9062,0.00007517,7790.7
9063,0.00006249,7791.5
9064,0.00008830,7792.4
9065,0.00005546,7793.3
9066,0.00014039,7794.1
9067,0.00005442,7794.9
9068,0.00009627,7795.7
9069,0.00011161,7796.6
9070,0.00020143,7797.4
9071,0.00007282,7798.2
9072,0.00014739,7799.1
9073,0.00011293,7799.9
9074,0.00007706,7800.7
9075,0.00009075,7801.5
9076,0.00028516,7802.3
9077,0.00006377,7803.2
9078,0.00012573,7804.0
9079,0.00008443,7804.8
9080,0.00004460,7805.6
9081,0.00007609,7806.5
9082,0.00015625,7807.3
9083,0.00016133,7808.1
9084,0.00006496,7808.9
9085,0.00005074,7809.8
9086,0.00034155,7810.6
9087,0.00017717,7811.4
9088,0.00008074,7812.2
9089,0.00006457,7813.1
9090,0.00005195,7813.9
9091,0.00015469,7814.7
9092,0.00008580,7815.5
9093,0.00009231,7816.4
9094,0.00006004,7817.2
9095,0.00025231,7818.0
9096,0.00015356,7818.8
9097,0.00005328,7819.7
9098,0.00011860,7820.5
9099,0.00027908,7821.3
9100,0.00010015,7822.1
9101,0.00005239,7823.0
9102,0.00003991,7823.8
9103,0.00008781,7824.6
9104,0.00010688,7825.4
9105,0.00022168,7826.3
9106,0.00011241,7827.1
9107,0.00006756,7827.9
9108,0.00004496,7828.7
9109,0.00008364,7829.6
9110,0.00016519,7830.4
9111,0.00023850,7831.2
9112,0.00005977,7832.0
9113,0.00004323,7832.9
9114,0.00010029,7833.7
9115,0.00028710,7834.5
9116,0.00020674,7835.3
9117,0.00004587,7836.2
9118,0.00016183,7837.0
9119,0.00017016,7837.8
9120,0.00014116,7838.7
9121,0.00006122,7839.5
9122,0.00006308,7840.3
9123,0.00005561,7841.1
9124,0.00008755,7842.0
9125,0.00034271,7842.8
9126,0.00017074,7843.6
9127,0.00005496,7844.4
9128,0.00004112,7845.3
9129,0.00038813,7846.1
9130,0.00017061,7846.9
9131,0.00004277,7847.8
9132,0.00003921,7848.7
9133,0.00019330,7849.6
9134,0.00012265,7850.4
9135,0.00008786,7851.3
9136,0.00008362,7852.2
9137,0.00015617,7853.1
9138,0.00014925,7854.0
9139,0.00011288,7854.8
9140,0.00027352,7855.7
9141,0.00004281,7856.6
9142,0.00006147,7857.5
9143,0.00005498,7858.3
9144,0.00012169,7859.3
9145,0.00006879,7860.2
9146,0.00027622,7861.0
9147,0.00004592,7861.9
9148,0.00014280,7862.8
9149,0.00010230,7863.7
9150,0.00009626,7864.5
9151,0.00007987,7865.4
9152,0.00007900,7866.3
9153,0.00026775,7867.1
9154,0.00014537,7867.9
9155,0.00015492,7868.7
9156,0.00009230,7869.6
9157,0.00005413,7870.5
9158,0.00023223,7871.4
9159,0.00010739,7872.3
9160,0.00005245,7873.1
9161,0.00004453,7874.0
9162,0.00004038,7874.9
9163,0.00023975,7875.8
9164,0.00013774,7876.6
9165,0.00009622,7877.5
9166,0.00009491,7878.4
9167,0.00007474,7879.3
9168,0.00021160,7880.2
9169,0.00022625,7881.1
9170,0.00007304,7881.9
9171,0.00007936,7882.8
9172,0.00005153,7883.7
9173,0.00004703,7884.6
9174,0.00022331,7885.4
9175,0.00014242,7886.3
9176,0.00036543,7887.2
9177,0.00014487,7888.1
9178,0.00003965,7889.0
9179,0.00003982,7889.9
9180,0.00004743,7890.8
9181,0.00019745,7891.7
9182,0.00017214,7892.5
9183,0.00005453,7893.4
9184,0.00032173,7894.3
9185,0.00008795,7895.2
9186,0.00009017,7896.1
9187,0.00005455,7897.0
9188,0.00010872,7897.8
9189,0.00011800,7898.7
9190,0.00013790,7899.6
9191,0.00010689,7900.5
9192,0.00004601,7901.4
9193,0.00003890,7902.3
9194,0.00011393,7903.2
9195,0.00011346,7904.1
9196,0.00024453,7905.0
9197,0.00013121,7905.9
9198,0.00004439,7906.7
9199,0.00003839,7907.6
9200,0.00015704,7908.5
9201,0.00028783,7909.4
9202,0.00009820,7910.3
9203,0.00016094,7911.1
9204,0.00011382,7912.0
9205,0.00026074,7912.9
9206,0.00006749,7913.8
9207,0.00003803,7914.7
9208,0.00004433,7915.6
9209,0.00008636,7916.5
9210,0.00009860,7917.4
9211,0.00015871,7918.2
9212,0.00005840,7919.1
9213,0.00005706,7920.0
9214,0.00008383,7920.9
9215,0.00021903,7921.7
9216,0.00007411,7922.6
9217,0.00004806,7923.5
9218,0.00011839,7924.4
9219,0.00043340,7925.3
9220,0.00013801,7926.2
9221,0.00005205,7927.0
9222,0.00004237,7927.9
9223,0.00019907,7928.8
9224,0.00011774,7929.7
9225,0.00004821,7930.5
9226,0.00016174,7931.4
9227,0.00020467,7932.3
9228,0.00006501,7933.1
9229,0.00015472,7934.0
9230,0.00005564,7934.9
9231,0.00006314,7935.8
9232,0.00019623,7936.6
9233,0.00012993,7937.5
9234,0.00005583,7938.4
9235,0.00004301,7939.3
9236,0.00010464,7940.1
9237,0.00017655,7941.0
9238,0.00020194,7941.9
9239,0.00007548,7942.8
9240,0.00004081,7943.6
9241,0.00006176,7944.4
9242,0.00030428,7945.2
9243,0.00009474,7946.0
9244,0.00004216,7946.8
9245,0.00008471,7947.7
9246,0.00010826,7948.5
9247,0.00010220,7949.3
9248,0.00004756,7950.1
9249,0.00007160,7951.0
9250,0.00015424,7951.8
9251,0.00013185,7952.6
9252,0.00028483,7953.4
9253,0.00005223,7954.3
9254,0.00004824,7955.1
9255,0.00024943,7955.9
9256,0.00014127,7956.7
9257,0.00012663,7957.5
9258,0.00005251,7958.4
9259,0.00010466,7959.2
9260,0.00004649,7960.0
9261,0.00009266,7960.8
9262,0.00011278,7961.7
9263,0.00005850,7962.5
9264,0.00006863,7963.3
9265,0.00014645,7964.1
9266,0.00008164,7965.0
9267,0.00007284,7965.8
9268,0.00039500,7966.6
9269,0.00008954,7967.4
9270,0.00004591,7968.3
9271,0.00027163,7969.1
9272,0.00006863,7969.9
9273,0.00003849,7970.7
9274,0.00011262,7971.6
9275,0.00015189,7972.5
9276,0.00004078,7973.3
9277,0.00042941,7974.1
9278,0.00017867,7974.9
9279,0.00007370,7975.8
9280,0.00004346,7976.6
9281,0.00017623,7977.4
9282,0.00005871,7978.2
9283,0.00005019,7979.1
9284,0.00009414,7979.9
9285,0.00020109,7980.8
9286,0.00026009,7981.7
9287,0.00015437,7982.6
9288,0.00005997,7983.5
9289,0.00004602,7984.4
9290,0.00004083,7985.2
9291,0.00004885,7986.1
9292,0.00012201,7987.0
9293,0.00013913,7987.9
9294,0.00013554,7988.7
9295,0.00011535,7989.6
9296,0.00007819,7990.5
9297,0.00004191,7991.4
9298,0.00017820,7992.3
9299,0.00023106,7993.2
9300,0.00012349,7994.0
9301,0.00007827,7994.9
9302,0.00007531,7995.8
9303,0.00016163,7996.7
9304,0.00015459,7997.6
9305,0.00005761,7998.4
9306,0.00021802,7999.3
9307,0.00027926,8000.2
9308,0.00009416,8001.1
9309,0.00004111,8002.0
9310,0.00003866,8002.8
9311,0.00003804,8003.7
9312,0.00011354,8004.6
9313,0.00040996,8005.5
9314,0.00032447,8006.3
9315,0.00004450,8007.2
9316,0.00004246,8008.1
9317,0.00008717,8009.0
9318,0.00005438,8009.9
9319,0.00004880,8010.8
9320,0.00005075,8011.7
9321,0.00009163,8012.6
9322,0.00020233,8013.4
9323,0.00011544,8014.3
9324,0.00023744,8015.2
9325,0.00004808,8016.1
9326,0.00016173,8016.9
9327,0.00004208,8017.8
9328,0.00028954,8018.7
9329,0.00038797,8019.6
9330,0.00005642,8020.5
9331,0.00003967,8021.3
9332,0.00005004,8022.2
9333,0.00007822,8023.1
9334,0.00014874,8023.9
9335,0.00005510,8024.8
9336,0.00007130,8025.6
9337,0.00004962,8026.4
9338,0.00021927,8027.3
9339,0.00013047,8028.1
9340,0.00004618,8028.9
9341,0.00017700,8029.7
9342,0.00018347,8030.6
9343,0.00004142,8031.4
9344,0.00014161,8032.2
9345,0.00004992,8033.0
9346,0.00017953,8033.9
9347,0.00013192,8034.7
9348,0.00009062,8035.5
9349,0.00004458,8036.4
9350,0.00003925,8037.2
9351,0.00003652,8038.0
9352,0.00034626,8038.8
9353,0.00009632,8039.7
9354,0.00006651,8040.5
9355,0.00008007,8041.3
9356,0.00013811,8042.2
9357,0.00006018,8043.0
9358,0.00012855,8043.8
9359,0.00028630,8044.7
9360,0.00006432,8045.5
9361,0.00005220,8046.3
9362,0.00008533,8047.1
9363,0.00045538,8048.0
9364,0.00005147,8048.8
9365,0.00003604,8049.6
9366,0.00003947,8050.5
9367,0.00004580,8051.4
9368,0.00008458,8052.2
9369,0.00006108,8053.1
9370,0.00016420,8053.9
9371,0.00006263,8054.8
9372,0.00015878,8055.6
9373,0.00036582,8056.4
9374,0.00007406,8057.2
9375,0.00006213,8058.1
9376,0.00003844,8058.9
9377,0.00012592,8059.7
9378,0.00015341,8060.5
9379,0.00009444,8061.4
9380,0.00022496,8062.2
9381,0.00013813,8063.0
9382,0.00005472,8063.9
9383,0.00004997,8064.8
9384,0.00005356,8065.7
9385,0.00022962,8066.6
9386,0.00003857,8067.4
9387,0.00023123,8068.3
9388,0.00009850,8069.2
9389,0.00015568,8070.1
9390,0.00006752,8071.0
9391,0.00007302,8071.9
9392,0.00015713,8072.8
9393,0.00005093,8073.7
9394,0.00023040,8074.6
9395,0.00005750,8075.4
9396,0.00004715,8076.3
9397,0.00012679,8077.2
9398,0.00039874,8078.1
9399,0.00005070,8079.0
9400,0.00006109,8079.8
9401,0.00005402,8080.7
9402,0.00003934,8081.6
9403,0.00004953,8082.5
9404,0.00025863,8083.4
9405,0.00006340,8084.3
9406,0.00010770,8085.1
9407,0.00014943,8086.0
9408,0.00006430,8086.9
9409,0.00006706,8087.8
9410,0.00011879,8088.7
9411,0.00019882,8089.5
9412,0.00005227,8090.4
9413,0.00006056,8091.3
9414,0.00020592,8092.2
9415,0.00022357,8093.1
9416,0.00012034,8093.9
9417,0.00004403,8094.8
9418,0.00006487,8095.7
9419,0.00036982,8096.6
9420,0.00006112,8097.5
9421,0.00008030,8098.3
9422,0.00011720,8099.2
9423,0.00004064,8100.1
9424,0.00003518,8101.0
9425,0.00032174,8101.9
9426,0.00054120,8102.8
9427,0.00011600,8103.7
9428,0.00004804,8104.5
9429,0.00003927,8105.4
9430,0.00004211,8106.3
9431,0.00036698,8107.2
9432,0.00004705,8108.0
9433,0.00004993,8108.9
9434,0.00006240,8109.8
9435,0.00008863,8110.6
9436,0.00009527,8111.5
9437,0.00037622,8112.4
9438,0.00015749,8113.2
9439,0.00005906,8114.1
9440,0.00005207,8115.0
9441,0.00004054,8115.9
9442,0.00004647,8116.7
9443,0.00011872,8117.6
9444,0.00032693,8118.5
9445,0.00016296,8119.4
9446,0.00004656,8120.2
9447,0.00003917,8121.0
9448,0.00031875,8121.9
9449,0.00026491,8122.7
9450,0.00003745,8123.5
9451,0.00006683,8124.3
9452,0.00006403,8125.2
9453,0.00008832,8126.0
9454,0.00005456,8126.9
9455,0.00032159,8127.7
9456,0.00014865,8128.6
9457,0.00003679,8129.5
9458,0.00008165,8130.4
9459,0.00016672,8131.3
9460,0.00009775,8132.2
9461,0.00005597,8133.1
9462,0.00004360,8133.9
9463,0.00023146,8134.8
9464,0.00016875,8135.7
9465,0.00008323,8136.6
9466,0.00003686,8137.5
9467,0.00004171,8138.3
9468,0.00005761,8139.2
9469,0.00019145,8140.1
9470,0.00016593,8141.0
9471,0.00023654,8141.9
9472,0.00026274,8142.7
9473,0.00006461,8143.6
9474,0.00006529,8144.5
9475,0.00003677,8145.4
9476,0.00017630,8146.3
9477,0.00013754,8147.2
9478,0.00007320,8148.0
9479,0.00003639,8148.8
9480,0.00009459,8149.6
9481,0.00028833,8150.5
9482,0.00004840,8151.3
9483,0.00004843,8152.1
9484,0.00004459,8152.9
9485,0.00007165,8153.8
9486,0.00024076,8154.6
9487,0.00018870,8155.4
9488,0.00008657,8156.2
9489,0.00005029,8157.1
9490,0.00003911,8157.9
9491,0.00005321,8158.7
9492,0.00032890,8159.6
9493,0.00012079,8160.5
9494,0.00005883,8161.4
9495,0.00022963,8162.2
9496,0.00005491,8163.1
9497,0.00005034,8164.0
9498,0.00011345,8164.9
9499,0.00004311,8165.8
9500,0.00025362,8166.6
9501,0.00008297,8167.6
9502,0.00005764,8168.5
9503,0.00004441,8169.4
9504,0.00005219,8170.3
9505,0.00029968,8171.2
9506,0.00023691,8172.0
9507,0.00004378,8172.9
9508,0.00008316,8173.8
9509,0.00009300,8174.7
9510,0.00008247,8175.6
9511,0.00004107,8176.4
9512,0.00005439,8177.3
9513,0.00009191,8178.2
9514,0.00037485,8179.1
9515,0.00005389,8180.0
9516,0.00004334,8180.8
9517,0.00007567,8181.7
9518,0.00006167,8182.6
9519,0.00032107,8183.4
9520,0.00011627,8184.3
9521,0.00004399,8185.2
9522,0.00007909,8186.1
9523,0.00007057,8187.0
9524,0.00025584,8187.9
9525,0.00004534,8188.8
9526,0.00004589,8189.7
9527,0.00022919,8190.5
9528,0.00017911,8191.4
9529,0.00004366,8192.3
9530,0.00004410,8193.2
9531,0.00004660,8194.0
9532,0.00029668,8194.9
9533,0.00015193,8195.9
9534,0.00024759,8196.7
9535,0.00006345,8197.6
9536,0.00005733,8198.5
9537,0.00003882,8199.4
9538,0.00006837,8200.3
9539,0.00006233,8201.1
9540,0.00010613,8202.0
9541,0.00032126,8202.9
9542,0.00006008,8203.8
9543,0.00063802,8204.7
9544,0.00004987,8205.5
9545,0.00003721,8206.4
9546,0.00003943,8207.3
9547,0.00003614,8208.2
9548,0.00005353,8209.0
9549,0.00014322,8209.9
9550,0.00028973,8210.8
9551,0.00021594,8211.7
9552,0.00006457,8212.6
9553,0.00005337,8213.4
9554,0.00009873,8214.3
9555,0.00025762,8215.2
9556,0.00005286,8216.1
9557,0.00005855,8217.0
9558,0.00009773,8217.9
9559,0.00018733,8218.8
9560,0.00013739,8219.6
9561,0.00009294,8220.5
9562,0.00004706,8221.4
9563,0.00004127,8222.3
9564,0.00004420,8223.2
9565,0.00008153,8224.0
9566,0.00015777,8224.9
9567,0.00045810,8225.8
9568,0.00008295,8226.7
9569,0.00004571,8227.6
9570,0.00010141,8228.5
9571,0.00006031,8229.4
9572,0.00011283,8230.2
9573,0.00010244,8231.1
9574,0.00004271,8232.0
9575,0.00006264,8232.9
9576,0.00006843,8233.8
9577,0.00043447,8234.7
9578,0.00010185,8235.5
9579,0.00004194,8236.4
9580,0.00006042,8237.3
9581,0.00017315,8238.2
9582,0.00004019,8239.1
9583,0.00012217,8240.0
9584,0.00024780,8240.8
9585,0.00021917,8241.7
9586,0.00007333,8242.5
9587,0.00006682,8243.4
9588,0.00005726,8244.2
9589,0.00005409,8245.0
9590,0.00018941,8245.8
9591,0.00009330,8246.7
9592,0.00004896,8247.5
9593,0.00022214,8248.4
9594,0.00011016,8249.2
9595,0.00009608,8250.0
9596,0.00004024,8250.8
9597,0.00015425,8251.7
9598,0.00014319,8252.5
9599,0.00004400,8253.4
9600,0.00005873,8254.3
9601,0.00004632,8255.2
9602,0.00010924,8256.1
9603,0.00013838,8256.9
9604,0.00005115,8257.8
9605,0.00032089,8258.7
9606,0.00007728,8259.6
9607,0.00005297,8260.5
9608,0.00004080,8261.3
9609,0.00010471,8262.2
9610,0.00059619,8263.2
9611,0.00004153,8264.0
9612,0.00003478,8264.9
9613,0.00003545,8265.8
9614,0.00004607,8266.7
9615,0.00011623,8267.5
9616,0.00027305,8268.4
9617,0.00008695,8269.3
9618,0.00005218,8270.2
9619,0.00005336,8271.1
9620,0.00014674,8271.9
9621,0.00017429,8272.8
9622,0.00005223,8273.7
9623,0.00044497,8274.6
9624,0.00005686,8275.5
9625,0.00008956,8276.3
9626,0.00006467,8277.2
9627,0.00012466,8278.1
9628,0.00004151,8279.0
9629,0.00004133,8279.9
9630,0.00004807,8280.8
9631,0.00038583,8281.7
9632,0.00004468,8282.6
9633,0.00004445,8283.5
9634,0.00004347,8284.3
9635,0.00009134,8285.2
9636,0.00042531,8286.1
9637,0.00013564,8286.9
9638,0.00005486,8287.7
9639,0.00004363,8288.5
9640,0.00004173,8289.4
9641,0.00003950,8290.2
9642,0.00012028,8291.0
9643,0.00008751,8291.8
9644,0.00015108,8292.7
9645,0.00010582,8293.5
9646,0.00005483,8294.4
9647,0.00010702,8295.2
9648,0.00010767,8296.1
9649,0.00005940,8297.0
9650,0.00016328,8297.9
9651,0.00005703,8298.8
9652,0.00007010,8299.7
9653,0.00037583,8300.6
9654,0.00006774,8301.4
9655,0.00003543,8302.3
9656,0.00005682,8303.2
9657,0.00023065,8304.1
9658,0.00015222,8304.9
9659,0.00003975,8305.8
9660,0.00005309,8306.7
9661,0.00012435,8307.6
9662,0.00042950,8308.5
9663,0.00005928,8309.3
9664,0.00005725,8310.2
9665,0.00003916,8311.1
9666,0.00003420,8312.0
9667,0.00003618,8312.9
9668,0.00011105,8313.8
9669,0.00009564,8314.7
9670,0.00050006,8315.5
9671,0.00019493,8316.4
9672,0.00010188,8317.3
9673,0.00003873,8318.2
9674,0.00003609,8319.1
9675,0.00004154,8319.9
9676,0.00039591,8320.9
9677,0.00006707,8321.8
9678,0.00006110,8322.6
9679,0.00003652,8323.5
9680,0.00014535,8324.4
9681,0.00008194,8325.3
9682,0.00005163,8326.1
9683,0.00014387,8327.0
9684,0.00004519,8327.9
9685,0.00004028,8328.8
9686,0.00005004,8329.7
9687,0.00016556,8330.6
9688,0.00022570,8331.5
9689,0.00005474,8332.3
9690,0.00017985,8333.2
9691,0.00012717,8334.0
9692,0.00007651,8334.8
9693,0.00006181,8335.7
9694,0.00016326,8336.5
9695,0.00020365,8337.3
9696,0.00005933,8338.1
9697,0.00005032,8339.0
9698,0.00006026,8339.8
9699,0.00011612,8340.7
9700,0.00006344,8341.5
9701,0.00032241,8342.3
9702,0.00021077,8343.2
9703,0.00004093,8344.1
9704,0.00003551,8344.9
9705,0.00010111,8345.9
9706,0.00008350,8346.8
9707,0.00007077,8347.6
9708,0.00003655,8348.5
9709,0.00006130,8349.4
9710,0.00005329,8350.3
9711,0.00038195,8351.2
9712,0.00007059,8352.0
9713,0.00007788,8352.9
9714,0.00008049,8353.8
9715,0.00012396,8354.7
9716,0.00007359,8355.6
9717,0.00006411,8356.5
9718,0.00004165,8357.4
9719,0.00011546,8358.3
9720,0.00007054,8359.1
9721,0.00008771,8360.0
9722,0.00007696,8360.9
9723,0.00029547,8361.8
9724,0.00007932,8362.7
9725,0.00021666,8363.6
9726,0.00003886,8364.5
9727,0.00006614,8365.3
9728,0.00005366,8366.2
9729,0.00009625,8367.1
9730,0.00031380,8368.0
9731,0.00011494,8368.8
9732,0.00004940,8369.7
9733,0.00003984,8370.6
9734,0.00004588,8371.5
9735,0.00004114,8372.4
9736,0.00016353,8373.2
9737,0.00015902,8374.1
9738,0.00005453,8374.9
9739,0.00011565,8375.7
9740,0.00026025,8376.6
9741,0.00009197,8377.4
9742,0.00004166,8378.2
9743,0.00005661,8379.0
9744,0.00033961,8379.8
9745,0.00011534,8380.7
9746,0.00005823,8381.5
9747,0.00003582,8382.3
9748,0.00003692,8383.2
9749,0.00004740,8384.0
9750,0.00031307,8384.8
9751,0.00019947,8385.7
9752,0.00005497,8386.5
9753,0.00003528,8387.3
9754,0.00012826,8388.2
9755,0.00004111,8389.0
9756,0.00004128,8389.8
9757,0.00026338,8390.6
9758,0.00010647,8391.5
9759,0.00004913,8392.3
9760,0.00017936,8393.1
9761,0.00009318,8393.9
9762,0.00005649,8394.8
9763,0.00008046,8395.6
9764,0.00004726,8396.4
9765,0.00006366,8397.3
9766,0.00009072,8398.1
9767,0.00008175,8398.9
9768,0.00027745,8399.7
9769,0.00006263,8400.6
9770,0.00004998,8401.4
9771,0.00008833,8402.2
9772,0.00036333,8403.1
9773,0.00006055,8403.9
9774,0.00004209,8404.7
9775,0.00011896,8405.6
9776,0.00013136,8406.4
9777,0.00016526,8407.2
9778,0.00005674,8408.1
9779,0.00003597,8409.0
9780,0.00006836,8409.9
9781,0.00011656,8410.7
9782,0.00009050,8411.6
9783,0.00022374,8412.4
9784,0.00011128,8413.2
9785,0.00004498,8414.1
9786,0.00005857,8414.9
9787,0.00005107,8415.8
9788,0.00005455,8416.6
9789,0.00022710,8417.6
9790,0.00011351,8418.4
9791,0.00009248,8419.3
9792,0.00009364,8420.2
9793,0.00003712,8421.1
9794,0.00004581,8422.0
9795,0.00011833,8422.8
9796,0.00028538,8423.7
9797,0.00007365,8424.6
9798,0.00007769,8425.5
9799,0.00005488,8426.4
9800,0.00007367,8427.3
9801,0.00006214,8428.2
9802,0.00028018,8429.0
9803,0.00013807,8429.9
9804,0.00003607,8430.8
9805,0.00006879,8431.6
9806,0.00009003,8432.5
9807,0.00004621,8433.3
9808,0.00016839,8434.1
9809,0.00017393,8434.9
9810,0.00009598,8435.8
9811,0.00003734,8436.6
9812,0.00008077,8437.4
9813,0.00015127,8438.3
9814,0.00004303,8439.1
9815,0.00004749,8439.9
9816,0.00040059,8440.7
9817,0.00005266,8441.6
9818,0.00007403,8442.4
9819,0.00004056,8443.2
9820,0.00005300,8444.0
9821,0.00011366,8444.9
9822,0.00004683,8445.7
9823,0.00011531,8446.5
9824,0.00009590,8447.4
9825,0.00018999,8448.2
9826,0.00015282,8449.0
9827,0.00006603,8449.9
9828,0.00004822,8450.7
9829,0.00015696,8451.5
9830,0.00013358,8452.3
9831,0.00008314,8453.2
9832,0.00003610,8454.0
9833,0.00003826,8454.8
9834,0.00013743,8455.6
9835,0.00011487,8456.5
9836,0.00022956,8457.3
9837,0.00023790,8458.1
9838,0.00004048,8459.0
9839,0.00004095,8459.8
9840,0.00005600,8460.6
9841,0.00010205,8461.5
9842,0.00004432,8462.3
9843,0.00004410,8463.1
9844,0.00008840,8463.9
9845,0.00026014,8464.8
9846,0.00018533,8465.6
9847,0.00006096,8466.5
9848,0.00011153,8467.3
9849,0.00016013,8468.1
9850,0.00003641,8469.0
9851,0.00010625,8469.9
9852,0.00011382,8470.8
9853,0.00004326,8471.6
9854,0.00006539,8472.4
9855,0.00043670,8473.3
9856,0.00007108,8474.1
9857,0.00008923,8475.0
9858,0.00003866,8475.9
9859,0.00004335,8476.7
9860,0.00069705,8477.6
9861,0.00012225,8478.5
9862,0.00005525,8479.4
9863,0.00007768,8480.3
9864,0.00006353,8481.1
9865,0.00003717,8482.0
9866,0.00008172,8482.8
9867,0.00012214,8483.6
9868,0.00013009,8484.5
9869,0.00004176,8485.3
9870,0.00011991,8486.1
9871,0.00016410,8486.9
9872,0.00009190,8487.8
9873,0.00004642,8488.6
9874,0.00006055,8489.4
9875,0.00004909,8490.2
9876,0.00043890,8491.1
9877,0.00006316,8492.0
9878,0.00006579,8492.8
9879,0.00005176,8493.7
9880,0.00008972,8494.6
9881,0.00009715,8495.5
9882,0.00009547,8496.4
9883,0.00058284,8497.3
9884,0.00007615,8498.1
9885,0.00007947,8499.0
9886,0.00005147,8499.9
9887,0.00003336,8500.8
9888,0.00009306,8501.7
9889,0.00012387,8502.5
9890,0.00010287,8503.4
9891,0.00004090,8504.3
9892,0.00007571,8505.2
9893,0.00022530,8506.1
9894,0.00004969,8506.9
9895,0.00003369,8507.8
9896,0.00006371,8508.7
9897,0.00030768,8509.6
9898,0.00021520,8510.5
9899,0.00004402,8511.4
9900,0.00004973,8512.3
9901,0.00011843,8513.2
9902,0.00008508,8514.1
9903,0.00004061,8515.0
9904,0.00003980,8515.8
9905,0.00010201,8516.7
9906,0.00005619,8517.6
9907,0.00010438,8518.5
9908,0.00008173,8519.3
9909,0.00003420,8520.2
9910,0.00004673,8521.1
9911,0.00022596,8521.9
9912,0.00017909,8522.7
9913,0.00003624,8523.5
9914,0.00011287,8524.3
9915,0.00008453,8525.2
9916,0.00005480,8526.0
9917,0.00025866,8526.8
9918,0.00012485,8527.6
9919,0.00003742,8528.5
9920,0.00004419,8529.3
9921,0.00007216,8530.1
9922,0.00006241,8530.9
9923,0.00041369,8531.8
9924,0.00006363,8532.6
9925,0.00004236,8533.4
9926,0.00012460,8534.3
9927,0.00015762,8535.1
9928,0.00003747,8535.9
9929,0.00005397,8536.7
9930,0.00005346,8537.6
9931,0.00004397,8538.5
9932,0.00010679,8539.3
9933,0.00016949,8540.2
9934,0.00010401,8541.0
9935,0.00008658,8541.9
9936,0.00013678,8542.7
9937,0.00009208,8543.5
9938,0.00005530,8544.4
9939,0.00018707,8545.2
9940,0.00008516,8546.0
9941,0.00006041,8546.8
9942,0.00006648,8547.7
9943,0.00025199,8548.5
9944,0.00014073,8549.3
9945,0.00004036,8550.1
9946,0.00004982,8551.0
9947,0.00003996,8551.8
9948,0.00035677,8552.6
9949,0.00007264,8553.5
9950,0.00003859,8554.3
9951,0.00005759,8555.1
9952,0.00007685,8555.9
9953,0.00016871,8556.8
9954,0.00014031,8557.6
9955,0.00013516,8558.4
9956,0.00005474,8559.2
9957,0.00012299,8560.1
9958,0.00021586,8560.9
9959,0.00003684,8561.7
9960,0.00011198,8562.6
9961,0.00006182,8563.4
9962,0.00005651,8564.2
9963,0.00004929,8565.0
9964,0.00016911,8565.9
9965,0.00004250,8566.7
9966,0.00028163,8567.5
9967,0.00011369,8568.4
9968,0.00004716,8569.2
9969,0.00006354,8570.0
9970,0.00008025,8570.8
9971,0.00022189,8571.6
9972,0.00008641,8572.5
9973,0.00008414,8573.3
9974,0.00033327,8574.1
9975,0.00006503,8574.9
9976,0.00003688,8575.8
9977,0.00004992,8576.6
9978,0.00003825,8577.5
9979,0.00005311,8578.3
9980,0.00016865,8579.1
9981,0.00009406,8579.9
9982,0.00005205,8580.8
9983,0.00034503,8581.6
9984,0.00005326,8582.5
9985,0.00004716,8583.4
9986,0.00006468,8584.3
9987,0.00005886,8585.2
9988,0.00008494,8586.1
9989,0.00021535,8586.9
9990,0.00004265,8587.8
9991,0.00008264,8588.7
9992,0.00018324,8589.6
9993,0.00029052,8590.4
9994,0.00009035,8591.3
9995,0.00007745,8592.2
9996,0.00005154,8593.1
9997,0.00006554,8594.0
9998,0.00019231,8594.8
9999,0.00006773,8595.7
10000,0.00006855,8596.6
